server,source,monthlyInstalls,tool,probe,status,code,claim,trace
@modelcontextprotocol/server-filesystem,npm:@modelcontextprotocol/server-filesystem,2334928,create_directory,concurrency,pass,concurrent-matches-sequential,4 overlapping calls left the same shape of state as the same 4 calls run one at a time.,runs/census-conc/filesystem-dt-census-1.dt.jsonl
@modelcontextprotocol/server-filesystem,npm:@modelcontextprotocol/server-filesystem,2334928,directory_tree,concurrency,skip,read-only-confirmed,"The tool declares readOnlyHint, so overlapping calls have nothing to corrupt.",runs/census-conc/filesystem-dt-census-1.dt.jsonl
@modelcontextprotocol/server-filesystem,npm:@modelcontextprotocol/server-filesystem,2334928,edit_file,concurrency,pass,concurrent-matches-sequential,4 overlapping calls left the same shape of state as the same 4 calls run one at a time.,runs/census-conc/filesystem-dt-census-1.dt.jsonl
@modelcontextprotocol/server-filesystem,npm:@modelcontextprotocol/server-filesystem,2334928,get_file_info,concurrency,skip,read-only-confirmed,"The tool declares readOnlyHint, so overlapping calls have nothing to corrupt.",runs/census-conc/filesystem-dt-census-1.dt.jsonl
@modelcontextprotocol/server-filesystem,npm:@modelcontextprotocol/server-filesystem,2334928,list_allowed_directories,concurrency,skip,read-only-confirmed,"The tool declares readOnlyHint, so overlapping calls have nothing to corrupt.",runs/census-conc/filesystem-dt-census-1.dt.jsonl
@modelcontextprotocol/server-filesystem,npm:@modelcontextprotocol/server-filesystem,2334928,list_directory,concurrency,skip,read-only-confirmed,"The tool declares readOnlyHint, so overlapping calls have nothing to corrupt.",runs/census-conc/filesystem-dt-census-1.dt.jsonl
@modelcontextprotocol/server-memory,npm:@modelcontextprotocol/server-memory,364588,add_observations,concurrency,skip,call-failed,"No call succeeded even one at a time, so there is no correct behaviour to compare against.",runs/census-conc/memory-dt-census-1.dt.jsonl
@modelcontextprotocol/server-memory,npm:@modelcontextprotocol/server-memory,364588,create_entities,concurrency,pass,concurrent-matches-sequential,4 overlapping calls left the same shape of state as the same 4 calls run one at a time.,runs/census-conc/memory-dt-census-1.dt.jsonl
@modelcontextprotocol/server-memory,npm:@modelcontextprotocol/server-memory,364588,create_relations,concurrency,pass,concurrent-matches-sequential,4 overlapping calls left the same shape of state as the same 4 calls run one at a time.,runs/census-conc/memory-dt-census-1.dt.jsonl
@modelcontextprotocol/server-memory,npm:@modelcontextprotocol/server-memory,364588,delete_entities,concurrency,skip,no-observable-effect,"Calls succeed but leave nothing this oracle can see, so overlapping them cannot be judged.",runs/census-conc/memory-dt-census-1.dt.jsonl
@modelcontextprotocol/server-memory,npm:@modelcontextprotocol/server-memory,364588,delete_observations,concurrency,skip,no-observable-effect,"Calls succeed but leave nothing this oracle can see, so overlapping them cannot be judged.",runs/census-conc/memory-dt-census-1.dt.jsonl
@modelcontextprotocol/server-memory,npm:@modelcontextprotocol/server-memory,364588,delete_relations,concurrency,skip,no-observable-effect,"Calls succeed but leave nothing this oracle can see, so overlapping them cannot be judged.",runs/census-conc/memory-dt-census-1.dt.jsonl
@modelcontextprotocol/server-everything,npm:@modelcontextprotocol/server-everything,800463,echo,concurrency,skip,read-only-confirmed,"The tool declares readOnlyHint, so overlapping calls have nothing to corrupt.",runs/census-conc/everything-dt-census-1.dt.jsonl
@modelcontextprotocol/server-everything,npm:@modelcontextprotocol/server-everything,800463,get-annotated-message,concurrency,skip,read-only-confirmed,"The tool declares readOnlyHint, so overlapping calls have nothing to corrupt.",runs/census-conc/everything-dt-census-1.dt.jsonl
@modelcontextprotocol/server-everything,npm:@modelcontextprotocol/server-everything,800463,get-env,concurrency,skip,read-only-confirmed,"The tool declares readOnlyHint, so overlapping calls have nothing to corrupt.",runs/census-conc/everything-dt-census-1.dt.jsonl
@modelcontextprotocol/server-everything,npm:@modelcontextprotocol/server-everything,800463,get-resource-links,concurrency,skip,read-only-confirmed,"The tool declares readOnlyHint, so overlapping calls have nothing to corrupt.",runs/census-conc/everything-dt-census-1.dt.jsonl
@modelcontextprotocol/server-everything,npm:@modelcontextprotocol/server-everything,800463,get-resource-reference,concurrency,skip,read-only-confirmed,"The tool declares readOnlyHint, so overlapping calls have nothing to corrupt.",runs/census-conc/everything-dt-census-1.dt.jsonl
@modelcontextprotocol/server-everything,npm:@modelcontextprotocol/server-everything,800463,get-roots-list,concurrency,skip,read-only-confirmed,"The tool declares readOnlyHint, so overlapping calls have nothing to corrupt.",runs/census-conc/everything-dt-census-1.dt.jsonl
@upstash/context7-mcp,npm:@upstash/context7-mcp@4.0.4,3992771,query-docs,concurrency,skip,read-only-confirmed,"The tool declares readOnlyHint, so overlapping calls have nothing to corrupt.",runs/census-conc/upstash-context7-mcp-dt-census-1.dt.jsonl
@upstash/context7-mcp,npm:@upstash/context7-mcp@4.0.4,3992771,resolve-library-id,concurrency,skip,read-only-confirmed,"The tool declares readOnlyHint, so overlapping calls have nothing to corrupt.",runs/census-conc/upstash-context7-mcp-dt-census-1.dt.jsonl
@notionhq/notion-mcp-server,npm:@notionhq/notion-mcp-server@2.5.1,712988,API-create-a-comment,concurrency,pass,concurrent-matches-sequential,4 overlapping calls left the same shape of state as the same 4 calls run one at a time.,runs/census-conc/notionhq-notion-mcp-server-dt-census-1.dt.jsonl
@notionhq/notion-mcp-server,npm:@notionhq/notion-mcp-server@2.5.1,712988,API-create-a-data-source,concurrency,pass,concurrent-matches-sequential,4 overlapping calls left the same shape of state as the same 4 calls run one at a time.,runs/census-conc/notionhq-notion-mcp-server-dt-census-1.dt.jsonl
@notionhq/notion-mcp-server,npm:@notionhq/notion-mcp-server@2.5.1,712988,API-delete-a-block,concurrency,pass,concurrent-matches-sequential,4 overlapping calls left the same shape of state as the same 4 calls run one at a time.,runs/census-conc/notionhq-notion-mcp-server-dt-census-1.dt.jsonl
@notionhq/notion-mcp-server,npm:@notionhq/notion-mcp-server@2.5.1,712988,API-get-block-children,concurrency,skip,read-only-confirmed,"The tool declares readOnlyHint, so overlapping calls have nothing to corrupt.",runs/census-conc/notionhq-notion-mcp-server-dt-census-1.dt.jsonl
@notionhq/notion-mcp-server,npm:@notionhq/notion-mcp-server@2.5.1,712988,API-get-self,concurrency,skip,read-only-confirmed,"The tool declares readOnlyHint, so overlapping calls have nothing to corrupt.",runs/census-conc/notionhq-notion-mcp-server-dt-census-1.dt.jsonl
@notionhq/notion-mcp-server,npm:@notionhq/notion-mcp-server@2.5.1,712988,API-get-user,concurrency,skip,read-only-confirmed,"The tool declares readOnlyHint, so overlapping calls have nothing to corrupt.",runs/census-conc/notionhq-notion-mcp-server-dt-census-1.dt.jsonl
n8n-mcp,npm:n8n-mcp@2.79.1,580659,get_node,concurrency,skip,read-only-confirmed,"The tool declares readOnlyHint, so overlapping calls have nothing to corrupt.",runs/census-conc/n8n-mcp-dt-census-1.dt.jsonl
n8n-mcp,npm:n8n-mcp@2.79.1,580659,get_template,concurrency,skip,read-only-confirmed,"The tool declares readOnlyHint, so overlapping calls have nothing to corrupt.",runs/census-conc/n8n-mcp-dt-census-1.dt.jsonl
n8n-mcp,npm:n8n-mcp@2.79.1,580659,n8n_audit_instance,concurrency,skip,read-only-confirmed,"The tool declares readOnlyHint, so overlapping calls have nothing to corrupt.",runs/census-conc/n8n-mcp-dt-census-1.dt.jsonl
n8n-mcp,npm:n8n-mcp@2.79.1,580659,n8n_autofix_workflow,concurrency,skip,no-observable-effect,"Calls succeed but leave nothing this oracle can see, so overlapping them cannot be judged.",runs/census-conc/n8n-mcp-dt-census-1.dt.jsonl
n8n-mcp,npm:n8n-mcp@2.79.1,580659,n8n_create_workflow,concurrency,pass,concurrent-matches-sequential,4 overlapping calls left the same shape of state as the same 4 calls run one at a time.,runs/census-conc/n8n-mcp-dt-census-1.dt.jsonl
n8n-mcp,npm:n8n-mcp@2.79.1,580659,n8n_delete_workflow,concurrency,skip,no-observable-effect,"Calls succeed but leave nothing this oracle can see, so overlapping them cannot be judged.",runs/census-conc/n8n-mcp-dt-census-1.dt.jsonl
@modelcontextprotocol/server-pdf,npm:@modelcontextprotocol/server-pdf@1.7.5,553889,display_pdf,concurrency,skip,no-observable-effect,"Calls succeed but leave nothing this oracle can see, so overlapping them cannot be judged.",runs/census-conc/modelcontextprotocol-server-pdf-dt-census-1.dt.jsonl
@modelcontextprotocol/server-pdf,npm:@modelcontextprotocol/server-pdf@1.7.5,553889,interact,concurrency,skip,call-failed,"No call succeeded even one at a time, so there is no correct behaviour to compare against.",runs/census-conc/modelcontextprotocol-server-pdf-dt-census-1.dt.jsonl
@modelcontextprotocol/server-pdf,npm:@modelcontextprotocol/server-pdf@1.7.5,553889,list_pdfs,concurrency,skip,no-observable-effect,"Calls succeed but leave nothing this oracle can see, so overlapping them cannot be judged.",runs/census-conc/modelcontextprotocol-server-pdf-dt-census-1.dt.jsonl
@modelcontextprotocol/server-pdf,npm:@modelcontextprotocol/server-pdf@1.7.5,553889,poll_pdf_commands,concurrency,skip,call-failed,"No call succeeded even one at a time, so there is no correct behaviour to compare against.",runs/census-conc/modelcontextprotocol-server-pdf-dt-census-1.dt.jsonl
@modelcontextprotocol/server-pdf,npm:@modelcontextprotocol/server-pdf@1.7.5,553889,read_pdf_bytes,concurrency,skip,call-failed,"No call succeeded even one at a time, so there is no correct behaviour to compare against.",runs/census-conc/modelcontextprotocol-server-pdf-dt-census-1.dt.jsonl
@modelcontextprotocol/server-pdf,npm:@modelcontextprotocol/server-pdf@1.7.5,553889,save_pdf,concurrency,skip,call-failed,"No call succeeded even one at a time, so there is no correct behaviour to compare against.",runs/census-conc/modelcontextprotocol-server-pdf-dt-census-1.dt.jsonl
hostinger-api-mcp,npm:hostinger-api-mcp@1.55.0,526419,agency-hosting_buildWebsiteNodeJSAssetsV1,concurrency,pass,concurrent-matches-sequential,4 overlapping calls left the same shape of state as the same 4 calls run one at a time.,runs/census-conc/hostinger-api-mcp-dt-census-1.dt.jsonl
hostinger-api-mcp,npm:hostinger-api-mcp@1.55.0,526419,agency-hosting_changeWebsiteDomainV1,concurrency,pass,concurrent-matches-sequential,4 overlapping calls left the same shape of state as the same 4 calls run one at a time.,runs/census-conc/hostinger-api-mcp-dt-census-1.dt.jsonl
hostinger-api-mcp,npm:hostinger-api-mcp@1.55.0,526419,agency-hosting_changeWordPressVersionV1,concurrency,pass,concurrent-matches-sequential,4 overlapping calls left the same shape of state as the same 4 calls run one at a time.,runs/census-conc/hostinger-api-mcp-dt-census-1.dt.jsonl
hostinger-api-mcp,npm:hostinger-api-mcp@1.55.0,526419,agency-hosting_clearWebsiteCacheV1,concurrency,pass,concurrent-matches-sequential,4 overlapping calls left the same shape of state as the same 4 calls run one at a time.,runs/census-conc/hostinger-api-mcp-dt-census-1.dt.jsonl
hostinger-api-mcp,npm:hostinger-api-mcp@1.55.0,526419,agency-hosting_createANewWebsiteV1,concurrency,pass,concurrent-matches-sequential,4 overlapping calls left the same shape of state as the same 4 calls run one at a time.,runs/census-conc/hostinger-api-mcp-dt-census-1.dt.jsonl
hostinger-api-mcp,npm:hostinger-api-mcp@1.55.0,526419,agency-hosting_createWebsiteCronJobV1,concurrency,pass,concurrent-matches-sequential,4 overlapping calls left the same shape of state as the same 4 calls run one at a time.,runs/census-conc/hostinger-api-mcp-dt-census-1.dt.jsonl
comfyui-mcp,npm:comfyui-mcp@0.52.180,519525,apply_manifest,concurrency,skip,call-failed,"No call succeeded even one at a time, so there is no correct behaviour to compare against.",runs/census-conc/comfyui-mcp-dt-census-1.dt.jsonl
comfyui-mcp,npm:comfyui-mcp@0.52.180,519525,apps,concurrency,skip,no-observable-effect,"Calls succeed but leave nothing this oracle can see, so overlapping them cannot be judged.",runs/census-conc/comfyui-mcp-dt-census-1.dt.jsonl
comfyui-mcp,npm:comfyui-mcp@0.52.180,519525,batch,concurrency,skip,call-failed,"No call succeeded even one at a time, so there is no correct behaviour to compare against.",runs/census-conc/comfyui-mcp-dt-census-1.dt.jsonl
comfyui-mcp,npm:comfyui-mcp@0.52.180,519525,bisect,concurrency,skip,call-failed,"No call succeeded even one at a time, so there is no correct behaviour to compare against.",runs/census-conc/comfyui-mcp-dt-census-1.dt.jsonl
comfyui-mcp,npm:comfyui-mcp@0.52.180,519525,calculate,concurrency,skip,no-observable-effect,"Calls succeed but leave nothing this oracle can see, so overlapping them cannot be judged.",runs/census-conc/comfyui-mcp-dt-census-1.dt.jsonl
comfyui-mcp,npm:comfyui-mcp@0.52.180,519525,call_tool,concurrency,skip,call-failed,"No call succeeded even one at a time, so there is no correct behaviour to compare against.",runs/census-conc/comfyui-mcp-dt-census-1.dt.jsonl
@modelcontextprotocol/server-sequential-thinking,npm:@modelcontextprotocol/server-sequential-thinking@2026.8.31,484365,sequentialthinking,concurrency,skip,read-only-confirmed,"The tool declares readOnlyHint, so overlapping calls have nothing to corrupt.",runs/census-conc/modelcontextprotocol-server-sequential-thinking-dt-census-1.dt.jsonl
@ui5/mcp-server,npm:@ui5/mcp-server@0.2.18,419971,create_integration_card,concurrency,skip,call-failed,"No call succeeded even one at a time, so there is no correct behaviour to compare against.",runs/census-conc/ui5-mcp-server-dt-census-1.dt.jsonl
@ui5/mcp-server,npm:@ui5/mcp-server@0.2.18,419971,create_ui5_app,concurrency,skip,call-failed,"No call succeeded even one at a time, so there is no correct behaviour to compare against.",runs/census-conc/ui5-mcp-server-dt-census-1.dt.jsonl
@ui5/mcp-server,npm:@ui5/mcp-server@0.2.18,419971,get_api_reference,concurrency,skip,read-only-confirmed,"The tool declares readOnlyHint, so overlapping calls have nothing to corrupt.",runs/census-conc/ui5-mcp-server-dt-census-1.dt.jsonl
@ui5/mcp-server,npm:@ui5/mcp-server@0.2.18,419971,get_guidelines,concurrency,skip,read-only-confirmed,"The tool declares readOnlyHint, so overlapping calls have nothing to corrupt.",runs/census-conc/ui5-mcp-server-dt-census-1.dt.jsonl
@ui5/mcp-server,npm:@ui5/mcp-server@0.2.18,419971,get_integration_cards_guidelines,concurrency,skip,read-only-confirmed,"The tool declares readOnlyHint, so overlapping calls have nothing to corrupt.",runs/census-conc/ui5-mcp-server-dt-census-1.dt.jsonl
@ui5/mcp-server,npm:@ui5/mcp-server@0.2.18,419971,get_project_info,concurrency,skip,read-only-confirmed,"The tool declares readOnlyHint, so overlapping calls have nothing to corrupt.",runs/census-conc/ui5-mcp-server-dt-census-1.dt.jsonl
@azure-devops/mcp,npm:@azure-devops/mcp@2.9.0,389884,advsec_get_alert_details,concurrency,skip,call-failed,"No call succeeded even one at a time, so there is no correct behaviour to compare against.",runs/census-conc/azure-devops-mcp-dt-census-1.dt.jsonl
@azure-devops/mcp,npm:@azure-devops/mcp@2.9.0,389884,advsec_get_alerts,concurrency,skip,call-failed,"No call succeeded even one at a time, so there is no correct behaviour to compare against.",runs/census-conc/azure-devops-mcp-dt-census-1.dt.jsonl
@azure-devops/mcp,npm:@azure-devops/mcp@2.9.0,389884,core_get_identity_ids,concurrency,skip,call-failed,"No call succeeded even one at a time, so there is no correct behaviour to compare against.",runs/census-conc/azure-devops-mcp-dt-census-1.dt.jsonl
@azure-devops/mcp,npm:@azure-devops/mcp@2.9.0,389884,core_list_project_teams,concurrency,skip,call-failed,"No call succeeded even one at a time, so there is no correct behaviour to compare against.",runs/census-conc/azure-devops-mcp-dt-census-1.dt.jsonl
@azure-devops/mcp,npm:@azure-devops/mcp@2.9.0,389884,core_list_projects,concurrency,skip,call-failed,"No call succeeded even one at a time, so there is no correct behaviour to compare against.",runs/census-conc/azure-devops-mcp-dt-census-1.dt.jsonl
@azure-devops/mcp,npm:@azure-devops/mcp@2.9.0,389884,pipelines_artifact,concurrency,skip,call-failed,"No call succeeded even one at a time, so there is no correct behaviour to compare against.",runs/census-conc/azure-devops-mcp-dt-census-1.dt.jsonl
next-devtools-mcp,npm:next-devtools-mcp@0.4.0,354391,browser_eval,concurrency,skip,no-observable-effect,"Calls succeed but leave nothing this oracle can see, so overlapping them cannot be judged.",runs/census-conc/next-devtools-mcp-dt-census-1.dt.jsonl
next-devtools-mcp,npm:next-devtools-mcp@0.4.0,354391,nextjs_call,concurrency,skip,call-failed,"No call succeeded even one at a time, so there is no correct behaviour to compare against.",runs/census-conc/next-devtools-mcp-dt-census-1.dt.jsonl
next-devtools-mcp,npm:next-devtools-mcp@0.4.0,354391,nextjs_docs,concurrency,skip,no-observable-effect,"Calls succeed but leave nothing this oracle can see, so overlapping them cannot be judged.",runs/census-conc/next-devtools-mcp-dt-census-1.dt.jsonl
next-devtools-mcp,npm:next-devtools-mcp@0.4.0,354391,nextjs_index,concurrency,pass,concurrent-matches-sequential,4 overlapping calls left the same shape of state as the same 4 calls run one at a time.,runs/census-conc/next-devtools-mcp-dt-census-1.dt.jsonl
@serdnaley/metabase-mcp,npm:@serdnaley/metabase-mcp@0.2.0,243342,add_group_member,concurrency,pass,concurrent-matches-sequential,4 overlapping calls left the same shape of state as the same 4 calls run one at a time.,runs/census-conc/serdnaley-metabase-mcp-dt-census-1.dt.jsonl
@serdnaley/metabase-mcp,npm:@serdnaley/metabase-mcp@0.2.0,243342,copy_card,concurrency,pass,concurrent-matches-sequential,4 overlapping calls left the same shape of state as the same 4 calls run one at a time.,runs/census-conc/serdnaley-metabase-mcp-dt-census-1.dt.jsonl
@serdnaley/metabase-mcp,npm:@serdnaley/metabase-mcp@0.2.0,243342,copy_dashboard,concurrency,pass,concurrent-matches-sequential,4 overlapping calls left the same shape of state as the same 4 calls run one at a time.,runs/census-conc/serdnaley-metabase-mcp-dt-census-1.dt.jsonl
@serdnaley/metabase-mcp,npm:@serdnaley/metabase-mcp@0.2.0,243342,create_action,concurrency,pass,concurrent-matches-sequential,4 overlapping calls left the same shape of state as the same 4 calls run one at a time.,runs/census-conc/serdnaley-metabase-mcp-dt-census-1.dt.jsonl
@serdnaley/metabase-mcp,npm:@serdnaley/metabase-mcp@0.2.0,243342,create_action_public_link,concurrency,pass,concurrent-matches-sequential,4 overlapping calls left the same shape of state as the same 4 calls run one at a time.,runs/census-conc/serdnaley-metabase-mcp-dt-census-1.dt.jsonl
@serdnaley/metabase-mcp,npm:@serdnaley/metabase-mcp@0.2.0,243342,create_alert,concurrency,pass,concurrent-matches-sequential,4 overlapping calls left the same shape of state as the same 4 calls run one at a time.,runs/census-conc/serdnaley-metabase-mcp-dt-census-1.dt.jsonl
freee-mcp,npm:freee-mcp@0.34.2,204960,freee_api_delete,concurrency,skip,no-observable-effect,"Calls succeed but leave nothing this oracle can see, so overlapping them cannot be judged.",runs/census-conc/freee-mcp-dt-census-1.dt.jsonl
freee-mcp,npm:freee-mcp@0.34.2,204960,freee_api_get,concurrency,skip,read-only-confirmed,"The tool declares readOnlyHint, so overlapping calls have nothing to corrupt.",runs/census-conc/freee-mcp-dt-census-1.dt.jsonl
freee-mcp,npm:freee-mcp@0.34.2,204960,freee_api_list_paths,concurrency,skip,read-only-confirmed,"The tool declares readOnlyHint, so overlapping calls have nothing to corrupt.",runs/census-conc/freee-mcp-dt-census-1.dt.jsonl
freee-mcp,npm:freee-mcp@0.34.2,204960,freee_api_patch,concurrency,skip,no-observable-effect,"Calls succeed but leave nothing this oracle can see, so overlapping them cannot be judged.",runs/census-conc/freee-mcp-dt-census-1.dt.jsonl
freee-mcp,npm:freee-mcp@0.34.2,204960,freee_api_post,concurrency,skip,no-observable-effect,"Calls succeed but leave nothing this oracle can see, so overlapping them cannot be judged.",runs/census-conc/freee-mcp-dt-census-1.dt.jsonl
freee-mcp,npm:freee-mcp@0.34.2,204960,freee_api_put,concurrency,skip,no-observable-effect,"Calls succeed but leave nothing this oracle can see, so overlapping them cannot be judged.",runs/census-conc/freee-mcp-dt-census-1.dt.jsonl
@perplexity-ai/mcp-server,npm:@perplexity-ai/mcp-server@1.2.1,157692,perplexity_ask,concurrency,skip,read-only-confirmed,"The tool declares readOnlyHint, so overlapping calls have nothing to corrupt.",runs/census-conc/perplexity-ai-mcp-server-dt-census-1.dt.jsonl
@perplexity-ai/mcp-server,npm:@perplexity-ai/mcp-server@1.2.1,157692,perplexity_reason,concurrency,skip,read-only-confirmed,"The tool declares readOnlyHint, so overlapping calls have nothing to corrupt.",runs/census-conc/perplexity-ai-mcp-server-dt-census-1.dt.jsonl
@perplexity-ai/mcp-server,npm:@perplexity-ai/mcp-server@1.2.1,157692,perplexity_research,concurrency,skip,read-only-confirmed,"The tool declares readOnlyHint, so overlapping calls have nothing to corrupt.",runs/census-conc/perplexity-ai-mcp-server-dt-census-1.dt.jsonl
@perplexity-ai/mcp-server,npm:@perplexity-ai/mcp-server@1.2.1,157692,perplexity_search,concurrency,skip,read-only-confirmed,"The tool declares readOnlyHint, so overlapping calls have nothing to corrupt.",runs/census-conc/perplexity-ai-mcp-server-dt-census-1.dt.jsonl
@currents/mcp,npm:@currents/mcp@2.4.2,154345,currents-cancel-run,concurrency,pass,concurrent-matches-sequential,4 overlapping calls left the same shape of state as the same 4 calls run one at a time.,runs/census-conc/currents-mcp-dt-census-1.dt.jsonl
@currents/mcp,npm:@currents/mcp@2.4.2,154345,currents-cancel-run-github-ci,concurrency,pass,concurrent-matches-sequential,4 overlapping calls left the same shape of state as the same 4 calls run one at a time.,runs/census-conc/currents-mcp-dt-census-1.dt.jsonl
@currents/mcp,npm:@currents/mcp@2.4.2,154345,currents-create-action,concurrency,pass,concurrent-matches-sequential,4 overlapping calls left the same shape of state as the same 4 calls run one at a time.,runs/census-conc/currents-mcp-dt-census-1.dt.jsonl
@currents/mcp,npm:@currents/mcp@2.4.2,154345,currents-create-jira-issue,concurrency,pass,concurrent-matches-sequential,4 overlapping calls left the same shape of state as the same 4 calls run one at a time.,runs/census-conc/currents-mcp-dt-census-1.dt.jsonl
@currents/mcp,npm:@currents/mcp@2.4.2,154345,currents-create-webhook,concurrency,pass,concurrent-matches-sequential,4 overlapping calls left the same shape of state as the same 4 calls run one at a time.,runs/census-conc/currents-mcp-dt-census-1.dt.jsonl
@currents/mcp,npm:@currents/mcp@2.4.2,154345,currents-delete-action,concurrency,pass,concurrent-matches-sequential,4 overlapping calls left the same shape of state as the same 4 calls run one at a time.,runs/census-conc/currents-mcp-dt-census-1.dt.jsonl
mcp-hello-world,npm:mcp-hello-world@1.1.2,143921,add,concurrency,skip,no-observable-effect,"Calls succeed but leave nothing this oracle can see, so overlapping them cannot be judged.",runs/census-conc/mcp-hello-world-dt-census-1.dt.jsonl
mcp-hello-world,npm:mcp-hello-world@1.1.2,143921,debug,concurrency,skip,no-observable-effect,"Calls succeed but leave nothing this oracle can see, so overlapping them cannot be judged.",runs/census-conc/mcp-hello-world-dt-census-1.dt.jsonl
mcp-hello-world,npm:mcp-hello-world@1.1.2,143921,echo,concurrency,skip,no-observable-effect,"Calls succeed but leave nothing this oracle can see, so overlapping them cannot be judged.",runs/census-conc/mcp-hello-world-dt-census-1.dt.jsonl
@shopify/dev-mcp,npm:@shopify/dev-mcp@1.15.0,128473,feedback,concurrency,pass,concurrent-matches-sequential,4 overlapping calls left the same shape of state as the same 4 calls run one at a time.,runs/census-conc/shopify-dev-mcp-dt-census-1.dt.jsonl
@shopify/dev-mcp,npm:@shopify/dev-mcp@1.15.0,128473,learn_shopify_api,concurrency,pass,concurrent-matches-sequential,4 overlapping calls left the same shape of state as the same 4 calls run one at a time.,runs/census-conc/shopify-dev-mcp-dt-census-1.dt.jsonl
@shopify/dev-mcp,npm:@shopify/dev-mcp@1.15.0,128473,search_docs_chunks,concurrency,pass,concurrent-matches-sequential,4 overlapping calls left the same shape of state as the same 4 calls run one at a time.,runs/census-conc/shopify-dev-mcp-dt-census-1.dt.jsonl
@shopify/dev-mcp,npm:@shopify/dev-mcp@1.15.0,128473,validate_component_codeblocks,concurrency,pass,concurrent-matches-sequential,4 overlapping calls left the same shape of state as the same 4 calls run one at a time.,runs/census-conc/shopify-dev-mcp-dt-census-1.dt.jsonl
@shopify/dev-mcp,npm:@shopify/dev-mcp@1.15.0,128473,validate_graphql_codeblocks,concurrency,pass,concurrent-matches-sequential,4 overlapping calls left the same shape of state as the same 4 calls run one at a time.,runs/census-conc/shopify-dev-mcp-dt-census-1.dt.jsonl
@shopify/dev-mcp,npm:@shopify/dev-mcp@1.15.0,128473,validate_theme,concurrency,pass,concurrent-matches-sequential,4 overlapping calls left the same shape of state as the same 4 calls run one at a time.,runs/census-conc/shopify-dev-mcp-dt-census-1.dt.jsonl
@mastra/mcp-docs-server,npm:@mastra/mcp-docs-server@1.2.23,113604,clearMastraCourseHistory,concurrency,skip,no-observable-effect,"Calls succeed but leave nothing this oracle can see, so overlapping them cannot be judged.",runs/census-conc/mastra-mcp-docs-server-dt-census-1.dt.jsonl
@mastra/mcp-docs-server,npm:@mastra/mcp-docs-server@1.2.23,113604,getMastraCourseStatus,concurrency,skip,no-observable-effect,"Calls succeed but leave nothing this oracle can see, so overlapping them cannot be judged.",runs/census-conc/mastra-mcp-docs-server-dt-census-1.dt.jsonl
@mastra/mcp-docs-server,npm:@mastra/mcp-docs-server@1.2.23,113604,getMastraExportDetails,concurrency,skip,no-observable-effect,"Calls succeed but leave nothing this oracle can see, so overlapping them cannot be judged.",runs/census-conc/mastra-mcp-docs-server-dt-census-1.dt.jsonl
@mastra/mcp-docs-server,npm:@mastra/mcp-docs-server@1.2.23,113604,getMastraExports,concurrency,skip,no-observable-effect,"Calls succeed but leave nothing this oracle can see, so overlapping them cannot be judged.",runs/census-conc/mastra-mcp-docs-server-dt-census-1.dt.jsonl
@mastra/mcp-docs-server,npm:@mastra/mcp-docs-server@1.2.23,113604,getMastraHelp,concurrency,skip,no-observable-effect,"Calls succeed but leave nothing this oracle can see, so overlapping them cannot be judged.",runs/census-conc/mastra-mcp-docs-server-dt-census-1.dt.jsonl
@mastra/mcp-docs-server,npm:@mastra/mcp-docs-server@1.2.23,113604,listMastraPackages,concurrency,skip,no-observable-effect,"Calls succeed but leave nothing this oracle can see, so overlapping them cannot be judged.",runs/census-conc/mastra-mcp-docs-server-dt-census-1.dt.jsonl
@google-cloud/observability-mcp,npm:@google-cloud/observability-mcp@0.2.3,110871,get_trace,concurrency,skip,no-observable-effect,"Calls succeed but leave nothing this oracle can see, so overlapping them cannot be judged.",runs/census-conc/google-cloud-observability-mcp-dt-census-1.dt.jsonl
@google-cloud/observability-mcp,npm:@google-cloud/observability-mcp@0.2.3,110871,list_alert_policies,concurrency,skip,no-observable-effect,"Calls succeed but leave nothing this oracle can see, so overlapping them cannot be judged.",runs/census-conc/google-cloud-observability-mcp-dt-census-1.dt.jsonl
@google-cloud/observability-mcp,npm:@google-cloud/observability-mcp@0.2.3,110871,list_alerts,concurrency,skip,no-observable-effect,"Calls succeed but leave nothing this oracle can see, so overlapping them cannot be judged.",runs/census-conc/google-cloud-observability-mcp-dt-census-1.dt.jsonl
@google-cloud/observability-mcp,npm:@google-cloud/observability-mcp@0.2.3,110871,list_buckets,concurrency,skip,no-observable-effect,"Calls succeed but leave nothing this oracle can see, so overlapping them cannot be judged.",runs/census-conc/google-cloud-observability-mcp-dt-census-1.dt.jsonl
@google-cloud/observability-mcp,npm:@google-cloud/observability-mcp@0.2.3,110871,list_group_stats,concurrency,skip,no-observable-effect,"Calls succeed but leave nothing this oracle can see, so overlapping them cannot be judged.",runs/census-conc/google-cloud-observability-mcp-dt-census-1.dt.jsonl
@google-cloud/observability-mcp,npm:@google-cloud/observability-mcp@0.2.3,110871,list_log_entries,concurrency,skip,no-observable-effect,"Calls succeed but leave nothing this oracle can see, so overlapping them cannot be judged.",runs/census-conc/google-cloud-observability-mcp-dt-census-1.dt.jsonl
@taazkareem/clickup-mcp-server,npm:@taazkareem/clickup-mcp-server@0.14.5,104320,add_chat_reaction,concurrency,skip,call-failed,"No call succeeded even one at a time, so there is no correct behaviour to compare against.",runs/census-conc/taazkareem-clickup-mcp-server-dt-census-1.dt.jsonl
@taazkareem/clickup-mcp-server,npm:@taazkareem/clickup-mcp-server@0.14.5,104320,add_comment_reaction,concurrency,skip,call-failed,"No call succeeded even one at a time, so there is no correct behaviour to compare against.",runs/census-conc/taazkareem-clickup-mcp-server-dt-census-1.dt.jsonl
@taazkareem/clickup-mcp-server,npm:@taazkareem/clickup-mcp-server@0.14.5,104320,add_guest_to_folder,concurrency,skip,call-failed,"No call succeeded even one at a time, so there is no correct behaviour to compare against.",runs/census-conc/taazkareem-clickup-mcp-server-dt-census-1.dt.jsonl
@taazkareem/clickup-mcp-server,npm:@taazkareem/clickup-mcp-server@0.14.5,104320,add_guest_to_list,concurrency,skip,call-failed,"No call succeeded even one at a time, so there is no correct behaviour to compare against.",runs/census-conc/taazkareem-clickup-mcp-server-dt-census-1.dt.jsonl
@taazkareem/clickup-mcp-server,npm:@taazkareem/clickup-mcp-server@0.14.5,104320,add_guest_to_task,concurrency,skip,call-failed,"No call succeeded even one at a time, so there is no correct behaviour to compare against.",runs/census-conc/taazkareem-clickup-mcp-server-dt-census-1.dt.jsonl
@taazkareem/clickup-mcp-server,npm:@taazkareem/clickup-mcp-server@0.14.5,104320,add_tag_to_task,concurrency,skip,call-failed,"No call succeeded even one at a time, so there is no correct behaviour to compare against.",runs/census-conc/taazkareem-clickup-mcp-server-dt-census-1.dt.jsonl
@aikidosec/mcp,npm:@aikidosec/mcp@1.0.21,99553,aikido_full_scan,concurrency,skip,call-failed,"No call succeeded even one at a time, so there is no correct behaviour to compare against.",runs/census-conc/aikidosec-mcp-dt-census-1.dt.jsonl
@aikidosec/mcp,npm:@aikidosec/mcp@1.0.21,99553,aikido_ignore_issue,concurrency,pass,concurrent-matches-sequential,4 overlapping calls left the same shape of state as the same 4 calls run one at a time.,runs/census-conc/aikidosec-mcp-dt-census-1.dt.jsonl
@aikidosec/mcp,npm:@aikidosec/mcp@1.0.21,99553,aikido_issues_list,concurrency,skip,no-observable-effect,"Calls succeed but leave nothing this oracle can see, so overlapping them cannot be judged.",runs/census-conc/aikidosec-mcp-dt-census-1.dt.jsonl
@aikidosec/mcp,npm:@aikidosec/mcp@1.0.21,99553,aikido_login,concurrency,skip,call-failed,"No call succeeded even one at a time, so there is no correct behaviour to compare against.",runs/census-conc/aikidosec-mcp-dt-census-1.dt.jsonl
context-mode,npm:context-mode@1.0.169,78501,ctx_batch_execute,concurrency,skip,call-failed,"No call succeeded even one at a time, so there is no correct behaviour to compare against.",runs/census-conc/context-mode-dt-census-1.dt.jsonl
context-mode,npm:context-mode@1.0.169,78501,ctx_doctor,concurrency,skip,read-only-confirmed,"The tool declares readOnlyHint, so overlapping calls have nothing to corrupt.",runs/census-conc/context-mode-dt-census-1.dt.jsonl
context-mode,npm:context-mode@1.0.169,78501,ctx_execute,concurrency,skip,call-failed,"No call succeeded even one at a time, so there is no correct behaviour to compare against.",runs/census-conc/context-mode-dt-census-1.dt.jsonl
context-mode,npm:context-mode@1.0.169,78501,ctx_execute_file,concurrency,skip,call-failed,"No call succeeded even one at a time, so there is no correct behaviour to compare against.",runs/census-conc/context-mode-dt-census-1.dt.jsonl
context-mode,npm:context-mode@1.0.169,78501,ctx_fetch_and_index,concurrency,skip,call-failed,"No call succeeded even one at a time, so there is no correct behaviour to compare against.",runs/census-conc/context-mode-dt-census-1.dt.jsonl
context-mode,npm:context-mode@1.0.169,78501,ctx_index,concurrency,skip,call-failed,"No call succeeded even one at a time, so there is no correct behaviour to compare against.",runs/census-conc/context-mode-dt-census-1.dt.jsonl
@hubspot/mcp-server,npm:@hubspot/mcp-server@0.4.0,73968,hubspot-batch-create-associations,concurrency,pass,concurrent-matches-sequential,4 overlapping calls left the same shape of state as the same 4 calls run one at a time.,runs/census-conc/hubspot-mcp-server-dt-census-1.dt.jsonl
@hubspot/mcp-server,npm:@hubspot/mcp-server@0.4.0,73968,hubspot-batch-create-objects,concurrency,skip,call-failed,"No call succeeded even one at a time, so there is no correct behaviour to compare against.",runs/census-conc/hubspot-mcp-server-dt-census-1.dt.jsonl
@hubspot/mcp-server,npm:@hubspot/mcp-server@0.4.0,73968,hubspot-batch-read-objects,concurrency,skip,read-only-confirmed,"The tool declares readOnlyHint, so overlapping calls have nothing to corrupt.",runs/census-conc/hubspot-mcp-server-dt-census-1.dt.jsonl
@hubspot/mcp-server,npm:@hubspot/mcp-server@0.4.0,73968,hubspot-batch-update-objects,concurrency,skip,call-failed,"No call succeeded even one at a time, so there is no correct behaviour to compare against.",runs/census-conc/hubspot-mcp-server-dt-census-1.dt.jsonl
@hubspot/mcp-server,npm:@hubspot/mcp-server@0.4.0,73968,hubspot-create-engagement,concurrency,skip,call-failed,"No call succeeded even one at a time, so there is no correct behaviour to compare against.",runs/census-conc/hubspot-mcp-server-dt-census-1.dt.jsonl
@hubspot/mcp-server,npm:@hubspot/mcp-server@0.4.0,73968,hubspot-create-property,concurrency,pass,concurrent-matches-sequential,4 overlapping calls left the same shape of state as the same 4 calls run one at a time.,runs/census-conc/hubspot-mcp-server-dt-census-1.dt.jsonl
@bitbonsai/mcpvault,npm:@bitbonsai/mcpvault@0.16.0,67569,delete_note,concurrency,pass,concurrent-matches-sequential,4 overlapping calls left the same shape of state as the same 4 calls run one at a time.,runs/census-conc/bitbonsai-mcpvault-dt-census-1.dt.jsonl
@bitbonsai/mcpvault,npm:@bitbonsai/mcpvault@0.16.0,67569,get_frontmatter,concurrency,skip,no-observable-effect,"Calls succeed but leave nothing this oracle can see, so overlapping them cannot be judged.",runs/census-conc/bitbonsai-mcpvault-dt-census-1.dt.jsonl
@bitbonsai/mcpvault,npm:@bitbonsai/mcpvault@0.16.0,67569,get_note_outline,concurrency,skip,no-observable-effect,"Calls succeed but leave nothing this oracle can see, so overlapping them cannot be judged.",runs/census-conc/bitbonsai-mcpvault-dt-census-1.dt.jsonl
@bitbonsai/mcpvault,npm:@bitbonsai/mcpvault@0.16.0,67569,get_notes_info,concurrency,skip,no-observable-effect,"Calls succeed but leave nothing this oracle can see, so overlapping them cannot be judged.",runs/census-conc/bitbonsai-mcpvault-dt-census-1.dt.jsonl
@bitbonsai/mcpvault,npm:@bitbonsai/mcpvault@0.16.0,67569,get_vault_stats,concurrency,skip,no-observable-effect,"Calls succeed but leave nothing this oracle can see, so overlapping them cannot be judged.",runs/census-conc/bitbonsai-mcpvault-dt-census-1.dt.jsonl
@bitbonsai/mcpvault,npm:@bitbonsai/mcpvault@0.16.0,67569,list_all_tags,concurrency,skip,no-observable-effect,"Calls succeed but leave nothing this oracle can see, so overlapping them cannot be judged.",runs/census-conc/bitbonsai-mcpvault-dt-census-1.dt.jsonl
@transcend-io/mcp-server-docs,npm:@transcend-io/mcp-server-docs@0.4.0,65903,docs_fetch,concurrency,skip,read-only-confirmed,"The tool declares readOnlyHint, so overlapping calls have nothing to corrupt.",runs/census-conc/transcend-io-mcp-server-docs-dt-census-1.dt.jsonl
@transcend-io/mcp-server-docs,npm:@transcend-io/mcp-server-docs@0.4.0,65903,docs_list,concurrency,skip,read-only-confirmed,"The tool declares readOnlyHint, so overlapping calls have nothing to corrupt.",runs/census-conc/transcend-io-mcp-server-docs-dt-census-1.dt.jsonl
@shortcut/mcp,npm:@shortcut/mcp@0.25.0,65231,custom-fields-list,concurrency,skip,read-only-confirmed,"The tool declares readOnlyHint, so overlapping calls have nothing to corrupt.",runs/census-conc/shortcut-mcp-dt-census-1.dt.jsonl
@shortcut/mcp,npm:@shortcut/mcp@0.25.0,65231,documents-create,concurrency,pass,concurrent-matches-sequential,4 overlapping calls left the same shape of state as the same 4 calls run one at a time.,runs/census-conc/shortcut-mcp-dt-census-1.dt.jsonl
@shortcut/mcp,npm:@shortcut/mcp@0.25.0,65231,documents-get-by-id,concurrency,skip,read-only-confirmed,"The tool declares readOnlyHint, so overlapping calls have nothing to corrupt.",runs/census-conc/shortcut-mcp-dt-census-1.dt.jsonl
@shortcut/mcp,npm:@shortcut/mcp@0.25.0,65231,documents-list,concurrency,skip,read-only-confirmed,"The tool declares readOnlyHint, so overlapping calls have nothing to corrupt.",runs/census-conc/shortcut-mcp-dt-census-1.dt.jsonl
@shortcut/mcp,npm:@shortcut/mcp@0.25.0,65231,documents-search,concurrency,skip,read-only-confirmed,"The tool declares readOnlyHint, so overlapping calls have nothing to corrupt.",runs/census-conc/shortcut-mcp-dt-census-1.dt.jsonl
@shortcut/mcp,npm:@shortcut/mcp@0.25.0,65231,documents-update,concurrency,pass,concurrent-matches-sequential,4 overlapping calls left the same shape of state as the same 4 calls run one at a time.,runs/census-conc/shortcut-mcp-dt-census-1.dt.jsonl
@aashari/mcp-server-atlassian-jira,npm:@aashari/mcp-server-atlassian-jira@3.3.0,58405,jira_delete,concurrency,skip,no-observable-effect,"Calls succeed but leave nothing this oracle can see, so overlapping them cannot be judged.",runs/census-conc/aashari-mcp-server-atlassian-jira-dt-census-1.dt.jsonl
@aashari/mcp-server-atlassian-jira,npm:@aashari/mcp-server-atlassian-jira@3.3.0,58405,jira_get,concurrency,skip,no-observable-effect,"Calls succeed but leave nothing this oracle can see, so overlapping them cannot be judged.",runs/census-conc/aashari-mcp-server-atlassian-jira-dt-census-1.dt.jsonl
@aashari/mcp-server-atlassian-jira,npm:@aashari/mcp-server-atlassian-jira@3.3.0,58405,jira_patch,concurrency,skip,no-observable-effect,"Calls succeed but leave nothing this oracle can see, so overlapping them cannot be judged.",runs/census-conc/aashari-mcp-server-atlassian-jira-dt-census-1.dt.jsonl
@aashari/mcp-server-atlassian-jira,npm:@aashari/mcp-server-atlassian-jira@3.3.0,58405,jira_post,concurrency,skip,no-observable-effect,"Calls succeed but leave nothing this oracle can see, so overlapping them cannot be judged.",runs/census-conc/aashari-mcp-server-atlassian-jira-dt-census-1.dt.jsonl
@aashari/mcp-server-atlassian-jira,npm:@aashari/mcp-server-atlassian-jira@3.3.0,58405,jira_put,concurrency,skip,no-observable-effect,"Calls succeed but leave nothing this oracle can see, so overlapping them cannot be judged.",runs/census-conc/aashari-mcp-server-atlassian-jira-dt-census-1.dt.jsonl
@google-cloud/storage-mcp,npm:@google-cloud/storage-mcp@0.6.0,51287,check_iam_permissions,concurrency,skip,no-observable-effect,"Calls succeed but leave nothing this oracle can see, so overlapping them cannot be judged.",runs/census-conc/google-cloud-storage-mcp-dt-census-1.dt.jsonl
@google-cloud/storage-mcp,npm:@google-cloud/storage-mcp@0.6.0,51287,copy_object_safe,concurrency,pass,concurrent-matches-sequential,4 overlapping calls left the same shape of state as the same 4 calls run one at a time.,runs/census-conc/google-cloud-storage-mcp-dt-census-1.dt.jsonl
@google-cloud/storage-mcp,npm:@google-cloud/storage-mcp@0.6.0,51287,create_bucket,concurrency,pass,concurrent-matches-sequential,4 overlapping calls left the same shape of state as the same 4 calls run one at a time.,runs/census-conc/google-cloud-storage-mcp-dt-census-1.dt.jsonl
@google-cloud/storage-mcp,npm:@google-cloud/storage-mcp@0.6.0,51287,execute_insights_query,concurrency,skip,no-observable-effect,"Calls succeed but leave nothing this oracle can see, so overlapping them cannot be judged.",runs/census-conc/google-cloud-storage-mcp-dt-census-1.dt.jsonl
@google-cloud/storage-mcp,npm:@google-cloud/storage-mcp@0.6.0,51287,get_bucket_location,concurrency,skip,no-observable-effect,"Calls succeed but leave nothing this oracle can see, so overlapping them cannot be judged.",runs/census-conc/google-cloud-storage-mcp-dt-census-1.dt.jsonl
@google-cloud/storage-mcp,npm:@google-cloud/storage-mcp@0.6.0,51287,get_bucket_metadata,concurrency,skip,no-observable-effect,"Calls succeed but leave nothing this oracle can see, so overlapping them cannot be judged.",runs/census-conc/google-cloud-storage-mcp-dt-census-1.dt.jsonl
@felores/airtable-mcp-server,npm:@felores/airtable-mcp-server@0.3.0,50799,create_field,concurrency,pass,concurrent-matches-sequential,4 overlapping calls left the same shape of state as the same 4 calls run one at a time.,runs/census-conc/felores-airtable-mcp-server-dt-census-1.dt.jsonl
@felores/airtable-mcp-server,npm:@felores/airtable-mcp-server@0.3.0,50799,create_record,concurrency,pass,concurrent-matches-sequential,4 overlapping calls left the same shape of state as the same 4 calls run one at a time.,runs/census-conc/felores-airtable-mcp-server-dt-census-1.dt.jsonl
@felores/airtable-mcp-server,npm:@felores/airtable-mcp-server@0.3.0,50799,create_table,concurrency,pass,concurrent-matches-sequential,4 overlapping calls left the same shape of state as the same 4 calls run one at a time.,runs/census-conc/felores-airtable-mcp-server-dt-census-1.dt.jsonl
@felores/airtable-mcp-server,npm:@felores/airtable-mcp-server@0.3.0,50799,delete_record,concurrency,pass,concurrent-matches-sequential,4 overlapping calls left the same shape of state as the same 4 calls run one at a time.,runs/census-conc/felores-airtable-mcp-server-dt-census-1.dt.jsonl
@felores/airtable-mcp-server,npm:@felores/airtable-mcp-server@0.3.0,50799,get_record,concurrency,skip,no-observable-effect,"Calls succeed but leave nothing this oracle can see, so overlapping them cannot be judged.",runs/census-conc/felores-airtable-mcp-server-dt-census-1.dt.jsonl
@felores/airtable-mcp-server,npm:@felores/airtable-mcp-server@0.3.0,50799,list_bases,concurrency,skip,no-observable-effect,"Calls succeed but leave nothing this oracle can see, so overlapping them cannot be judged.",runs/census-conc/felores-airtable-mcp-server-dt-census-1.dt.jsonl
@ironbee-ai/devtools,npm:@ironbee-ai/devtools@0.45.0,46365,a11y_take-aria-snapshot,concurrency,skip,call-failed,"No call succeeded even one at a time, so there is no correct behaviour to compare against.",runs/census-conc/ironbee-ai-devtools-dt-census-1.dt.jsonl
@ironbee-ai/devtools,npm:@ironbee-ai/devtools@0.45.0,46365,a11y_take-ax-tree-snapshot,concurrency,skip,call-failed,"No call succeeded even one at a time, so there is no correct behaviour to compare against.",runs/census-conc/ironbee-ai-devtools-dt-census-1.dt.jsonl
@ironbee-ai/devtools,npm:@ironbee-ai/devtools@0.45.0,46365,content_get-as-html,concurrency,skip,call-failed,"No call succeeded even one at a time, so there is no correct behaviour to compare against.",runs/census-conc/ironbee-ai-devtools-dt-census-1.dt.jsonl
@ironbee-ai/devtools,npm:@ironbee-ai/devtools@0.45.0,46365,content_get-as-text,concurrency,skip,call-failed,"No call succeeded even one at a time, so there is no correct behaviour to compare against.",runs/census-conc/ironbee-ai-devtools-dt-census-1.dt.jsonl
@ironbee-ai/devtools,npm:@ironbee-ai/devtools@0.45.0,46365,content_save-as-pdf,concurrency,skip,call-failed,"No call succeeded even one at a time, so there is no correct behaviour to compare against.",runs/census-conc/ironbee-ai-devtools-dt-census-1.dt.jsonl
@ironbee-ai/devtools,npm:@ironbee-ai/devtools@0.45.0,46365,content_start-recording,concurrency,skip,call-failed,"No call succeeded even one at a time, so there is no correct behaviour to compare against.",runs/census-conc/ironbee-ai-devtools-dt-census-1.dt.jsonl
@drawio/mcp,npm:@drawio/mcp@1.5.0,45206,get_page,concurrency,skip,call-failed,"No call succeeded even one at a time, so there is no correct behaviour to compare against.",runs/census-conc/drawio-mcp-dt-census-1.dt.jsonl
@drawio/mcp,npm:@drawio/mcp@1.5.0,45206,list_pages,concurrency,skip,call-failed,"No call succeeded even one at a time, so there is no correct behaviour to compare against.",runs/census-conc/drawio-mcp-dt-census-1.dt.jsonl
@drawio/mcp,npm:@drawio/mcp@1.5.0,45206,open_drawio_csv,concurrency,skip,call-failed,"No call succeeded even one at a time, so there is no correct behaviour to compare against.",runs/census-conc/drawio-mcp-dt-census-1.dt.jsonl
@drawio/mcp,npm:@drawio/mcp@1.5.0,45206,open_drawio_mermaid,concurrency,skip,call-failed,"No call succeeded even one at a time, so there is no correct behaviour to compare against.",runs/census-conc/drawio-mcp-dt-census-1.dt.jsonl
@drawio/mcp,npm:@drawio/mcp@1.5.0,45206,open_drawio_xml,concurrency,skip,call-failed,"No call succeeded even one at a time, so there is no correct behaviour to compare against.",runs/census-conc/drawio-mcp-dt-census-1.dt.jsonl
@drawio/mcp,npm:@drawio/mcp@1.5.0,45206,search_shapes,concurrency,skip,no-observable-effect,"Calls succeed but leave nothing this oracle can see, so overlapping them cannot be judged.",runs/census-conc/drawio-mcp-dt-census-1.dt.jsonl
igniteui-theming,npm:igniteui-theming@28.1.1,45080,create_component_theme,concurrency,skip,call-failed,"No call succeeded even one at a time, so there is no correct behaviour to compare against.",runs/census-conc/igniteui-theming-dt-census-1.dt.jsonl
igniteui-theming,npm:igniteui-theming@28.1.1,45080,create_custom_palette,concurrency,skip,call-failed,"No call succeeded even one at a time, so there is no correct behaviour to compare against.",runs/census-conc/igniteui-theming-dt-census-1.dt.jsonl
igniteui-theming,npm:igniteui-theming@28.1.1,45080,create_elevations,concurrency,skip,call-failed,"No call succeeded even one at a time, so there is no correct behaviour to compare against.",runs/census-conc/igniteui-theming-dt-census-1.dt.jsonl
igniteui-theming,npm:igniteui-theming@28.1.1,45080,create_palette,concurrency,skip,call-failed,"No call succeeded even one at a time, so there is no correct behaviour to compare against.",runs/census-conc/igniteui-theming-dt-census-1.dt.jsonl
igniteui-theming,npm:igniteui-theming@28.1.1,45080,create_theme,concurrency,skip,call-failed,"No call succeeded even one at a time, so there is no correct behaviour to compare against.",runs/census-conc/igniteui-theming-dt-census-1.dt.jsonl
igniteui-theming,npm:igniteui-theming@28.1.1,45080,create_typography,concurrency,skip,call-failed,"No call succeeded even one at a time, so there is no correct behaviour to compare against.",runs/census-conc/igniteui-theming-dt-census-1.dt.jsonl
@sellable/mcp,npm:@sellable/mcp@0.1.920,44522,add_column,concurrency,skip,no-observable-effect,"Calls succeed but leave nothing this oracle can see, so overlapping them cannot be judged.",runs/census-conc/sellable-mcp-dt-census-1.dt.jsonl
@sellable/mcp,npm:@sellable/mcp@0.1.920,44522,add_on_demand_leads,concurrency,skip,call-failed,"No call succeeded even one at a time, so there is no correct behaviour to compare against.",runs/census-conc/sellable-mcp-dt-census-1.dt.jsonl
@sellable/mcp,npm:@sellable/mcp@0.1.920,44522,add_rubric_item,concurrency,skip,call-failed,"No call succeeded even one at a time, so there is no correct behaviour to compare against.",runs/census-conc/sellable-mcp-dt-census-1.dt.jsonl
@sellable/mcp,npm:@sellable/mcp@0.1.920,44522,add_teammate,concurrency,skip,call-failed,"No call succeeded even one at a time, so there is no correct behaviour to compare against.",runs/census-conc/sellable-mcp-dt-census-1.dt.jsonl
@sellable/mcp,npm:@sellable/mcp@0.1.920,44522,add_to_comment_campaign,concurrency,skip,call-failed,"No call succeeded even one at a time, so there is no correct behaviour to compare against.",runs/census-conc/sellable-mcp-dt-census-1.dt.jsonl
@sellable/mcp,npm:@sellable/mcp@0.1.920,44522,add_to_connection_campaign,concurrency,skip,call-failed,"No call succeeded even one at a time, so there is no correct behaviour to compare against.",runs/census-conc/sellable-mcp-dt-census-1.dt.jsonl
@productbrain/mcp,npm:@productbrain/mcp@0.0.1-beta.5290,43231,capture,concurrency,skip,call-failed,"No call succeeded even one at a time, so there is no correct behaviour to compare against.",runs/census-conc/productbrain-mcp-dt-census-1.dt.jsonl
@productbrain/mcp,npm:@productbrain/mcp@0.0.1-beta.5290,43231,collections,concurrency,skip,call-failed,"No call succeeded even one at a time, so there is no correct behaviour to compare against.",runs/census-conc/productbrain-mcp-dt-census-1.dt.jsonl
@productbrain/mcp,npm:@productbrain/mcp@0.0.1-beta.5290,43231,context,concurrency,skip,read-only-confirmed,"The tool declares readOnlyHint, so overlapping calls have nothing to corrupt.",runs/census-conc/productbrain-mcp-dt-census-1.dt.jsonl
@productbrain/mcp,npm:@productbrain/mcp@0.0.1-beta.5290,43231,entries,concurrency,skip,call-failed,"No call succeeded even one at a time, so there is no correct behaviour to compare against.",runs/census-conc/productbrain-mcp-dt-census-1.dt.jsonl
@productbrain/mcp,npm:@productbrain/mcp@0.0.1-beta.5290,43231,feedback,concurrency,skip,call-failed,"No call succeeded even one at a time, so there is no correct behaviour to compare against.",runs/census-conc/productbrain-mcp-dt-census-1.dt.jsonl
@productbrain/mcp,npm:@productbrain/mcp@0.0.1-beta.5290,43231,orient,concurrency,pass,concurrent-matches-sequential,4 overlapping calls left the same shape of state as the same 4 calls run one at a time.,runs/census-conc/productbrain-mcp-dt-census-1.dt.jsonl
fetcher-mcp,npm:fetcher-mcp@0.3.9,38939,browser_install,concurrency,skip,no-observable-effect,"Calls succeed but leave nothing this oracle can see, so overlapping them cannot be judged.",runs/census-conc/fetcher-mcp-dt-census-1.dt.jsonl
fetcher-mcp,npm:fetcher-mcp@0.3.9,38939,fetch_url,concurrency,skip,read-only-confirmed,"The tool declares readOnlyHint, so overlapping calls have nothing to corrupt.",runs/census-conc/fetcher-mcp-dt-census-1.dt.jsonl
fetcher-mcp,npm:fetcher-mcp@0.3.9,38939,fetch_urls,concurrency,skip,read-only-confirmed,"The tool declares readOnlyHint, so overlapping calls have nothing to corrupt.",runs/census-conc/fetcher-mcp-dt-census-1.dt.jsonl
@primer/mcp,npm:@primer/mcp@1.0.0,37582,find_tokens,concurrency,skip,read-only-confirmed,"The tool declares readOnlyHint, so overlapping calls have nothing to corrupt.",runs/census-conc/primer-mcp-dt-census-1.dt.jsonl
@primer/mcp,npm:@primer/mcp@1.0.0,37582,get_color_usage,concurrency,skip,read-only-confirmed,"The tool declares readOnlyHint, so overlapping calls have nothing to corrupt.",runs/census-conc/primer-mcp-dt-census-1.dt.jsonl
@primer/mcp,npm:@primer/mcp@1.0.0,37582,get_component,concurrency,skip,read-only-confirmed,"The tool declares readOnlyHint, so overlapping calls have nothing to corrupt.",runs/census-conc/primer-mcp-dt-census-1.dt.jsonl
@primer/mcp,npm:@primer/mcp@1.0.0,37582,get_component_accessibility_guidelines,concurrency,skip,read-only-confirmed,"The tool declares readOnlyHint, so overlapping calls have nothing to corrupt.",runs/census-conc/primer-mcp-dt-census-1.dt.jsonl
@primer/mcp,npm:@primer/mcp@1.0.0,37582,get_component_batch,concurrency,skip,read-only-confirmed,"The tool declares readOnlyHint, so overlapping calls have nothing to corrupt.",runs/census-conc/primer-mcp-dt-census-1.dt.jsonl
@primer/mcp,npm:@primer/mcp@1.0.0,37582,get_component_examples,concurrency,skip,read-only-confirmed,"The tool declares readOnlyHint, so overlapping calls have nothing to corrupt.",runs/census-conc/primer-mcp-dt-census-1.dt.jsonl
nexus-agents,npm:nexus-agents@7.0.0,36481,cancel_job,concurrency,skip,no-observable-effect,"Calls succeed but leave nothing this oracle can see, so overlapping them cannot be judged.",runs/census-conc/nexus-agents-dt-census-1.dt.jsonl
nexus-agents,npm:nexus-agents@7.0.0,36481,ci_health_check,concurrency,pass,concurrent-matches-sequential,4 overlapping calls left the same shape of state as the same 4 calls run one at a time.,runs/census-conc/nexus-agents-dt-census-1.dt.jsonl
nexus-agents,npm:nexus-agents@7.0.0,36481,compare_data_feeds,concurrency,skip,read-only-confirmed,"The tool declares readOnlyHint, so overlapping calls have nothing to corrupt.",runs/census-conc/nexus-agents-dt-census-1.dt.jsonl
nexus-agents,npm:nexus-agents@7.0.0,36481,consensus_vote,concurrency,skip,call-failed,"No call succeeded even one at a time, so there is no correct behaviour to compare against.",runs/census-conc/nexus-agents-dt-census-1.dt.jsonl
nexus-agents,npm:nexus-agents@7.0.0,36481,create_expert,concurrency,pass,concurrent-matches-sequential,4 overlapping calls left the same shape of state as the same 4 calls run one at a time.,runs/census-conc/nexus-agents-dt-census-1.dt.jsonl
nexus-agents,npm:nexus-agents@7.0.0,36481,delegate_to_model,concurrency,violation,concurrent-lost-update,"Run one at a time, 4 calls left 14 entries behind; run at once they left 13, so 1 of them were overwritten by a call that had already read the state.",runs/census-conc/nexus-agents-dt-census-1.dt.jsonl
document-mcp,npm:document-mcp@4.2.2,35054,convert_document,concurrency,skip,call-failed,"No call succeeded even one at a time, so there is no correct behaviour to compare against.",runs/census-conc/document-mcp-dt-census-1.dt.jsonl
document-mcp,npm:document-mcp@4.2.2,35054,describe_font_file,concurrency,skip,call-failed,"No call succeeded even one at a time, so there is no correct behaviour to compare against.",runs/census-conc/document-mcp-dt-census-1.dt.jsonl
document-mcp,npm:document-mcp@4.2.2,35054,docx_extras,concurrency,skip,call-failed,"No call succeeded even one at a time, so there is no correct behaviour to compare against.",runs/census-conc/document-mcp-dt-census-1.dt.jsonl
document-mcp,npm:document-mcp@4.2.2,35054,fonts,concurrency,skip,call-failed,"No call succeeded even one at a time, so there is no correct behaviour to compare against.",runs/census-conc/document-mcp-dt-census-1.dt.jsonl
document-mcp,npm:document-mcp@4.2.2,35054,from_package,concurrency,skip,call-failed,"No call succeeded even one at a time, so there is no correct behaviour to compare against.",runs/census-conc/document-mcp-dt-census-1.dt.jsonl
document-mcp,npm:document-mcp@4.2.2,35054,list_document_conversions,concurrency,skip,no-observable-effect,"Calls succeed but leave nothing this oracle can see, so overlapping them cannot be judged.",runs/census-conc/document-mcp-dt-census-1.dt.jsonl
@growthbook/mcp,npm:@growthbook/mcp@2.1.0,34475,growthbook_api_read,concurrency,skip,read-only-confirmed,"The tool declares readOnlyHint, so overlapping calls have nothing to corrupt.",runs/census-conc/growthbook-mcp-dt-census-1.dt.jsonl
@growthbook/mcp,npm:@growthbook/mcp@2.1.0,34475,growthbook_api_write,concurrency,pass,concurrent-matches-sequential,4 overlapping calls left the same shape of state as the same 4 calls run one at a time.,runs/census-conc/growthbook-mcp-dt-census-1.dt.jsonl
@growthbook/mcp,npm:@growthbook/mcp@2.1.0,34475,growthbook_list_skills,concurrency,skip,read-only-confirmed,"The tool declares readOnlyHint, so overlapping calls have nothing to corrupt.",runs/census-conc/growthbook-mcp-dt-census-1.dt.jsonl
@growthbook/mcp,npm:@growthbook/mcp@2.1.0,34475,growthbook_read_skill,concurrency,skip,read-only-confirmed,"The tool declares readOnlyHint, so overlapping calls have nothing to corrupt.",runs/census-conc/growthbook-mcp-dt-census-1.dt.jsonl
@mui/mcp,npm:@mui/mcp@0.1.4,33120,fetchDocs,concurrency,skip,no-observable-effect,"Calls succeed but leave nothing this oracle can see, so overlapping them cannot be judged.",runs/census-conc/mui-mcp-dt-census-1.dt.jsonl
@mui/mcp,npm:@mui/mcp@0.1.4,33120,generateReactCode,concurrency,skip,call-failed,"No call succeeded even one at a time, so there is no correct behaviour to compare against.",runs/census-conc/mui-mcp-dt-census-1.dt.jsonl
@isaacphi/mcp-gdrive,npm:@isaacphi/mcp-gdrive@0.2.0,31291,gdrive_read_file,concurrency,skip,no-observable-effect,"Calls succeed but leave nothing this oracle can see, so overlapping them cannot be judged.",runs/census-conc/isaacphi-mcp-gdrive-dt-census-1.dt.jsonl
@isaacphi/mcp-gdrive,npm:@isaacphi/mcp-gdrive@0.2.0,31291,gdrive_search,concurrency,skip,no-observable-effect,"Calls succeed but leave nothing this oracle can see, so overlapping them cannot be judged.",runs/census-conc/isaacphi-mcp-gdrive-dt-census-1.dt.jsonl
@isaacphi/mcp-gdrive,npm:@isaacphi/mcp-gdrive@0.2.0,31291,gsheets_read,concurrency,skip,no-observable-effect,"Calls succeed but leave nothing this oracle can see, so overlapping them cannot be judged.",runs/census-conc/isaacphi-mcp-gdrive-dt-census-1.dt.jsonl
@isaacphi/mcp-gdrive,npm:@isaacphi/mcp-gdrive@0.2.0,31291,gsheets_update_cell,concurrency,pass,concurrent-matches-sequential,4 overlapping calls left the same shape of state as the same 4 calls run one at a time.,runs/census-conc/isaacphi-mcp-gdrive-dt-census-1.dt.jsonl
@instantdb/mcp,npm:@instantdb/mcp@1.0.67,30494,get-perms,concurrency,skip,call-failed,"No call succeeded even one at a time, so there is no correct behaviour to compare against.",runs/census-conc/instantdb-mcp-dt-census-1.dt.jsonl
@instantdb/mcp,npm:@instantdb/mcp@1.0.67,30494,get-schema,concurrency,skip,call-failed,"No call succeeded even one at a time, so there is no correct behaviour to compare against.",runs/census-conc/instantdb-mcp-dt-census-1.dt.jsonl
@instantdb/mcp,npm:@instantdb/mcp@1.0.67,30494,learn,concurrency,skip,no-observable-effect,"Calls succeed but leave nothing this oracle can see, so overlapping them cannot be judged.",runs/census-conc/instantdb-mcp-dt-census-1.dt.jsonl
@instantdb/mcp,npm:@instantdb/mcp@1.0.67,30494,push-perms,concurrency,skip,call-failed,"No call succeeded even one at a time, so there is no correct behaviour to compare against.",runs/census-conc/instantdb-mcp-dt-census-1.dt.jsonl
@instantdb/mcp,npm:@instantdb/mcp@1.0.67,30494,push-schema,concurrency,skip,call-failed,"No call succeeded even one at a time, so there is no correct behaviour to compare against.",runs/census-conc/instantdb-mcp-dt-census-1.dt.jsonl
@instantdb/mcp,npm:@instantdb/mcp@1.0.67,30494,query,concurrency,skip,call-failed,"No call succeeded even one at a time, so there is no correct behaviour to compare against.",runs/census-conc/instantdb-mcp-dt-census-1.dt.jsonl
@microsoft/clarity-mcp-server,npm:@microsoft/clarity-mcp-server@2.0.1,29647,list-session-recordings,concurrency,skip,read-only-confirmed,"The tool declares readOnlyHint, so overlapping calls have nothing to corrupt.",runs/census-conc/microsoft-clarity-mcp-server-dt-census-1.dt.jsonl
@microsoft/clarity-mcp-server,npm:@microsoft/clarity-mcp-server@2.0.1,29647,query-analytics-dashboard,concurrency,skip,read-only-confirmed,"The tool declares readOnlyHint, so overlapping calls have nothing to corrupt.",runs/census-conc/microsoft-clarity-mcp-server-dt-census-1.dt.jsonl
@microsoft/clarity-mcp-server,npm:@microsoft/clarity-mcp-server@2.0.1,29647,query-documentation-resources,concurrency,skip,read-only-confirmed,"The tool declares readOnlyHint, so overlapping calls have nothing to corrupt.",runs/census-conc/microsoft-clarity-mcp-server-dt-census-1.dt.jsonl
@brightdata/mcp,npm:@brightdata/mcp@2.11.1,29455,discover,concurrency,skip,read-only-confirmed,"The tool declares readOnlyHint, so overlapping calls have nothing to corrupt.",runs/census-conc/brightdata-mcp-dt-census-1.dt.jsonl
@brightdata/mcp,npm:@brightdata/mcp@2.11.1,29455,scrape_as_markdown,concurrency,skip,read-only-confirmed,"The tool declares readOnlyHint, so overlapping calls have nothing to corrupt.",runs/census-conc/brightdata-mcp-dt-census-1.dt.jsonl
@brightdata/mcp,npm:@brightdata/mcp@2.11.1,29455,scrape_batch,concurrency,skip,read-only-confirmed,"The tool declares readOnlyHint, so overlapping calls have nothing to corrupt.",runs/census-conc/brightdata-mcp-dt-census-1.dt.jsonl
@brightdata/mcp,npm:@brightdata/mcp@2.11.1,29455,search_engine,concurrency,skip,read-only-confirmed,"The tool declares readOnlyHint, so overlapping calls have nothing to corrupt.",runs/census-conc/brightdata-mcp-dt-census-1.dt.jsonl
@brightdata/mcp,npm:@brightdata/mcp@2.11.1,29455,search_engine_batch,concurrency,skip,read-only-confirmed,"The tool declares readOnlyHint, so overlapping calls have nothing to corrupt.",runs/census-conc/brightdata-mcp-dt-census-1.dt.jsonl
@pinecone-database/mcp,npm:@pinecone-database/mcp@0.3.0,29023,cascading-search,concurrency,skip,read-only-confirmed,"The tool declares readOnlyHint, so overlapping calls have nothing to corrupt.",runs/census-conc/pinecone-database-mcp-dt-census-1.dt.jsonl
@pinecone-database/mcp,npm:@pinecone-database/mcp@0.3.0,29023,create-index-for-model,concurrency,skip,call-failed,"No call succeeded even one at a time, so there is no correct behaviour to compare against.",runs/census-conc/pinecone-database-mcp-dt-census-1.dt.jsonl
@pinecone-database/mcp,npm:@pinecone-database/mcp@0.3.0,29023,describe-index,concurrency,skip,read-only-confirmed,"The tool declares readOnlyHint, so overlapping calls have nothing to corrupt.",runs/census-conc/pinecone-database-mcp-dt-census-1.dt.jsonl
@pinecone-database/mcp,npm:@pinecone-database/mcp@0.3.0,29023,describe-index-stats,concurrency,skip,read-only-confirmed,"The tool declares readOnlyHint, so overlapping calls have nothing to corrupt.",runs/census-conc/pinecone-database-mcp-dt-census-1.dt.jsonl
@pinecone-database/mcp,npm:@pinecone-database/mcp@0.3.0,29023,list-indexes,concurrency,skip,read-only-confirmed,"The tool declares readOnlyHint, so overlapping calls have nothing to corrupt.",runs/census-conc/pinecone-database-mcp-dt-census-1.dt.jsonl
@pinecone-database/mcp,npm:@pinecone-database/mcp@0.3.0,29023,rerank-documents,concurrency,skip,read-only-confirmed,"The tool declares readOnlyHint, so overlapping calls have nothing to corrupt.",runs/census-conc/pinecone-database-mcp-dt-census-1.dt.jsonl
@mastergo/magic-mcp,npm:@mastergo/magic-mcp@0.2.9,28240,mcp__applyDesign,concurrency,skip,call-failed,"No call succeeded even one at a time, so there is no correct behaviour to compare against.",runs/census-conc/mastergo-magic-mcp-dt-census-1.dt.jsonl
@mastergo/magic-mcp,npm:@mastergo/magic-mcp@0.2.9,28240,mcp__C2d,concurrency,skip,call-failed,"No call succeeded even one at a time, so there is no correct behaviour to compare against.",runs/census-conc/mastergo-magic-mcp-dt-census-1.dt.jsonl
@mastergo/magic-mcp,npm:@mastergo/magic-mcp@0.2.9,28240,mcp__extractSvg,concurrency,skip,call-failed,"No call succeeded even one at a time, so there is no correct behaviour to compare against.",runs/census-conc/mastergo-magic-mcp-dt-census-1.dt.jsonl
@mastergo/magic-mcp,npm:@mastergo/magic-mcp@0.2.9,28240,mcp__getComponentGenerator,concurrency,skip,call-failed,"No call succeeded even one at a time, so there is no correct behaviour to compare against.",runs/census-conc/mastergo-magic-mcp-dt-census-1.dt.jsonl
@mastergo/magic-mcp,npm:@mastergo/magic-mcp@0.2.9,28240,mcp__getComponentLink,concurrency,skip,no-observable-effect,"Calls succeed but leave nothing this oracle can see, so overlapping them cannot be judged.",runs/census-conc/mastergo-magic-mcp-dt-census-1.dt.jsonl
@mastergo/magic-mcp,npm:@mastergo/magic-mcp@0.2.9,28240,mcp__getD2c,concurrency,pass,concurrent-matches-sequential,4 overlapping calls left the same shape of state as the same 4 calls run one at a time.,runs/census-conc/mastergo-magic-mcp-dt-census-1.dt.jsonl
@thirdstrandstudio/mcp-figma,npm:@thirdstrandstudio/mcp-figma@0.7.0,27873,figma_delete_comment,concurrency,pass,concurrent-matches-sequential,4 overlapping calls left the same shape of state as the same 4 calls run one at a time.,runs/census-conc/thirdstrandstudio-mcp-figma-dt-census-1.dt.jsonl
@thirdstrandstudio/mcp-figma,npm:@thirdstrandstudio/mcp-figma@0.7.0,27873,figma_delete_comment_reaction,concurrency,pass,concurrent-matches-sequential,4 overlapping calls left the same shape of state as the same 4 calls run one at a time.,runs/census-conc/thirdstrandstudio-mcp-figma-dt-census-1.dt.jsonl
@thirdstrandstudio/mcp-figma,npm:@thirdstrandstudio/mcp-figma@0.7.0,27873,figma_delete_webhook,concurrency,pass,concurrent-matches-sequential,4 overlapping calls left the same shape of state as the same 4 calls run one at a time.,runs/census-conc/thirdstrandstudio-mcp-figma-dt-census-1.dt.jsonl
@thirdstrandstudio/mcp-figma,npm:@thirdstrandstudio/mcp-figma@0.7.0,27873,figma_get_comment_reactions,concurrency,skip,no-observable-effect,"Calls succeed but leave nothing this oracle can see, so overlapping them cannot be judged.",runs/census-conc/thirdstrandstudio-mcp-figma-dt-census-1.dt.jsonl
@thirdstrandstudio/mcp-figma,npm:@thirdstrandstudio/mcp-figma@0.7.0,27873,figma_get_comments,concurrency,skip,no-observable-effect,"Calls succeed but leave nothing this oracle can see, so overlapping them cannot be judged.",runs/census-conc/thirdstrandstudio-mcp-figma-dt-census-1.dt.jsonl
@thirdstrandstudio/mcp-figma,npm:@thirdstrandstudio/mcp-figma@0.7.0,27873,figma_get_component,concurrency,skip,no-observable-effect,"Calls succeed but leave nothing this oracle can see, so overlapping them cannot be judged.",runs/census-conc/thirdstrandstudio-mcp-figma-dt-census-1.dt.jsonl
@antv/mcp-server-chart,npm:@antv/mcp-server-chart@0.9.10,27429,generate_area_chart,concurrency,skip,read-only-confirmed,"The tool declares readOnlyHint, so overlapping calls have nothing to corrupt.",runs/census-conc/antv-mcp-server-chart-dt-census-1.dt.jsonl
@antv/mcp-server-chart,npm:@antv/mcp-server-chart@0.9.10,27429,generate_bar_chart,concurrency,skip,read-only-confirmed,"The tool declares readOnlyHint, so overlapping calls have nothing to corrupt.",runs/census-conc/antv-mcp-server-chart-dt-census-1.dt.jsonl
@antv/mcp-server-chart,npm:@antv/mcp-server-chart@0.9.10,27429,generate_boxplot_chart,concurrency,skip,read-only-confirmed,"The tool declares readOnlyHint, so overlapping calls have nothing to corrupt.",runs/census-conc/antv-mcp-server-chart-dt-census-1.dt.jsonl
@antv/mcp-server-chart,npm:@antv/mcp-server-chart@0.9.10,27429,generate_column_chart,concurrency,skip,read-only-confirmed,"The tool declares readOnlyHint, so overlapping calls have nothing to corrupt.",runs/census-conc/antv-mcp-server-chart-dt-census-1.dt.jsonl
@antv/mcp-server-chart,npm:@antv/mcp-server-chart@0.9.10,27429,generate_district_map,concurrency,skip,read-only-confirmed,"The tool declares readOnlyHint, so overlapping calls have nothing to corrupt.",runs/census-conc/antv-mcp-server-chart-dt-census-1.dt.jsonl
@antv/mcp-server-chart,npm:@antv/mcp-server-chart@0.9.10,27429,generate_dual_axes_chart,concurrency,skip,read-only-confirmed,"The tool declares readOnlyHint, so overlapping calls have nothing to corrupt.",runs/census-conc/antv-mcp-server-chart-dt-census-1.dt.jsonl
serper-search-scrape-mcp-server,npm:serper-search-scrape-mcp-server@0.1.2,27293,google_search,concurrency,pass,concurrent-matches-sequential,4 overlapping calls left the same shape of state as the same 4 calls run one at a time.,runs/census-conc/serper-search-scrape-mcp-server-dt-census-1.dt.jsonl
serper-search-scrape-mcp-server,npm:serper-search-scrape-mcp-server@0.1.2,27293,scrape,concurrency,pass,concurrent-matches-sequential,4 overlapping calls left the same shape of state as the same 4 calls run one at a time.,runs/census-conc/serper-search-scrape-mcp-server-dt-census-1.dt.jsonl
@aashari/mcp-server-atlassian-confluence,npm:@aashari/mcp-server-atlassian-confluence@3.3.0,26963,conf_delete,concurrency,skip,no-observable-effect,"Calls succeed but leave nothing this oracle can see, so overlapping them cannot be judged.",runs/census-conc/aashari-mcp-server-atlassian-confluence-dt-census-1.dt.jsonl
@aashari/mcp-server-atlassian-confluence,npm:@aashari/mcp-server-atlassian-confluence@3.3.0,26963,conf_get,concurrency,skip,no-observable-effect,"Calls succeed but leave nothing this oracle can see, so overlapping them cannot be judged.",runs/census-conc/aashari-mcp-server-atlassian-confluence-dt-census-1.dt.jsonl
@aashari/mcp-server-atlassian-confluence,npm:@aashari/mcp-server-atlassian-confluence@3.3.0,26963,conf_patch,concurrency,skip,no-observable-effect,"Calls succeed but leave nothing this oracle can see, so overlapping them cannot be judged.",runs/census-conc/aashari-mcp-server-atlassian-confluence-dt-census-1.dt.jsonl
@aashari/mcp-server-atlassian-confluence,npm:@aashari/mcp-server-atlassian-confluence@3.3.0,26963,conf_post,concurrency,skip,no-observable-effect,"Calls succeed but leave nothing this oracle can see, so overlapping them cannot be judged.",runs/census-conc/aashari-mcp-server-atlassian-confluence-dt-census-1.dt.jsonl
@aashari/mcp-server-atlassian-confluence,npm:@aashari/mcp-server-atlassian-confluence@3.3.0,26963,conf_put,concurrency,skip,no-observable-effect,"Calls succeed but leave nothing this oracle can see, so overlapping them cannot be judged.",runs/census-conc/aashari-mcp-server-atlassian-confluence-dt-census-1.dt.jsonl
brilliant-directories-mcp,npm:brilliant-directories-mcp@6.58.608,26452,createCategoryTree,concurrency,skip,call-failed,"No call succeeded even one at a time, so there is no correct behaviour to compare against.",runs/census-conc/brilliant-directories-mcp-dt-census-1.dt.jsonl
brilliant-directories-mcp,npm:brilliant-directories-mcp@6.58.608,26452,createClick,concurrency,pass,concurrent-matches-sequential,4 overlapping calls left the same shape of state as the same 4 calls run one at a time.,runs/census-conc/brilliant-directories-mcp-dt-census-1.dt.jsonl
brilliant-directories-mcp,npm:brilliant-directories-mcp@6.58.608,26452,createDataType,concurrency,pass,concurrent-matches-sequential,4 overlapping calls left the same shape of state as the same 4 calls run one at a time.,runs/census-conc/brilliant-directories-mcp-dt-census-1.dt.jsonl
brilliant-directories-mcp,npm:brilliant-directories-mcp@6.58.608,26452,createEmailTemplate,concurrency,pass,concurrent-matches-sequential,4 overlapping calls left the same shape of state as the same 4 calls run one at a time.,runs/census-conc/brilliant-directories-mcp-dt-census-1.dt.jsonl
brilliant-directories-mcp,npm:brilliant-directories-mcp@6.58.608,26452,createForm,concurrency,pass,concurrent-matches-sequential,4 overlapping calls left the same shape of state as the same 4 calls run one at a time.,runs/census-conc/brilliant-directories-mcp-dt-census-1.dt.jsonl
brilliant-directories-mcp,npm:brilliant-directories-mcp@6.58.608,26452,createFormField,concurrency,pass,concurrent-matches-sequential,4 overlapping calls left the same shape of state as the same 4 calls run one at a time.,runs/census-conc/brilliant-directories-mcp-dt-census-1.dt.jsonl
@ehrocks/fe-mcp-server,npm:@ehrocks/fe-mcp-server@1.0.10,26318,search_hero_design_component_examples,concurrency,skip,read-only-confirmed,"The tool declares readOnlyHint, so overlapping calls have nothing to corrupt.",runs/census-conc/ehrocks-fe-mcp-server-dt-census-1.dt.jsonl
mcp-echo-server,npm:mcp-echo-server@1.0.0,24467,echo,concurrency,skip,no-observable-effect,"Calls succeed but leave nothing this oracle can see, so overlapping them cannot be judged.",runs/census-conc/mcp-echo-server-dt-census-1.dt.jsonl
@masonator/coolify-mcp,npm:@masonator/coolify-mcp@2.19.4,23798,application,concurrency,skip,no-observable-effect,"Calls succeed but leave nothing this oracle can see, so overlapping them cannot be judged.",runs/census-conc/masonator-coolify-mcp-dt-census-1.dt.jsonl
@masonator/coolify-mcp,npm:@masonator/coolify-mcp@2.19.4,23798,application_logs,concurrency,skip,read-only-confirmed,"The tool declares readOnlyHint, so overlapping calls have nothing to corrupt.",runs/census-conc/masonator-coolify-mcp-dt-census-1.dt.jsonl
@masonator/coolify-mcp,npm:@masonator/coolify-mcp@2.19.4,23798,bulk_env_update,concurrency,skip,no-observable-effect,"Calls succeed but leave nothing this oracle can see, so overlapping them cannot be judged.",runs/census-conc/masonator-coolify-mcp-dt-census-1.dt.jsonl
@masonator/coolify-mcp,npm:@masonator/coolify-mcp@2.19.4,23798,cloud_tokens,concurrency,skip,no-observable-effect,"Calls succeed but leave nothing this oracle can see, so overlapping them cannot be judged.",runs/census-conc/masonator-coolify-mcp-dt-census-1.dt.jsonl
@masonator/coolify-mcp,npm:@masonator/coolify-mcp@2.19.4,23798,control,concurrency,pass,concurrent-matches-sequential,4 overlapping calls left the same shape of state as the same 4 calls run one at a time.,runs/census-conc/masonator-coolify-mcp-dt-census-1.dt.jsonl
@masonator/coolify-mcp,npm:@masonator/coolify-mcp@2.19.4,23798,database,concurrency,skip,no-observable-effect,"Calls succeed but leave nothing this oracle can see, so overlapping them cannot be judged.",runs/census-conc/masonator-coolify-mcp-dt-census-1.dt.jsonl
@esaio/esa-mcp-server,npm:@esaio/esa-mcp-server@0.1.0,22479,esa_archive_post,concurrency,skip,no-observable-effect,"Calls succeed but leave nothing this oracle can see, so overlapping them cannot be judged.",runs/census-conc/esaio-esa-mcp-server-dt-census-1.dt.jsonl
@esaio/esa-mcp-server,npm:@esaio/esa-mcp-server@0.1.0,22479,esa_create_comment,concurrency,skip,no-observable-effect,"Calls succeed but leave nothing this oracle can see, so overlapping them cannot be judged.",runs/census-conc/esaio-esa-mcp-server-dt-census-1.dt.jsonl
@esaio/esa-mcp-server,npm:@esaio/esa-mcp-server@0.1.0,22479,esa_create_post,concurrency,skip,no-observable-effect,"Calls succeed but leave nothing this oracle can see, so overlapping them cannot be judged.",runs/census-conc/esaio-esa-mcp-server-dt-census-1.dt.jsonl
@esaio/esa-mcp-server,npm:@esaio/esa-mcp-server@0.1.0,22479,esa_delete_comment,concurrency,skip,no-observable-effect,"Calls succeed but leave nothing this oracle can see, so overlapping them cannot be judged.",runs/census-conc/esaio-esa-mcp-server-dt-census-1.dt.jsonl
@esaio/esa-mcp-server,npm:@esaio/esa-mcp-server@0.1.0,22479,esa_duplicate_post,concurrency,skip,no-observable-effect,"Calls succeed but leave nothing this oracle can see, so overlapping them cannot be judged.",runs/census-conc/esaio-esa-mcp-server-dt-census-1.dt.jsonl
@esaio/esa-mcp-server,npm:@esaio/esa-mcp-server@0.1.0,22479,esa_get_categories,concurrency,skip,no-observable-effect,"Calls succeed but leave nothing this oracle can see, so overlapping them cannot be judged.",runs/census-conc/esaio-esa-mcp-server-dt-census-1.dt.jsonl
@xeroapi/xero-mcp-server,npm:@xeroapi/xero-mcp-server@0.0.17,21821,add-timesheet-line,concurrency,skip,no-observable-effect,"Calls succeed but leave nothing this oracle can see, so overlapping them cannot be judged.",runs/census-conc/xeroapi-xero-mcp-server-dt-census-1.dt.jsonl
@xeroapi/xero-mcp-server,npm:@xeroapi/xero-mcp-server@0.0.17,21821,approve-timesheet,concurrency,skip,no-observable-effect,"Calls succeed but leave nothing this oracle can see, so overlapping them cannot be judged.",runs/census-conc/xeroapi-xero-mcp-server-dt-census-1.dt.jsonl
@xeroapi/xero-mcp-server,npm:@xeroapi/xero-mcp-server@0.0.17,21821,create-bank-transaction,concurrency,skip,no-observable-effect,"Calls succeed but leave nothing this oracle can see, so overlapping them cannot be judged.",runs/census-conc/xeroapi-xero-mcp-server-dt-census-1.dt.jsonl
@xeroapi/xero-mcp-server,npm:@xeroapi/xero-mcp-server@0.0.17,21821,create-contact,concurrency,skip,no-observable-effect,"Calls succeed but leave nothing this oracle can see, so overlapping them cannot be judged.",runs/census-conc/xeroapi-xero-mcp-server-dt-census-1.dt.jsonl
@xeroapi/xero-mcp-server,npm:@xeroapi/xero-mcp-server@0.0.17,21821,create-credit-note,concurrency,skip,no-observable-effect,"Calls succeed but leave nothing this oracle can see, so overlapping them cannot be judged.",runs/census-conc/xeroapi-xero-mcp-server-dt-census-1.dt.jsonl
@xeroapi/xero-mcp-server,npm:@xeroapi/xero-mcp-server@0.0.17,21821,create-invoice,concurrency,skip,no-observable-effect,"Calls succeed but leave nothing this oracle can see, so overlapping them cannot be judged.",runs/census-conc/xeroapi-xero-mcp-server-dt-census-1.dt.jsonl
@foldkit/devtools-mcp,npm:@foldkit/devtools-mcp@0.19.3,21516,foldkit_count_messages_by_tag,concurrency,skip,call-failed,"No call succeeded even one at a time, so there is no correct behaviour to compare against.",runs/census-conc/foldkit-devtools-mcp-dt-census-1.dt.jsonl
@foldkit/devtools-mcp,npm:@foldkit/devtools-mcp@0.19.3,21516,foldkit_diff_models,concurrency,skip,call-failed,"No call succeeded even one at a time, so there is no correct behaviour to compare against.",runs/census-conc/foldkit-devtools-mcp-dt-census-1.dt.jsonl
@foldkit/devtools-mcp,npm:@foldkit/devtools-mcp@0.19.3,21516,foldkit_dispatch_message,concurrency,skip,call-failed,"No call succeeded even one at a time, so there is no correct behaviour to compare against.",runs/census-conc/foldkit-devtools-mcp-dt-census-1.dt.jsonl
@foldkit/devtools-mcp,npm:@foldkit/devtools-mcp@0.19.3,21516,foldkit_dispatch_messages,concurrency,skip,call-failed,"No call succeeded even one at a time, so there is no correct behaviour to compare against.",runs/census-conc/foldkit-devtools-mcp-dt-census-1.dt.jsonl
@foldkit/devtools-mcp,npm:@foldkit/devtools-mcp@0.19.3,21516,foldkit_get_init,concurrency,skip,call-failed,"No call succeeded even one at a time, so there is no correct behaviour to compare against.",runs/census-conc/foldkit-devtools-mcp-dt-census-1.dt.jsonl
@foldkit/devtools-mcp,npm:@foldkit/devtools-mcp@0.19.3,21516,foldkit_get_message,concurrency,skip,call-failed,"No call succeeded even one at a time, so there is no correct behaviour to compare against.",runs/census-conc/foldkit-devtools-mcp-dt-census-1.dt.jsonl
howtocook-mcp,npm:howtocook-mcp@0.2.2,20318,mcp_howtocook_getAllRecipes,concurrency,skip,no-observable-effect,"Calls succeed but leave nothing this oracle can see, so overlapping them cannot be judged.",runs/census-conc/howtocook-mcp-dt-census-1.dt.jsonl
howtocook-mcp,npm:howtocook-mcp@0.2.2,20318,mcp_howtocook_getRecipeById,concurrency,skip,no-observable-effect,"Calls succeed but leave nothing this oracle can see, so overlapping them cannot be judged.",runs/census-conc/howtocook-mcp-dt-census-1.dt.jsonl
howtocook-mcp,npm:howtocook-mcp@0.2.2,20318,mcp_howtocook_getRecipesByCategory,concurrency,skip,no-observable-effect,"Calls succeed but leave nothing this oracle can see, so overlapping them cannot be judged.",runs/census-conc/howtocook-mcp-dt-census-1.dt.jsonl
howtocook-mcp,npm:howtocook-mcp@0.2.2,20318,mcp_howtocook_recommendMeals,concurrency,skip,no-observable-effect,"Calls succeed but leave nothing this oracle can see, so overlapping them cannot be judged.",runs/census-conc/howtocook-mcp-dt-census-1.dt.jsonl
howtocook-mcp,npm:howtocook-mcp@0.2.2,20318,mcp_howtocook_whatToEat,concurrency,skip,no-observable-effect,"Calls succeed but leave nothing this oracle can see, so overlapping them cannot be judged.",runs/census-conc/howtocook-mcp-dt-census-1.dt.jsonl
@runpod/mcp-server,npm:@runpod/mcp-server@3.3.0,20136,cancel-job,concurrency,skip,call-failed,"No call succeeded even one at a time, so there is no correct behaviour to compare against.",runs/census-conc/runpod-mcp-server-dt-census-1.dt.jsonl
@runpod/mcp-server,npm:@runpod/mcp-server@3.3.0,20136,create-container-registry-auth,concurrency,pass,concurrent-matches-sequential,4 overlapping calls left the same shape of state as the same 4 calls run one at a time.,runs/census-conc/runpod-mcp-server-dt-census-1.dt.jsonl
@runpod/mcp-server,npm:@runpod/mcp-server@3.3.0,20136,create-endpoint,concurrency,skip,no-observable-effect,"Calls succeed but leave nothing this oracle can see, so overlapping them cannot be judged.",runs/census-conc/runpod-mcp-server-dt-census-1.dt.jsonl
@runpod/mcp-server,npm:@runpod/mcp-server@3.3.0,20136,create-network-volume,concurrency,pass,concurrent-matches-sequential,4 overlapping calls left the same shape of state as the same 4 calls run one at a time.,runs/census-conc/runpod-mcp-server-dt-census-1.dt.jsonl
@runpod/mcp-server,npm:@runpod/mcp-server@3.3.0,20136,create-pod,concurrency,skip,no-observable-effect,"Calls succeed but leave nothing this oracle can see, so overlapping them cannot be judged.",runs/census-conc/runpod-mcp-server-dt-census-1.dt.jsonl
@runpod/mcp-server,npm:@runpod/mcp-server@3.3.0,20136,create-registry-delegation,concurrency,pass,concurrent-matches-sequential,4 overlapping calls left the same shape of state as the same 4 calls run one at a time.,runs/census-conc/runpod-mcp-server-dt-census-1.dt.jsonl
samarth-gtm-mcp,npm:samarth-gtm-mcp@1.483.0,20093,accounts_get,concurrency,pass,concurrent-matches-sequential,4 overlapping calls left the same shape of state as the same 4 calls run one at a time.,runs/census-conc/samarth-gtm-mcp-dt-census-1.dt.jsonl
samarth-gtm-mcp,npm:samarth-gtm-mcp@1.483.0,20093,accounts_list,concurrency,pass,concurrent-matches-sequential,4 overlapping calls left the same shape of state as the same 4 calls run one at a time.,runs/census-conc/samarth-gtm-mcp-dt-census-1.dt.jsonl
samarth-gtm-mcp,npm:samarth-gtm-mcp@1.483.0,20093,audit_container,concurrency,pass,concurrent-matches-sequential,4 overlapping calls left the same shape of state as the same 4 calls run one at a time.,runs/census-conc/samarth-gtm-mcp-dt-census-1.dt.jsonl
samarth-gtm-mcp,npm:samarth-gtm-mcp@1.483.0,20093,built_in_variables_disable,concurrency,skip,call-failed,"No call succeeded even one at a time, so there is no correct behaviour to compare against.",runs/census-conc/samarth-gtm-mcp-dt-census-1.dt.jsonl
samarth-gtm-mcp,npm:samarth-gtm-mcp@1.483.0,20093,built_in_variables_enable,concurrency,skip,call-failed,"No call succeeded even one at a time, so there is no correct behaviour to compare against.",runs/census-conc/samarth-gtm-mcp-dt-census-1.dt.jsonl
samarth-gtm-mcp,npm:samarth-gtm-mcp@1.483.0,20093,built_in_variables_list,concurrency,pass,concurrent-matches-sequential,4 overlapping calls left the same shape of state as the same 4 calls run one at a time.,runs/census-conc/samarth-gtm-mcp-dt-census-1.dt.jsonl
airtable-mcp-server,npm:airtable-mcp-server@1.14.0,19865,create_comment,concurrency,skip,call-failed,"No call succeeded even one at a time, so there is no correct behaviour to compare against.",runs/census-conc/airtable-mcp-server-dt-census-1.dt.jsonl
airtable-mcp-server,npm:airtable-mcp-server@1.14.0,19865,create_field,concurrency,skip,call-failed,"No call succeeded even one at a time, so there is no correct behaviour to compare against.",runs/census-conc/airtable-mcp-server-dt-census-1.dt.jsonl
airtable-mcp-server,npm:airtable-mcp-server@1.14.0,19865,create_record,concurrency,skip,call-failed,"No call succeeded even one at a time, so there is no correct behaviour to compare against.",runs/census-conc/airtable-mcp-server-dt-census-1.dt.jsonl
airtable-mcp-server,npm:airtable-mcp-server@1.14.0,19865,create_table,concurrency,skip,call-failed,"No call succeeded even one at a time, so there is no correct behaviour to compare against.",runs/census-conc/airtable-mcp-server-dt-census-1.dt.jsonl
airtable-mcp-server,npm:airtable-mcp-server@1.14.0,19865,delete_records,concurrency,skip,call-failed,"No call succeeded even one at a time, so there is no correct behaviour to compare against.",runs/census-conc/airtable-mcp-server-dt-census-1.dt.jsonl
airtable-mcp-server,npm:airtable-mcp-server@1.14.0,19865,describe_table,concurrency,skip,read-only-confirmed,"The tool declares readOnlyHint, so overlapping calls have nothing to corrupt.",runs/census-conc/airtable-mcp-server-dt-census-1.dt.jsonl
@kolbo/mcp,npm:@kolbo/mcp@1.86.0,19854,acquire_clean_music_track,concurrency,pass,concurrent-matches-sequential,4 overlapping calls left the same shape of state as the same 4 calls run one at a time.,runs/census-conc/kolbo-mcp-dt-census-1.dt.jsonl
@kolbo/mcp,npm:@kolbo/mcp@1.86.0,19854,activate_color_palette,concurrency,pass,concurrent-matches-sequential,4 overlapping calls left the same shape of state as the same 4 calls run one at a time.,runs/census-conc/kolbo-mcp-dt-census-1.dt.jsonl
@kolbo/mcp,npm:@kolbo/mcp@1.86.0,19854,add_media_to_folder,concurrency,pass,concurrent-matches-sequential,4 overlapping calls left the same shape of state as the same 4 calls run one at a time.,runs/census-conc/kolbo-mcp-dt-census-1.dt.jsonl
@kolbo/mcp,npm:@kolbo/mcp@1.86.0,19854,add_project_context,concurrency,skip,call-failed,"No call succeeded even one at a time, so there is no correct behaviour to compare against.",runs/census-conc/kolbo-mcp-dt-census-1.dt.jsonl
@kolbo/mcp,npm:@kolbo/mcp@1.86.0,19854,add_review_version,concurrency,pass,concurrent-matches-sequential,4 overlapping calls left the same shape of state as the same 4 calls run one at a time.,runs/census-conc/kolbo-mcp-dt-census-1.dt.jsonl
@kolbo/mcp,npm:@kolbo/mcp@1.86.0,19854,analyze_color_palette,concurrency,skip,read-only-confirmed,"The tool declares readOnlyHint, so overlapping calls have nothing to corrupt.",runs/census-conc/kolbo-mcp-dt-census-1.dt.jsonl
@browserbasehq/mcp,npm:@browserbasehq/mcp@3.0.0,19830,act,concurrency,skip,call-failed,"No call succeeded even one at a time, so there is no correct behaviour to compare against.",runs/census-conc/browserbasehq-mcp-dt-census-1.dt.jsonl
@browserbasehq/mcp,npm:@browserbasehq/mcp@3.0.0,19830,end,concurrency,skip,no-observable-effect,"Calls succeed but leave nothing this oracle can see, so overlapping them cannot be judged.",runs/census-conc/browserbasehq-mcp-dt-census-1.dt.jsonl
@browserbasehq/mcp,npm:@browserbasehq/mcp@3.0.0,19830,extract,concurrency,skip,call-failed,"No call succeeded even one at a time, so there is no correct behaviour to compare against.",runs/census-conc/browserbasehq-mcp-dt-census-1.dt.jsonl
@browserbasehq/mcp,npm:@browserbasehq/mcp@3.0.0,19830,navigate,concurrency,skip,call-failed,"No call succeeded even one at a time, so there is no correct behaviour to compare against.",runs/census-conc/browserbasehq-mcp-dt-census-1.dt.jsonl
@browserbasehq/mcp,npm:@browserbasehq/mcp@3.0.0,19830,observe,concurrency,skip,call-failed,"No call succeeded even one at a time, so there is no correct behaviour to compare against.",runs/census-conc/browserbasehq-mcp-dt-census-1.dt.jsonl
@browserbasehq/mcp,npm:@browserbasehq/mcp@3.0.0,19830,start,concurrency,skip,call-failed,"No call succeeded even one at a time, so there is no correct behaviour to compare against.",runs/census-conc/browserbasehq-mcp-dt-census-1.dt.jsonl
bitbucket-mcp,npm:bitbucket-mcp@5.0.6,19646,addPendingPullRequestComment,concurrency,pass,concurrent-matches-sequential,4 overlapping calls left the same shape of state as the same 4 calls run one at a time.,runs/census-conc/bitbucket-mcp-dt-census-1.dt.jsonl
bitbucket-mcp,npm:bitbucket-mcp@5.0.6,19646,addPullRequestComment,concurrency,pass,concurrent-matches-sequential,4 overlapping calls left the same shape of state as the same 4 calls run one at a time.,runs/census-conc/bitbucket-mcp-dt-census-1.dt.jsonl
bitbucket-mcp,npm:bitbucket-mcp@5.0.6,19646,approvePullRequest,concurrency,pass,concurrent-matches-sequential,4 overlapping calls left the same shape of state as the same 4 calls run one at a time.,runs/census-conc/bitbucket-mcp-dt-census-1.dt.jsonl
bitbucket-mcp,npm:bitbucket-mcp@5.0.6,19646,convertTodraft,concurrency,pass,concurrent-matches-sequential,4 overlapping calls left the same shape of state as the same 4 calls run one at a time.,runs/census-conc/bitbucket-mcp-dt-census-1.dt.jsonl
bitbucket-mcp,npm:bitbucket-mcp@5.0.6,19646,createDraftPullRequest,concurrency,pass,concurrent-matches-sequential,4 overlapping calls left the same shape of state as the same 4 calls run one at a time.,runs/census-conc/bitbucket-mcp-dt-census-1.dt.jsonl
bitbucket-mcp,npm:bitbucket-mcp@5.0.6,19646,createPullRequest,concurrency,pass,concurrent-matches-sequential,4 overlapping calls left the same shape of state as the same 4 calls run one at a time.,runs/census-conc/bitbucket-mcp-dt-census-1.dt.jsonl
@coinbase/cds-mcp-server,npm:@coinbase/cds-mcp-server@9.25.0,18583,get-cds-doc,concurrency,skip,call-failed,"No call succeeded even one at a time, so there is no correct behaviour to compare against.",runs/census-conc/coinbase-cds-mcp-server-dt-census-1.dt.jsonl
@coinbase/cds-mcp-server,npm:@coinbase/cds-mcp-server@9.25.0,18583,list-cds-routes,concurrency,pass,concurrent-matches-sequential,4 overlapping calls left the same shape of state as the same 4 calls run one at a time.,runs/census-conc/coinbase-cds-mcp-server-dt-census-1.dt.jsonl
@amap/amap-maps-mcp-server,npm:@amap/amap-maps-mcp-server@0.0.8,18534,maps_around_search,concurrency,skip,call-failed,"No call succeeded even one at a time, so there is no correct behaviour to compare against.",runs/census-conc/amap-amap-maps-mcp-server-dt-census-1.dt.jsonl
@amap/amap-maps-mcp-server,npm:@amap/amap-maps-mcp-server@0.0.8,18534,maps_bicycling,concurrency,skip,call-failed,"No call succeeded even one at a time, so there is no correct behaviour to compare against.",runs/census-conc/amap-amap-maps-mcp-server-dt-census-1.dt.jsonl
@amap/amap-maps-mcp-server,npm:@amap/amap-maps-mcp-server@0.0.8,18534,maps_direction_driving,concurrency,skip,call-failed,"No call succeeded even one at a time, so there is no correct behaviour to compare against.",runs/census-conc/amap-amap-maps-mcp-server-dt-census-1.dt.jsonl
@amap/amap-maps-mcp-server,npm:@amap/amap-maps-mcp-server@0.0.8,18534,maps_direction_transit_integrated,concurrency,skip,call-failed,"No call succeeded even one at a time, so there is no correct behaviour to compare against.",runs/census-conc/amap-amap-maps-mcp-server-dt-census-1.dt.jsonl
@amap/amap-maps-mcp-server,npm:@amap/amap-maps-mcp-server@0.0.8,18534,maps_direction_walking,concurrency,skip,call-failed,"No call succeeded even one at a time, so there is no correct behaviour to compare against.",runs/census-conc/amap-amap-maps-mcp-server-dt-census-1.dt.jsonl
@amap/amap-maps-mcp-server,npm:@amap/amap-maps-mcp-server@0.0.8,18534,maps_distance,concurrency,skip,call-failed,"No call succeeded even one at a time, so there is no correct behaviour to compare against.",runs/census-conc/amap-amap-maps-mcp-server-dt-census-1.dt.jsonl
@avallon-labs/mcp,npm:@avallon-labs/mcp@43.1.0,18230,addCaseLinks,concurrency,skip,call-failed,"No call succeeded even one at a time, so there is no correct behaviour to compare against.",runs/census-conc/avallon-labs-mcp-dt-census-1.dt.jsonl
@avallon-labs/mcp,npm:@avallon-labs/mcp@43.1.0,18230,addToolsToVoiceAgent,concurrency,skip,call-failed,"No call succeeded even one at a time, so there is no correct behaviour to compare against.",runs/census-conc/avallon-labs-mcp-dt-census-1.dt.jsonl
@avallon-labs/mcp,npm:@avallon-labs/mcp@43.1.0,18230,cancelJob,concurrency,skip,call-failed,"No call succeeded even one at a time, so there is no correct behaviour to compare against.",runs/census-conc/avallon-labs-mcp-dt-census-1.dt.jsonl
@avallon-labs/mcp,npm:@avallon-labs/mcp@43.1.0,18230,cancelWorkerRun,concurrency,skip,call-failed,"No call succeeded even one at a time, so there is no correct behaviour to compare against.",runs/census-conc/avallon-labs-mcp-dt-census-1.dt.jsonl
@avallon-labs/mcp,npm:@avallon-labs/mcp@43.1.0,18230,checkInboxAvailability,concurrency,skip,no-observable-effect,"Calls succeed but leave nothing this oracle can see, so overlapping them cannot be judged.",runs/census-conc/avallon-labs-mcp-dt-census-1.dt.jsonl
@avallon-labs/mcp,npm:@avallon-labs/mcp@43.1.0,18230,createAgentWebhook,concurrency,pass,concurrent-matches-sequential,4 overlapping calls left the same shape of state as the same 4 calls run one at a time.,runs/census-conc/avallon-labs-mcp-dt-census-1.dt.jsonl
mcp-scraper,npm:mcp-scraper@0.88.2,17978,access-accept-share,concurrency,skip,call-failed,"No call succeeded even one at a time, so there is no correct behaviour to compare against.",runs/census-conc/mcp-scraper-dt-census-1.dt.jsonl
mcp-scraper,npm:mcp-scraper@0.88.2,17978,access-approve-sender,concurrency,skip,call-failed,"No call succeeded even one at a time, so there is no correct behaviour to compare against.",runs/census-conc/mcp-scraper-dt-census-1.dt.jsonl
mcp-scraper,npm:mcp-scraper@0.88.2,17978,access-decline-share,concurrency,skip,call-failed,"No call succeeded even one at a time, so there is no correct behaviour to compare against.",runs/census-conc/mcp-scraper-dt-census-1.dt.jsonl
mcp-scraper,npm:mcp-scraper@0.88.2,17978,access-inbox-settings,concurrency,skip,call-failed,"No call succeeded even one at a time, so there is no correct behaviour to compare against.",runs/census-conc/mcp-scraper-dt-census-1.dt.jsonl
mcp-scraper,npm:mcp-scraper@0.88.2,17978,access-invite-account,concurrency,skip,call-failed,"No call succeeded even one at a time, so there is no correct behaviour to compare against.",runs/census-conc/mcp-scraper-dt-census-1.dt.jsonl
mcp-scraper,npm:mcp-scraper@0.88.2,17978,access-list-approved-senders,concurrency,skip,read-only-confirmed,"The tool declares readOnlyHint, so overlapping calls have nothing to corrupt.",runs/census-conc/mcp-scraper-dt-census-1.dt.jsonl
@letoribo/mcp-graphql-enhanced,npm:@letoribo/mcp-graphql-enhanced@4.15.3,17762,introspect-schema,concurrency,skip,call-failed,"No call succeeded even one at a time, so there is no correct behaviour to compare against.",runs/census-conc/letoribo-mcp-graphql-enhanced-dt-census-1.dt.jsonl
@letoribo/mcp-graphql-enhanced,npm:@letoribo/mcp-graphql-enhanced@4.15.3,17762,query-graphql,concurrency,skip,call-failed,"No call succeeded even one at a time, so there is no correct behaviour to compare against.",runs/census-conc/letoribo-mcp-graphql-enhanced-dt-census-1.dt.jsonl
ask-experts-mcp,npm:ask-experts-mcp@0.2.0,17411,ask_doubao,concurrency,skip,call-failed,"No call succeeded even one at a time, so there is no correct behaviour to compare against.",runs/census-conc/ask-experts-mcp-dt-census-1.dt.jsonl
ask-experts-mcp,npm:ask-experts-mcp@0.2.0,17411,ask_hunyuan,concurrency,skip,call-failed,"No call succeeded even one at a time, so there is no correct behaviour to compare against.",runs/census-conc/ask-experts-mcp-dt-census-1.dt.jsonl
ask-experts-mcp,npm:ask-experts-mcp@0.2.0,17411,ask_qwen,concurrency,skip,call-failed,"No call succeeded even one at a time, so there is no correct behaviour to compare against.",runs/census-conc/ask-experts-mcp-dt-census-1.dt.jsonl
@aashari/mcp-server-atlassian-bitbucket,npm:@aashari/mcp-server-atlassian-bitbucket@3.1.0,16705,bb_clone,concurrency,skip,call-failed,"No call succeeded even one at a time, so there is no correct behaviour to compare against.",runs/census-conc/aashari-mcp-server-atlassian-bitbucket-dt-census-1.dt.jsonl
@aashari/mcp-server-atlassian-bitbucket,npm:@aashari/mcp-server-atlassian-bitbucket@3.1.0,16705,bb_delete,concurrency,pass,concurrent-matches-sequential,4 overlapping calls left the same shape of state as the same 4 calls run one at a time.,runs/census-conc/aashari-mcp-server-atlassian-bitbucket-dt-census-1.dt.jsonl
@aashari/mcp-server-atlassian-bitbucket,npm:@aashari/mcp-server-atlassian-bitbucket@3.1.0,16705,bb_get,concurrency,skip,read-only-confirmed,"The tool declares readOnlyHint, so overlapping calls have nothing to corrupt.",runs/census-conc/aashari-mcp-server-atlassian-bitbucket-dt-census-1.dt.jsonl
@aashari/mcp-server-atlassian-bitbucket,npm:@aashari/mcp-server-atlassian-bitbucket@3.1.0,16705,bb_patch,concurrency,pass,concurrent-matches-sequential,4 overlapping calls left the same shape of state as the same 4 calls run one at a time.,runs/census-conc/aashari-mcp-server-atlassian-bitbucket-dt-census-1.dt.jsonl
@aashari/mcp-server-atlassian-bitbucket,npm:@aashari/mcp-server-atlassian-bitbucket@3.1.0,16705,bb_post,concurrency,pass,concurrent-matches-sequential,4 overlapping calls left the same shape of state as the same 4 calls run one at a time.,runs/census-conc/aashari-mcp-server-atlassian-bitbucket-dt-census-1.dt.jsonl
@aashari/mcp-server-atlassian-bitbucket,npm:@aashari/mcp-server-atlassian-bitbucket@3.1.0,16705,bb_put,concurrency,pass,concurrent-matches-sequential,4 overlapping calls left the same shape of state as the same 4 calls run one at a time.,runs/census-conc/aashari-mcp-server-atlassian-bitbucket-dt-census-1.dt.jsonl
@jpisnice/shadcn-ui-mcp-server,npm:@jpisnice/shadcn-ui-mcp-server@2.0.0,16555,apply_theme,concurrency,skip,call-failed,"No call succeeded even one at a time, so there is no correct behaviour to compare against.",runs/census-conc/jpisnice-shadcn-ui-mcp-server-dt-census-1.dt.jsonl
@jpisnice/shadcn-ui-mcp-server,npm:@jpisnice/shadcn-ui-mcp-server@2.0.0,16555,get_block,concurrency,skip,no-observable-effect,"Calls succeed but leave nothing this oracle can see, so overlapping them cannot be judged.",runs/census-conc/jpisnice-shadcn-ui-mcp-server-dt-census-1.dt.jsonl
@jpisnice/shadcn-ui-mcp-server,npm:@jpisnice/shadcn-ui-mcp-server@2.0.0,16555,get_component,concurrency,skip,no-observable-effect,"Calls succeed but leave nothing this oracle can see, so overlapping them cannot be judged.",runs/census-conc/jpisnice-shadcn-ui-mcp-server-dt-census-1.dt.jsonl
@jpisnice/shadcn-ui-mcp-server,npm:@jpisnice/shadcn-ui-mcp-server@2.0.0,16555,get_component_demo,concurrency,skip,no-observable-effect,"Calls succeed but leave nothing this oracle can see, so overlapping them cannot be judged.",runs/census-conc/jpisnice-shadcn-ui-mcp-server-dt-census-1.dt.jsonl
@jpisnice/shadcn-ui-mcp-server,npm:@jpisnice/shadcn-ui-mcp-server@2.0.0,16555,get_component_metadata,concurrency,skip,call-failed,"No call succeeded even one at a time, so there is no correct behaviour to compare against.",runs/census-conc/jpisnice-shadcn-ui-mcp-server-dt-census-1.dt.jsonl
@jpisnice/shadcn-ui-mcp-server,npm:@jpisnice/shadcn-ui-mcp-server@2.0.0,16555,get_directory_structure,concurrency,skip,call-failed,"No call succeeded even one at a time, so there is no correct behaviour to compare against.",runs/census-conc/jpisnice-shadcn-ui-mcp-server-dt-census-1.dt.jsonl
@siemens/ix-mcp-react,npm:@siemens/ix-mcp-react@5.2.1-v.1.11.3,16398,ix-icon-search,concurrency,pass,concurrent-matches-sequential,4 overlapping calls left the same shape of state as the same 4 calls run one at a time.,runs/census-conc/siemens-ix-mcp-react-dt-census-1.dt.jsonl
@siemens/ix-mcp-react,npm:@siemens/ix-mcp-react@5.2.1-v.1.11.3,16398,ix-search,concurrency,pass,concurrent-matches-sequential,4 overlapping calls left the same shape of state as the same 4 calls run one at a time.,runs/census-conc/siemens-ix-mcp-react-dt-census-1.dt.jsonl
@tacticlaunch/mcp-linear,npm:@tacticlaunch/mcp-linear@1.4.3,16377,linear_addAttachment,concurrency,skip,call-failed,"No call succeeded even one at a time, so there is no correct behaviour to compare against.",runs/census-conc/tacticlaunch-mcp-linear-dt-census-1.dt.jsonl
@tacticlaunch/mcp-linear,npm:@tacticlaunch/mcp-linear@1.4.3,16377,linear_addIssueLabel,concurrency,skip,call-failed,"No call succeeded even one at a time, so there is no correct behaviour to compare against.",runs/census-conc/tacticlaunch-mcp-linear-dt-census-1.dt.jsonl
@tacticlaunch/mcp-linear,npm:@tacticlaunch/mcp-linear@1.4.3,16377,linear_addIssueToCycle,concurrency,skip,call-failed,"No call succeeded even one at a time, so there is no correct behaviour to compare against.",runs/census-conc/tacticlaunch-mcp-linear-dt-census-1.dt.jsonl
@tacticlaunch/mcp-linear,npm:@tacticlaunch/mcp-linear@1.4.3,16377,linear_addIssueToProject,concurrency,skip,call-failed,"No call succeeded even one at a time, so there is no correct behaviour to compare against.",runs/census-conc/tacticlaunch-mcp-linear-dt-census-1.dt.jsonl
@tacticlaunch/mcp-linear,npm:@tacticlaunch/mcp-linear@1.4.3,16377,linear_addIssueToRelease,concurrency,skip,call-failed,"No call succeeded even one at a time, so there is no correct behaviour to compare against.",runs/census-conc/tacticlaunch-mcp-linear-dt-census-1.dt.jsonl
@tacticlaunch/mcp-linear,npm:@tacticlaunch/mcp-linear@1.4.3,16377,linear_addProjectMember,concurrency,skip,call-failed,"No call succeeded even one at a time, so there is no correct behaviour to compare against.",runs/census-conc/tacticlaunch-mcp-linear-dt-census-1.dt.jsonl
agentphone-mcp,npm:agentphone-mcp@0.7.0,16173,account_overview,concurrency,skip,read-only-confirmed,"The tool declares readOnlyHint, so overlapping calls have nothing to corrupt.",runs/census-conc/agentphone-mcp-dt-census-1.dt.jsonl
agentphone-mcp,npm:agentphone-mcp@0.7.0,16173,attach_number,concurrency,skip,call-failed,"No call succeeded even one at a time, so there is no correct behaviour to compare against.",runs/census-conc/agentphone-mcp-dt-census-1.dt.jsonl
agentphone-mcp,npm:agentphone-mcp@0.7.0,16173,buy_number,concurrency,skip,no-observable-effect,"Calls succeed but leave nothing this oracle can see, so overlapping them cannot be judged.",runs/census-conc/agentphone-mcp-dt-census-1.dt.jsonl
agentphone-mcp,npm:agentphone-mcp@0.7.0,16173,create_agent,concurrency,pass,concurrent-matches-sequential,4 overlapping calls left the same shape of state as the same 4 calls run one at a time.,runs/census-conc/agentphone-mcp-dt-census-1.dt.jsonl
agentphone-mcp,npm:agentphone-mcp@0.7.0,16173,delete_agent,concurrency,pass,concurrent-matches-sequential,4 overlapping calls left the same shape of state as the same 4 calls run one at a time.,runs/census-conc/agentphone-mcp-dt-census-1.dt.jsonl
agentphone-mcp,npm:agentphone-mcp@0.7.0,16173,delete_webhook,concurrency,pass,concurrent-matches-sequential,4 overlapping calls left the same shape of state as the same 4 calls run one at a time.,runs/census-conc/agentphone-mcp-dt-census-1.dt.jsonl
flightradar-mcp-server,npm:flightradar-mcp-server@0.1.2,16092,get_flight_data,concurrency,skip,call-failed,"No call succeeded even one at a time, so there is no correct behaviour to compare against.",runs/census-conc/flightradar-mcp-server-dt-census-1.dt.jsonl
flightradar-mcp-server,npm:flightradar-mcp-server@0.1.2,16092,get_flight_status,concurrency,skip,call-failed,"No call succeeded even one at a time, so there is no correct behaviour to compare against.",runs/census-conc/flightradar-mcp-server-dt-census-1.dt.jsonl
flightradar-mcp-server,npm:flightradar-mcp-server@0.1.2,16092,search_flights,concurrency,skip,no-observable-effect,"Calls succeed but leave nothing this oracle can see, so overlapping them cannot be judged.",runs/census-conc/flightradar-mcp-server-dt-census-1.dt.jsonl
@doist/todoist-mcp,npm:@doist/todoist-mcp@11.0.0,15850,add-comments,concurrency,skip,call-failed,"No call succeeded even one at a time, so there is no correct behaviour to compare against.",runs/census-conc/doist-todoist-mcp-dt-census-1.dt.jsonl
@doist/todoist-mcp,npm:@doist/todoist-mcp@11.0.0,15850,add-filters,concurrency,pass,concurrent-matches-sequential,4 overlapping calls left the same shape of state as the same 4 calls run one at a time.,runs/census-conc/doist-todoist-mcp-dt-census-1.dt.jsonl
@doist/todoist-mcp,npm:@doist/todoist-mcp@11.0.0,15850,add-labels,concurrency,skip,call-failed,"No call succeeded even one at a time, so there is no correct behaviour to compare against.",runs/census-conc/doist-todoist-mcp-dt-census-1.dt.jsonl
@doist/todoist-mcp,npm:@doist/todoist-mcp@11.0.0,15850,add-projects,concurrency,skip,call-failed,"No call succeeded even one at a time, so there is no correct behaviour to compare against.",runs/census-conc/doist-todoist-mcp-dt-census-1.dt.jsonl
@doist/todoist-mcp,npm:@doist/todoist-mcp@11.0.0,15850,add-reminders,concurrency,skip,call-failed,"No call succeeded even one at a time, so there is no correct behaviour to compare against.",runs/census-conc/doist-todoist-mcp-dt-census-1.dt.jsonl
@doist/todoist-mcp,npm:@doist/todoist-mcp@11.0.0,15850,add-sections,concurrency,skip,call-failed,"No call succeeded even one at a time, so there is no correct behaviour to compare against.",runs/census-conc/doist-todoist-mcp-dt-census-1.dt.jsonl
@delorenj/mcp-server-ticketmaster,npm:@delorenj/mcp-server-ticketmaster@0.2.5,15836,search_ticketmaster,concurrency,skip,no-observable-effect,"Calls succeed but leave nothing this oracle can see, so overlapping them cannot be judged.",runs/census-conc/delorenj-mcp-server-ticketmaster-dt-census-1.dt.jsonl
@variflight-ai/variflight-mcp,npm:@variflight-ai/variflight-mcp@1.0.3,15636,flightHappinessIndex,concurrency,skip,call-failed,"No call succeeded even one at a time, so there is no correct behaviour to compare against.",runs/census-conc/variflight-ai-variflight-mcp-dt-census-1.dt.jsonl
@variflight-ai/variflight-mcp,npm:@variflight-ai/variflight-mcp@1.0.3,15636,getFlightPriceByCities,concurrency,skip,call-failed,"No call succeeded even one at a time, so there is no correct behaviour to compare against.",runs/census-conc/variflight-ai-variflight-mcp-dt-census-1.dt.jsonl
@variflight-ai/variflight-mcp,npm:@variflight-ai/variflight-mcp@1.0.3,15636,getFlightTransferInfo,concurrency,skip,call-failed,"No call succeeded even one at a time, so there is no correct behaviour to compare against.",runs/census-conc/variflight-ai-variflight-mcp-dt-census-1.dt.jsonl
@variflight-ai/variflight-mcp,npm:@variflight-ai/variflight-mcp@1.0.3,15636,getFutureWeatherByAirport,concurrency,skip,call-failed,"No call succeeded even one at a time, so there is no correct behaviour to compare against.",runs/census-conc/variflight-ai-variflight-mcp-dt-census-1.dt.jsonl
@variflight-ai/variflight-mcp,npm:@variflight-ai/variflight-mcp@1.0.3,15636,getRealtimeLocationByAnum,concurrency,pass,concurrent-matches-sequential,4 overlapping calls left the same shape of state as the same 4 calls run one at a time.,runs/census-conc/variflight-ai-variflight-mcp-dt-census-1.dt.jsonl
@variflight-ai/variflight-mcp,npm:@variflight-ai/variflight-mcp@1.0.3,15636,getTodayDate,concurrency,skip,no-observable-effect,"Calls succeed but leave nothing this oracle can see, so overlapping them cannot be judged.",runs/census-conc/variflight-ai-variflight-mcp-dt-census-1.dt.jsonl
@nextscope/mcp,npm:@nextscope/mcp@0.3.0,15547,nextscope_clear_traces,concurrency,skip,call-failed,"No call succeeded even one at a time, so there is no correct behaviour to compare against.",runs/census-conc/nextscope-mcp-dt-census-1.dt.jsonl
@nextscope/mcp,npm:@nextscope/mcp@0.3.0,15547,nextscope_export_trace,concurrency,skip,call-failed,"No call succeeded even one at a time, so there is no correct behaviour to compare against.",runs/census-conc/nextscope-mcp-dt-census-1.dt.jsonl
@nextscope/mcp,npm:@nextscope/mcp@0.3.0,15547,nextscope_get_spans,concurrency,skip,call-failed,"No call succeeded even one at a time, so there is no correct behaviour to compare against.",runs/census-conc/nextscope-mcp-dt-census-1.dt.jsonl
@nextscope/mcp,npm:@nextscope/mcp@0.3.0,15547,nextscope_get_trace,concurrency,skip,call-failed,"No call succeeded even one at a time, so there is no correct behaviour to compare against.",runs/census-conc/nextscope-mcp-dt-census-1.dt.jsonl
@nextscope/mcp,npm:@nextscope/mcp@0.3.0,15547,nextscope_list_servers,concurrency,pass,concurrent-matches-sequential,4 overlapping calls left the same shape of state as the same 4 calls run one at a time.,runs/census-conc/nextscope-mcp-dt-census-1.dt.jsonl
@nextscope/mcp,npm:@nextscope/mcp@0.3.0,15547,nextscope_list_spans,concurrency,skip,call-failed,"No call succeeded even one at a time, so there is no correct behaviour to compare against.",runs/census-conc/nextscope-mcp-dt-census-1.dt.jsonl
@atlassian-dc-mcp/jira,npm:@atlassian-dc-mcp/jira@0.34.0,15410,jira_createIssue,concurrency,pass,concurrent-matches-sequential,4 overlapping calls left the same shape of state as the same 4 calls run one at a time.,runs/census-conc/atlassian-dc-mcp-jira-dt-census-1.dt.jsonl
@atlassian-dc-mcp/jira,npm:@atlassian-dc-mcp/jira@0.34.0,15410,jira_downloadAttachment,concurrency,skip,no-observable-effect,"Calls succeed but leave nothing this oracle can see, so overlapping them cannot be judged.",runs/census-conc/atlassian-dc-mcp-jira-dt-census-1.dt.jsonl
@atlassian-dc-mcp/jira,npm:@atlassian-dc-mcp/jira@0.34.0,15410,jira_getIssue,concurrency,skip,no-observable-effect,"Calls succeed but leave nothing this oracle can see, so overlapping them cannot be judged.",runs/census-conc/atlassian-dc-mcp-jira-dt-census-1.dt.jsonl
@atlassian-dc-mcp/jira,npm:@atlassian-dc-mcp/jira@0.34.0,15410,jira_getIssueComments,concurrency,skip,no-observable-effect,"Calls succeed but leave nothing this oracle can see, so overlapping them cannot be judged.",runs/census-conc/atlassian-dc-mcp-jira-dt-census-1.dt.jsonl
@atlassian-dc-mcp/jira,npm:@atlassian-dc-mcp/jira@0.34.0,15410,jira_getIssueDevelopmentInfo,concurrency,skip,no-observable-effect,"Calls succeed but leave nothing this oracle can see, so overlapping them cannot be judged.",runs/census-conc/atlassian-dc-mcp-jira-dt-census-1.dt.jsonl
@atlassian-dc-mcp/jira,npm:@atlassian-dc-mcp/jira@0.34.0,15410,jira_getIssueLinkTypes,concurrency,skip,no-observable-effect,"Calls succeed but leave nothing this oracle can see, so overlapping them cannot be judged.",runs/census-conc/atlassian-dc-mcp-jira-dt-census-1.dt.jsonl
@tiberriver256/mcp-server-azure-devops,npm:@tiberriver256/mcp-server-azure-devops@0.1.46,15269,add_pull_request_comment,concurrency,skip,no-observable-effect,"Calls succeed but leave nothing this oracle can see, so overlapping them cannot be judged.",runs/census-conc/tiberriver256-mcp-server-azure-devops-dt-census-1.dt.jsonl
@tiberriver256/mcp-server-azure-devops,npm:@tiberriver256/mcp-server-azure-devops@0.1.46,15269,create_branch,concurrency,skip,no-observable-effect,"Calls succeed but leave nothing this oracle can see, so overlapping them cannot be judged.",runs/census-conc/tiberriver256-mcp-server-azure-devops-dt-census-1.dt.jsonl
@tiberriver256/mcp-server-azure-devops,npm:@tiberriver256/mcp-server-azure-devops@0.1.46,15269,create_commit,concurrency,skip,no-observable-effect,"Calls succeed but leave nothing this oracle can see, so overlapping them cannot be judged.",runs/census-conc/tiberriver256-mcp-server-azure-devops-dt-census-1.dt.jsonl
@tiberriver256/mcp-server-azure-devops,npm:@tiberriver256/mcp-server-azure-devops@0.1.46,15269,create_pull_request,concurrency,skip,no-observable-effect,"Calls succeed but leave nothing this oracle can see, so overlapping them cannot be judged.",runs/census-conc/tiberriver256-mcp-server-azure-devops-dt-census-1.dt.jsonl
@tiberriver256/mcp-server-azure-devops,npm:@tiberriver256/mcp-server-azure-devops@0.1.46,15269,create_wiki,concurrency,skip,no-observable-effect,"Calls succeed but leave nothing this oracle can see, so overlapping them cannot be judged.",runs/census-conc/tiberriver256-mcp-server-azure-devops-dt-census-1.dt.jsonl
@tiberriver256/mcp-server-azure-devops,npm:@tiberriver256/mcp-server-azure-devops@0.1.46,15269,create_wiki_page,concurrency,skip,no-observable-effect,"Calls succeed but leave nothing this oracle can see, so overlapping them cannot be judged.",runs/census-conc/tiberriver256-mcp-server-azure-devops-dt-census-1.dt.jsonl
mcp-gsheets,npm:mcp-gsheets@1.10.2,15080,sheets_add_conditional_formatting,concurrency,skip,no-observable-effect,"Calls succeed but leave nothing this oracle can see, so overlapping them cannot be judged.",runs/census-conc/mcp-gsheets-dt-census-1.dt.jsonl
mcp-gsheets,npm:mcp-gsheets@1.10.2,15080,sheets_add_table,concurrency,skip,no-observable-effect,"Calls succeed but leave nothing this oracle can see, so overlapping them cannot be judged.",runs/census-conc/mcp-gsheets-dt-census-1.dt.jsonl
mcp-gsheets,npm:mcp-gsheets@1.10.2,15080,sheets_append_values,concurrency,skip,no-observable-effect,"Calls succeed but leave nothing this oracle can see, so overlapping them cannot be judged.",runs/census-conc/mcp-gsheets-dt-census-1.dt.jsonl
mcp-gsheets,npm:mcp-gsheets@1.10.2,15080,sheets_batch_delete_sheets,concurrency,skip,no-observable-effect,"Calls succeed but leave nothing this oracle can see, so overlapping them cannot be judged.",runs/census-conc/mcp-gsheets-dt-census-1.dt.jsonl
mcp-gsheets,npm:mcp-gsheets@1.10.2,15080,sheets_batch_format_cells,concurrency,skip,no-observable-effect,"Calls succeed but leave nothing this oracle can see, so overlapping them cannot be judged.",runs/census-conc/mcp-gsheets-dt-census-1.dt.jsonl
mcp-gsheets,npm:mcp-gsheets@1.10.2,15080,sheets_batch_get_values,concurrency,skip,read-only-confirmed,"The tool declares readOnlyHint, so overlapping calls have nothing to corrupt.",runs/census-conc/mcp-gsheets-dt-census-1.dt.jsonl
@skanda-yutori/mcp-send-email,npm:@skanda-yutori/mcp-send-email@1.0.0,14368,send-email,concurrency,pass,concurrent-matches-sequential,4 overlapping calls left the same shape of state as the same 4 calls run one at a time.,runs/census-conc/skanda-yutori-mcp-send-email-dt-census-1.dt.jsonl
@rebasepro/mcp,npm:@rebasepro/mcp@0.17.3,14244,create_document,concurrency,skip,call-failed,"No call succeeded even one at a time, so there is no correct behaviour to compare against.",runs/census-conc/rebasepro-mcp-dt-census-1.dt.jsonl
@rebasepro/mcp,npm:@rebasepro/mcp@0.17.3,14244,create_user,concurrency,skip,call-failed,"No call succeeded even one at a time, so there is no correct behaviour to compare against.",runs/census-conc/rebasepro-mcp-dt-census-1.dt.jsonl
@rebasepro/mcp,npm:@rebasepro/mcp@0.17.3,14244,cron_get_job,concurrency,skip,no-observable-effect,"Calls succeed but leave nothing this oracle can see, so overlapping them cannot be judged.",runs/census-conc/rebasepro-mcp-dt-census-1.dt.jsonl
@rebasepro/mcp,npm:@rebasepro/mcp@0.17.3,14244,cron_get_job_logs,concurrency,skip,no-observable-effect,"Calls succeed but leave nothing this oracle can see, so overlapping them cannot be judged.",runs/census-conc/rebasepro-mcp-dt-census-1.dt.jsonl
@rebasepro/mcp,npm:@rebasepro/mcp@0.17.3,14244,cron_list_jobs,concurrency,skip,no-observable-effect,"Calls succeed but leave nothing this oracle can see, so overlapping them cannot be judged.",runs/census-conc/rebasepro-mcp-dt-census-1.dt.jsonl
@rebasepro/mcp,npm:@rebasepro/mcp@0.17.3,14244,cron_toggle_job,concurrency,skip,call-failed,"No call succeeded even one at a time, so there is no correct behaviour to compare against.",runs/census-conc/rebasepro-mcp-dt-census-1.dt.jsonl
malicious-mcp-server,npm:malicious-mcp-server@1.5.0,13851,codeGenerator,concurrency,skip,no-observable-effect,"Calls succeed but leave nothing this oracle can see, so overlapping them cannot be judged.",runs/census-conc/malicious-mcp-server-dt-census-1.dt.jsonl
malicious-mcp-server,npm:malicious-mcp-server@1.5.0,13851,customerDataProvider,concurrency,skip,no-observable-effect,"Calls succeed but leave nothing this oracle can see, so overlapping them cannot be judged.",runs/census-conc/malicious-mcp-server-dt-census-1.dt.jsonl
malicious-mcp-server,npm:malicious-mcp-server@1.5.0,13851,echo,concurrency,skip,no-observable-effect,"Calls succeed but leave nothing this oracle can see, so overlapping them cannot be judged.",runs/census-conc/malicious-mcp-server-dt-census-1.dt.jsonl
malicious-mcp-server,npm:malicious-mcp-server@1.5.0,13851,messageFormatter,concurrency,skip,no-observable-effect,"Calls succeed but leave nothing this oracle can see, so overlapping them cannot be judged.",runs/census-conc/malicious-mcp-server-dt-census-1.dt.jsonl
malicious-mcp-server,npm:malicious-mcp-server@1.5.0,13851,promptGuardTriggerer,concurrency,skip,no-observable-effect,"Calls succeed but leave nothing this oracle can see, so overlapping them cannot be judged.",runs/census-conc/malicious-mcp-server-dt-census-1.dt.jsonl
malicious-mcp-server,npm:malicious-mcp-server@1.5.0,13851,timeout,concurrency,skip,call-failed,"No call succeeded even one at a time, so there is no correct behaviour to compare against.",runs/census-conc/malicious-mcp-server-dt-census-1.dt.jsonl
hyperbrowser-mcp,npm:hyperbrowser-mcp@1.0.25,13699,browser_use_agent,concurrency,skip,call-failed,"No call succeeded even one at a time, so there is no correct behaviour to compare against.",runs/census-conc/hyperbrowser-mcp-dt-census-1.dt.jsonl
hyperbrowser-mcp,npm:hyperbrowser-mcp@1.0.25,13699,claude_computer_use_agent,concurrency,skip,call-failed,"No call succeeded even one at a time, so there is no correct behaviour to compare against.",runs/census-conc/hyperbrowser-mcp-dt-census-1.dt.jsonl
hyperbrowser-mcp,npm:hyperbrowser-mcp@1.0.25,13699,crawl_webpages,concurrency,skip,call-failed,"No call succeeded even one at a time, so there is no correct behaviour to compare against.",runs/census-conc/hyperbrowser-mcp-dt-census-1.dt.jsonl
hyperbrowser-mcp,npm:hyperbrowser-mcp@1.0.25,13699,create_profile,concurrency,pass,concurrent-matches-sequential,4 overlapping calls left the same shape of state as the same 4 calls run one at a time.,runs/census-conc/hyperbrowser-mcp-dt-census-1.dt.jsonl
hyperbrowser-mcp,npm:hyperbrowser-mcp@1.0.25,13699,delete_profile,concurrency,pass,concurrent-matches-sequential,4 overlapping calls left the same shape of state as the same 4 calls run one at a time.,runs/census-conc/hyperbrowser-mcp-dt-census-1.dt.jsonl
hyperbrowser-mcp,npm:hyperbrowser-mcp@1.0.25,13699,extract_structured_data,concurrency,skip,call-failed,"No call succeeded even one at a time, so there is no correct behaviour to compare against.",runs/census-conc/hyperbrowser-mcp-dt-census-1.dt.jsonl
alibabacloud-devops-mcp-server,npm:alibabacloud-devops-mcp-server@0.3.61,13656,add_host_list_to_deploy_group,concurrency,skip,call-failed,"No call succeeded even one at a time, so there is no correct behaviour to compare against.",runs/census-conc/alibabacloud-devops-mcp-server-dt-census-1.dt.jsonl
alibabacloud-devops-mcp-server,npm:alibabacloud-devops-mcp-server@0.3.61,13656,add_host_list_to_host_group,concurrency,skip,call-failed,"No call succeeded even one at a time, so there is no correct behaviour to compare against.",runs/census-conc/alibabacloud-devops-mcp-server-dt-census-1.dt.jsonl
alibabacloud-devops-mcp-server,npm:alibabacloud-devops-mcp-server@0.3.61,13656,cancel_app_release_stage_execution,concurrency,pass,concurrent-matches-sequential,4 overlapping calls left the same shape of state as the same 4 calls run one at a time.,runs/census-conc/alibabacloud-devops-mcp-server-dt-census-1.dt.jsonl
alibabacloud-devops-mcp-server,npm:alibabacloud-devops-mcp-server@0.3.61,13656,cancel_appstack_change_request,concurrency,skip,call-failed,"No call succeeded even one at a time, so there is no correct behaviour to compare against.",runs/census-conc/alibabacloud-devops-mcp-server-dt-census-1.dt.jsonl
alibabacloud-devops-mcp-server,npm:alibabacloud-devops-mcp-server@0.3.61,13656,close_appstack_change_request,concurrency,skip,call-failed,"No call succeeded even one at a time, so there is no correct behaviour to compare against.",runs/census-conc/alibabacloud-devops-mcp-server-dt-census-1.dt.jsonl
alibabacloud-devops-mcp-server,npm:alibabacloud-devops-mcp-server@0.3.61,13656,compare,concurrency,skip,no-observable-effect,"Calls succeed but leave nothing this oracle can see, so overlapping them cannot be judged.",runs/census-conc/alibabacloud-devops-mcp-server-dt-census-1.dt.jsonl
@delorenj/mcp-server-trello,npm:@delorenj/mcp-server-trello@1.8.1,13618,add_card_to_list,concurrency,pass,concurrent-matches-sequential,4 overlapping calls left the same shape of state as the same 4 calls run one at a time.,runs/census-conc/delorenj-mcp-server-trello-dt-census-1.dt.jsonl
@delorenj/mcp-server-trello,npm:@delorenj/mcp-server-trello@1.8.1,13618,add_cards_to_list,concurrency,pass,concurrent-matches-sequential,4 overlapping calls left the same shape of state as the same 4 calls run one at a time.,runs/census-conc/delorenj-mcp-server-trello-dt-census-1.dt.jsonl
@delorenj/mcp-server-trello,npm:@delorenj/mcp-server-trello@1.8.1,13618,add_checklist_item,concurrency,skip,call-failed,"No call succeeded even one at a time, so there is no correct behaviour to compare against.",runs/census-conc/delorenj-mcp-server-trello-dt-census-1.dt.jsonl
@delorenj/mcp-server-trello,npm:@delorenj/mcp-server-trello@1.8.1,13618,add_comment,concurrency,pass,concurrent-matches-sequential,4 overlapping calls left the same shape of state as the same 4 calls run one at a time.,runs/census-conc/delorenj-mcp-server-trello-dt-census-1.dt.jsonl
@delorenj/mcp-server-trello,npm:@delorenj/mcp-server-trello@1.8.1,13618,add_list_to_board,concurrency,skip,call-failed,"No call succeeded even one at a time, so there is no correct behaviour to compare against.",runs/census-conc/delorenj-mcp-server-trello-dt-census-1.dt.jsonl
@delorenj/mcp-server-trello,npm:@delorenj/mcp-server-trello@1.8.1,13618,archive_card,concurrency,pass,concurrent-matches-sequential,4 overlapping calls left the same shape of state as the same 4 calls run one at a time.,runs/census-conc/delorenj-mcp-server-trello-dt-census-1.dt.jsonl
@roychri/mcp-server-asana,npm:@roychri/mcp-server-asana@1.8.0,13201,asana_add_project_to_task,concurrency,skip,no-observable-effect,"Calls succeed but leave nothing this oracle can see, so overlapping them cannot be judged.",runs/census-conc/roychri-mcp-server-asana-dt-census-1.dt.jsonl
@roychri/mcp-server-asana,npm:@roychri/mcp-server-asana@1.8.0,13201,asana_add_tag_to_task,concurrency,skip,no-observable-effect,"Calls succeed but leave nothing this oracle can see, so overlapping them cannot be judged.",runs/census-conc/roychri-mcp-server-asana-dt-census-1.dt.jsonl
@roychri/mcp-server-asana,npm:@roychri/mcp-server-asana@1.8.0,13201,asana_add_task_dependencies,concurrency,skip,no-observable-effect,"Calls succeed but leave nothing this oracle can see, so overlapping them cannot be judged.",runs/census-conc/roychri-mcp-server-asana-dt-census-1.dt.jsonl
@roychri/mcp-server-asana,npm:@roychri/mcp-server-asana@1.8.0,13201,asana_add_task_dependents,concurrency,skip,no-observable-effect,"Calls succeed but leave nothing this oracle can see, so overlapping them cannot be judged.",runs/census-conc/roychri-mcp-server-asana-dt-census-1.dt.jsonl
@roychri/mcp-server-asana,npm:@roychri/mcp-server-asana@1.8.0,13201,asana_add_task_to_section,concurrency,skip,no-observable-effect,"Calls succeed but leave nothing this oracle can see, so overlapping them cannot be judged.",runs/census-conc/roychri-mcp-server-asana-dt-census-1.dt.jsonl
@roychri/mcp-server-asana,npm:@roychri/mcp-server-asana@1.8.0,13201,asana_create_project,concurrency,skip,no-observable-effect,"Calls succeed but leave nothing this oracle can see, so overlapping them cannot be judged.",runs/census-conc/roychri-mcp-server-asana-dt-census-1.dt.jsonl
@arizeai/phoenix-mcp,npm:@arizeai/phoenix-mcp@4.3.7,13147,add-dataset-examples,concurrency,skip,call-failed,"No call succeeded even one at a time, so there is no correct behaviour to compare against.",runs/census-conc/arizeai-phoenix-mcp-dt-census-1.dt.jsonl
@arizeai/phoenix-mcp,npm:@arizeai/phoenix-mcp@4.3.7,13147,add-prompt-version-tag,concurrency,pass,concurrent-matches-sequential,4 overlapping calls left the same shape of state as the same 4 calls run one at a time.,runs/census-conc/arizeai-phoenix-mcp-dt-census-1.dt.jsonl
@arizeai/phoenix-mcp,npm:@arizeai/phoenix-mcp@4.3.7,13147,get-dataset,concurrency,skip,call-failed,"No call succeeded even one at a time, so there is no correct behaviour to compare against.",runs/census-conc/arizeai-phoenix-mcp-dt-census-1.dt.jsonl
@arizeai/phoenix-mcp,npm:@arizeai/phoenix-mcp@4.3.7,13147,get-dataset-examples,concurrency,skip,call-failed,"No call succeeded even one at a time, so there is no correct behaviour to compare against.",runs/census-conc/arizeai-phoenix-mcp-dt-census-1.dt.jsonl
@arizeai/phoenix-mcp,npm:@arizeai/phoenix-mcp@4.3.7,13147,get-dataset-experiments,concurrency,skip,call-failed,"No call succeeded even one at a time, so there is no correct behaviour to compare against.",runs/census-conc/arizeai-phoenix-mcp-dt-census-1.dt.jsonl
@arizeai/phoenix-mcp,npm:@arizeai/phoenix-mcp@4.3.7,13147,get-experiment-by-id,concurrency,skip,no-observable-effect,"Calls succeed but leave nothing this oracle can see, so overlapping them cannot be judged.",runs/census-conc/arizeai-phoenix-mcp-dt-census-1.dt.jsonl
@vizejs/musea-mcp-server,npm:@vizejs/musea-mcp-server@0.390.0,13031,analyze_component,concurrency,skip,call-failed,"No call succeeded even one at a time, so there is no correct behaviour to compare against.",runs/census-conc/vizejs-musea-mcp-server-dt-census-1.dt.jsonl
@vizejs/musea-mcp-server,npm:@vizejs/musea-mcp-server@0.390.0,13031,generate_catalog,concurrency,skip,no-observable-effect,"Calls succeed but leave nothing this oracle can see, so overlapping them cannot be judged.",runs/census-conc/vizejs-musea-mcp-server-dt-census-1.dt.jsonl
@vizejs/musea-mcp-server,npm:@vizejs/musea-mcp-server@0.390.0,13031,generate_csf,concurrency,skip,call-failed,"No call succeeded even one at a time, so there is no correct behaviour to compare against.",runs/census-conc/vizejs-musea-mcp-server-dt-census-1.dt.jsonl
@vizejs/musea-mcp-server,npm:@vizejs/musea-mcp-server@0.390.0,13031,generate_docs,concurrency,skip,call-failed,"No call succeeded even one at a time, so there is no correct behaviour to compare against.",runs/census-conc/vizejs-musea-mcp-server-dt-census-1.dt.jsonl
@vizejs/musea-mcp-server,npm:@vizejs/musea-mcp-server@0.390.0,13031,generate_variants,concurrency,skip,call-failed,"No call succeeded even one at a time, so there is no correct behaviour to compare against.",runs/census-conc/vizejs-musea-mcp-server-dt-census-1.dt.jsonl
@vizejs/musea-mcp-server,npm:@vizejs/musea-mcp-server@0.390.0,13031,get_component,concurrency,skip,call-failed,"No call succeeded even one at a time, so there is no correct behaviour to compare against.",runs/census-conc/vizejs-musea-mcp-server-dt-census-1.dt.jsonl