server,source,monthlyInstalls,tool,probe,status,code,claim,trace
@modelcontextprotocol/server-filesystem,npm:@modelcontextprotocol/server-filesystem,2334928,create_directory,idempotency,pass,retry-converged,An identical retry left the observable state unchanged.,runs/census-v5/filesystem-dt-census-1.dt.jsonl
@modelcontextprotocol/server-filesystem,npm:@modelcontextprotocol/server-filesystem,2334928,create_directory,partial-failure,pass,retry-converged,"After a lost acknowledgement and a reconnect, an identical retry converged on the same state.",runs/census-v5/filesystem-dt-census-1.dt.jsonl
@modelcontextprotocol/server-filesystem,npm:@modelcontextprotocol/server-filesystem,2334928,create_directory,partial-failure,pass,truncated-frame-ignored,"A request frame cut in half changed nothing, as it must.",runs/census-v5/filesystem-dt-census-1.dt.jsonl
@modelcontextprotocol/server-filesystem,npm:@modelcontextprotocol/server-filesystem,2334928,create_directory,upstream-idempotency,skip,no-upstream-call,"The call sent nothing upstream, so there is no remote side effect to retry.",runs/census-v5/filesystem-dt-census-1.dt.jsonl
@modelcontextprotocol/server-filesystem,npm:@modelcontextprotocol/server-filesystem,2334928,create_directory,concurrency,pass,concurrent-matches-sequential,4 overlapping calls left the same shape of state as the same 4 calls run one at a time.,runs/census-v5/filesystem-dt-census-1.dt.jsonl
@modelcontextprotocol/server-filesystem,npm:@modelcontextprotocol/server-filesystem,2334928,directory_tree,answer-stability,pass,answer-reproducible,Two identical calls returned identical answers.,runs/census-v5/filesystem-dt-census-1.dt.jsonl
@modelcontextprotocol/server-filesystem,npm:@modelcontextprotocol/server-filesystem,2334928,directory_tree,idempotency,pass,read-only-confirmed,Declares readOnlyHint: true and a successful call left the observable state unchanged.,runs/census-v5/filesystem-dt-census-1.dt.jsonl
@modelcontextprotocol/server-filesystem,npm:@modelcontextprotocol/server-filesystem,2334928,directory_tree,partial-failure,skip,read-only-confirmed,"The tool declares readOnlyHint, so there is no effect to leave half done.",runs/census-v5/filesystem-dt-census-1.dt.jsonl
@modelcontextprotocol/server-filesystem,npm:@modelcontextprotocol/server-filesystem,2334928,directory_tree,upstream-idempotency,skip,no-upstream-call,"The call sent nothing upstream, so there is no remote side effect to retry.",runs/census-v5/filesystem-dt-census-1.dt.jsonl
@modelcontextprotocol/server-filesystem,npm:@modelcontextprotocol/server-filesystem,2334928,directory_tree,concurrency,skip,read-only-confirmed,"The tool declares readOnlyHint, so overlapping calls have nothing to corrupt.",runs/census-v5/filesystem-dt-census-1.dt.jsonl
@modelcontextprotocol/server-filesystem,npm:@modelcontextprotocol/server-filesystem,2334928,edit_file,idempotency,pass,retry-converged,An identical retry left the observable state unchanged.,runs/census-v5/filesystem-dt-census-1.dt.jsonl
@modelcontextprotocol/server-filesystem,npm:@modelcontextprotocol/server-filesystem,2334928,edit_file,retry-signal,fail,retry-answer-differs,"The effect was applied once, but the retry reported failure, which tells a retrying client the operation did not happen.",runs/census-v5/filesystem-dt-census-1.dt.jsonl
@modelcontextprotocol/server-filesystem,npm:@modelcontextprotocol/server-filesystem,2334928,edit_file,partial-failure,pass,retry-converged,"After a lost acknowledgement and a reconnect, an identical retry converged on the same state.",runs/census-v5/filesystem-dt-census-1.dt.jsonl
@modelcontextprotocol/server-filesystem,npm:@modelcontextprotocol/server-filesystem,2334928,edit_file,partial-failure,pass,truncated-frame-ignored,"A request frame cut in half changed nothing, as it must.",runs/census-v5/filesystem-dt-census-1.dt.jsonl
@modelcontextprotocol/server-filesystem,npm:@modelcontextprotocol/server-filesystem,2334928,edit_file,upstream-idempotency,skip,no-upstream-call,"The call sent nothing upstream, so there is no remote side effect to retry.",runs/census-v5/filesystem-dt-census-1.dt.jsonl
@modelcontextprotocol/server-filesystem,npm:@modelcontextprotocol/server-filesystem,2334928,edit_file,concurrency,pass,concurrent-matches-sequential,4 overlapping calls left the same shape of state as the same 4 calls run one at a time.,runs/census-v5/filesystem-dt-census-1.dt.jsonl
@modelcontextprotocol/server-filesystem,npm:@modelcontextprotocol/server-filesystem,2334928,get_file_info,answer-stability,pass,answer-reproducible,Two identical calls returned identical answers.,runs/census-v5/filesystem-dt-census-1.dt.jsonl
@modelcontextprotocol/server-filesystem,npm:@modelcontextprotocol/server-filesystem,2334928,get_file_info,idempotency,pass,read-only-confirmed,Declares readOnlyHint: true and a successful call left the observable state unchanged.,runs/census-v5/filesystem-dt-census-1.dt.jsonl
@modelcontextprotocol/server-filesystem,npm:@modelcontextprotocol/server-filesystem,2334928,get_file_info,partial-failure,skip,read-only-confirmed,"The tool declares readOnlyHint, so there is no effect to leave half done.",runs/census-v5/filesystem-dt-census-1.dt.jsonl
@modelcontextprotocol/server-filesystem,npm:@modelcontextprotocol/server-filesystem,2334928,get_file_info,upstream-idempotency,skip,no-upstream-call,"The call sent nothing upstream, so there is no remote side effect to retry.",runs/census-v5/filesystem-dt-census-1.dt.jsonl
@modelcontextprotocol/server-filesystem,npm:@modelcontextprotocol/server-filesystem,2334928,get_file_info,concurrency,skip,read-only-confirmed,"The tool declares readOnlyHint, so overlapping calls have nothing to corrupt.",runs/census-v5/filesystem-dt-census-1.dt.jsonl
@modelcontextprotocol/server-filesystem,npm:@modelcontextprotocol/server-filesystem,2334928,list_allowed_directories,answer-stability,pass,answer-reproducible,Two identical calls returned identical answers.,runs/census-v5/filesystem-dt-census-1.dt.jsonl
@modelcontextprotocol/server-filesystem,npm:@modelcontextprotocol/server-filesystem,2334928,list_allowed_directories,idempotency,pass,read-only-confirmed,Declares readOnlyHint: true and a successful call left the observable state unchanged.,runs/census-v5/filesystem-dt-census-1.dt.jsonl
@modelcontextprotocol/server-filesystem,npm:@modelcontextprotocol/server-filesystem,2334928,list_allowed_directories,partial-failure,skip,read-only-confirmed,"The tool declares readOnlyHint, so there is no effect to leave half done.",runs/census-v5/filesystem-dt-census-1.dt.jsonl
@modelcontextprotocol/server-filesystem,npm:@modelcontextprotocol/server-filesystem,2334928,list_allowed_directories,upstream-idempotency,skip,no-upstream-call,"The call sent nothing upstream, so there is no remote side effect to retry.",runs/census-v5/filesystem-dt-census-1.dt.jsonl
@modelcontextprotocol/server-filesystem,npm:@modelcontextprotocol/server-filesystem,2334928,list_allowed_directories,concurrency,skip,read-only-confirmed,"The tool declares readOnlyHint, so overlapping calls have nothing to corrupt.",runs/census-v5/filesystem-dt-census-1.dt.jsonl
@modelcontextprotocol/server-filesystem,npm:@modelcontextprotocol/server-filesystem,2334928,list_directory,answer-stability,pass,answer-reproducible,Two identical calls returned identical answers.,runs/census-v5/filesystem-dt-census-1.dt.jsonl
@modelcontextprotocol/server-filesystem,npm:@modelcontextprotocol/server-filesystem,2334928,list_directory,idempotency,pass,read-only-confirmed,Declares readOnlyHint: true and a successful call left the observable state unchanged.,runs/census-v5/filesystem-dt-census-1.dt.jsonl
@modelcontextprotocol/server-filesystem,npm:@modelcontextprotocol/server-filesystem,2334928,list_directory,partial-failure,skip,read-only-confirmed,"The tool declares readOnlyHint, so there is no effect to leave half done.",runs/census-v5/filesystem-dt-census-1.dt.jsonl
@modelcontextprotocol/server-filesystem,npm:@modelcontextprotocol/server-filesystem,2334928,list_directory,upstream-idempotency,skip,no-upstream-call,"The call sent nothing upstream, so there is no remote side effect to retry.",runs/census-v5/filesystem-dt-census-1.dt.jsonl
@modelcontextprotocol/server-filesystem,npm:@modelcontextprotocol/server-filesystem,2334928,list_directory,concurrency,skip,read-only-confirmed,"The tool declares readOnlyHint, so overlapping calls have nothing to corrupt.",runs/census-v5/filesystem-dt-census-1.dt.jsonl
@modelcontextprotocol/server-filesystem,npm:@modelcontextprotocol/server-filesystem,2334928,list_directory_with_sizes,answer-stability,pass,answer-reproducible,Two identical calls returned identical answers.,runs/census-v5/filesystem-dt-census-1.dt.jsonl
@modelcontextprotocol/server-filesystem,npm:@modelcontextprotocol/server-filesystem,2334928,list_directory_with_sizes,idempotency,pass,read-only-confirmed,Declares readOnlyHint: true and a successful call left the observable state unchanged.,runs/census-v5/filesystem-dt-census-1.dt.jsonl
@modelcontextprotocol/server-filesystem,npm:@modelcontextprotocol/server-filesystem,2334928,list_directory_with_sizes,partial-failure,skip,read-only-confirmed,"The tool declares readOnlyHint, so there is no effect to leave half done.",runs/census-v5/filesystem-dt-census-1.dt.jsonl
@modelcontextprotocol/server-filesystem,npm:@modelcontextprotocol/server-filesystem,2334928,list_directory_with_sizes,upstream-idempotency,skip,no-upstream-call,"The call sent nothing upstream, so there is no remote side effect to retry.",runs/census-v5/filesystem-dt-census-1.dt.jsonl
@modelcontextprotocol/server-filesystem,npm:@modelcontextprotocol/server-filesystem,2334928,list_directory_with_sizes,concurrency,skip,read-only-confirmed,"The tool declares readOnlyHint, so overlapping calls have nothing to corrupt.",runs/census-v5/filesystem-dt-census-1.dt.jsonl
@modelcontextprotocol/server-filesystem,npm:@modelcontextprotocol/server-filesystem,2334928,move_file,idempotency,pass,retry-converged,An identical retry left the observable state unchanged.,runs/census-v5/filesystem-dt-census-1.dt.jsonl
@modelcontextprotocol/server-filesystem,npm:@modelcontextprotocol/server-filesystem,2334928,move_file,retry-signal,fail,retry-answer-differs,"The effect was applied once, but the retry reported failure, which tells a retrying client the operation did not happen.",runs/census-v5/filesystem-dt-census-1.dt.jsonl
@modelcontextprotocol/server-filesystem,npm:@modelcontextprotocol/server-filesystem,2334928,move_file,partial-failure,pass,retry-converged,"After a lost acknowledgement and a reconnect, an identical retry converged on the same state.",runs/census-v5/filesystem-dt-census-1.dt.jsonl
@modelcontextprotocol/server-filesystem,npm:@modelcontextprotocol/server-filesystem,2334928,move_file,partial-failure,pass,truncated-frame-ignored,"A request frame cut in half changed nothing, as it must.",runs/census-v5/filesystem-dt-census-1.dt.jsonl
@modelcontextprotocol/server-filesystem,npm:@modelcontextprotocol/server-filesystem,2334928,move_file,upstream-idempotency,skip,no-upstream-call,"The call sent nothing upstream, so there is no remote side effect to retry.",runs/census-v5/filesystem-dt-census-1.dt.jsonl
@modelcontextprotocol/server-filesystem,npm:@modelcontextprotocol/server-filesystem,2334928,move_file,concurrency,pass,concurrent-matches-sequential,4 overlapping calls left the same shape of state as the same 4 calls run one at a time.,runs/census-v5/filesystem-dt-census-1.dt.jsonl
@modelcontextprotocol/server-memory,npm:@modelcontextprotocol/server-memory,364588,add_observations,idempotency,skip,call-failed,"The first call did not succeed, so no retry behaviour could be observed.",runs/census-v5/memory-dt-census-1.dt.jsonl
@modelcontextprotocol/server-memory,npm:@modelcontextprotocol/server-memory,364588,add_observations,partial-failure,skip,call-failed,"An uninterrupted call did not succeed, so there is no reference effect to interrupt.",runs/census-v5/memory-dt-census-1.dt.jsonl
@modelcontextprotocol/server-memory,npm:@modelcontextprotocol/server-memory,364588,add_observations,upstream-idempotency,skip,no-upstream-call,"The call sent nothing upstream, so there is no remote side effect to retry.",runs/census-v5/memory-dt-census-1.dt.jsonl
@modelcontextprotocol/server-memory,npm:@modelcontextprotocol/server-memory,364588,add_observations,concurrency,skip,call-failed,"No call succeeded even one at a time, so there is no correct behaviour to compare against.",runs/census-v5/memory-dt-census-1.dt.jsonl
@modelcontextprotocol/server-memory,npm:@modelcontextprotocol/server-memory,364588,create_entities,idempotency,pass,retry-converged,An identical retry left the observable state unchanged.,runs/census-v5/memory-dt-census-1.dt.jsonl
@modelcontextprotocol/server-memory,npm:@modelcontextprotocol/server-memory,364588,create_entities,retry-signal,fail,retry-answer-differs,"A retry left the state unchanged but returned a different answer, so a client cannot tell a duplicate from a fresh success.",runs/census-v5/memory-dt-census-1.dt.jsonl
@modelcontextprotocol/server-memory,npm:@modelcontextprotocol/server-memory,364588,create_entities,partial-failure,pass,retry-converged,"After a lost acknowledgement and a reconnect, an identical retry converged on the same state.",runs/census-v5/memory-dt-census-1.dt.jsonl
@modelcontextprotocol/server-memory,npm:@modelcontextprotocol/server-memory,364588,create_entities,partial-failure,pass,truncated-frame-ignored,"A request frame cut in half changed nothing, as it must.",runs/census-v5/memory-dt-census-1.dt.jsonl
@modelcontextprotocol/server-memory,npm:@modelcontextprotocol/server-memory,364588,create_entities,upstream-idempotency,skip,no-upstream-call,"The call sent nothing upstream, so there is no remote side effect to retry.",runs/census-v5/memory-dt-census-1.dt.jsonl
@modelcontextprotocol/server-memory,npm:@modelcontextprotocol/server-memory,364588,create_entities,concurrency,pass,concurrent-matches-sequential,4 overlapping calls left the same shape of state as the same 4 calls run one at a time.,runs/census-v5/memory-dt-census-1.dt.jsonl
@modelcontextprotocol/server-memory,npm:@modelcontextprotocol/server-memory,364588,create_relations,idempotency,pass,retry-converged,An identical retry left the observable state unchanged.,runs/census-v5/memory-dt-census-1.dt.jsonl
@modelcontextprotocol/server-memory,npm:@modelcontextprotocol/server-memory,364588,create_relations,retry-signal,fail,retry-answer-differs,"A retry left the state unchanged but returned a different answer, so a client cannot tell a duplicate from a fresh success.",runs/census-v5/memory-dt-census-1.dt.jsonl
@modelcontextprotocol/server-memory,npm:@modelcontextprotocol/server-memory,364588,create_relations,partial-failure,pass,retry-converged,"After a lost acknowledgement and a reconnect, an identical retry converged on the same state.",runs/census-v5/memory-dt-census-1.dt.jsonl
@modelcontextprotocol/server-memory,npm:@modelcontextprotocol/server-memory,364588,create_relations,partial-failure,pass,truncated-frame-ignored,"A request frame cut in half changed nothing, as it must.",runs/census-v5/memory-dt-census-1.dt.jsonl
@modelcontextprotocol/server-memory,npm:@modelcontextprotocol/server-memory,364588,create_relations,upstream-idempotency,skip,no-upstream-call,"The call sent nothing upstream, so there is no remote side effect to retry.",runs/census-v5/memory-dt-census-1.dt.jsonl
@modelcontextprotocol/server-memory,npm:@modelcontextprotocol/server-memory,364588,create_relations,concurrency,pass,concurrent-matches-sequential,4 overlapping calls left the same shape of state as the same 4 calls run one at a time.,runs/census-v5/memory-dt-census-1.dt.jsonl
@modelcontextprotocol/server-memory,npm:@modelcontextprotocol/server-memory,364588,delete_entities,answer-stability,pass,answer-reproducible,Two identical calls returned identical answers.,runs/census-v5/memory-dt-census-1.dt.jsonl
@modelcontextprotocol/server-memory,npm:@modelcontextprotocol/server-memory,364588,delete_entities,idempotency,skip,no-observable-effect,"A successful call produced no observable state change, so retry safety cannot be decided by this oracle.",runs/census-v5/memory-dt-census-1.dt.jsonl
@modelcontextprotocol/server-memory,npm:@modelcontextprotocol/server-memory,364588,delete_entities,partial-failure,skip,no-observable-effect,"A clean call produced no observable state change, so an interrupted one cannot be judged by this oracle.",runs/census-v5/memory-dt-census-1.dt.jsonl
@modelcontextprotocol/server-memory,npm:@modelcontextprotocol/server-memory,364588,delete_entities,upstream-idempotency,skip,no-upstream-call,"The call sent nothing upstream, so there is no remote side effect to retry.",runs/census-v5/memory-dt-census-1.dt.jsonl
@modelcontextprotocol/server-memory,npm:@modelcontextprotocol/server-memory,364588,delete_entities,concurrency,skip,no-observable-effect,"Calls succeed but leave nothing this oracle can see, so overlapping them cannot be judged.",runs/census-v5/memory-dt-census-1.dt.jsonl
@modelcontextprotocol/server-memory,npm:@modelcontextprotocol/server-memory,364588,delete_observations,answer-stability,pass,answer-reproducible,Two identical calls returned identical answers.,runs/census-v5/memory-dt-census-1.dt.jsonl
@modelcontextprotocol/server-memory,npm:@modelcontextprotocol/server-memory,364588,delete_observations,idempotency,skip,no-observable-effect,"A successful call produced no observable state change, so retry safety cannot be decided by this oracle.",runs/census-v5/memory-dt-census-1.dt.jsonl
@modelcontextprotocol/server-memory,npm:@modelcontextprotocol/server-memory,364588,delete_observations,partial-failure,skip,no-observable-effect,"A clean call produced no observable state change, so an interrupted one cannot be judged by this oracle.",runs/census-v5/memory-dt-census-1.dt.jsonl
@modelcontextprotocol/server-memory,npm:@modelcontextprotocol/server-memory,364588,delete_observations,upstream-idempotency,skip,no-upstream-call,"The call sent nothing upstream, so there is no remote side effect to retry.",runs/census-v5/memory-dt-census-1.dt.jsonl
@modelcontextprotocol/server-memory,npm:@modelcontextprotocol/server-memory,364588,delete_observations,concurrency,skip,no-observable-effect,"Calls succeed but leave nothing this oracle can see, so overlapping them cannot be judged.",runs/census-v5/memory-dt-census-1.dt.jsonl
@modelcontextprotocol/server-memory,npm:@modelcontextprotocol/server-memory,364588,delete_relations,answer-stability,pass,answer-reproducible,Two identical calls returned identical answers.,runs/census-v5/memory-dt-census-1.dt.jsonl
@modelcontextprotocol/server-memory,npm:@modelcontextprotocol/server-memory,364588,delete_relations,idempotency,skip,no-observable-effect,"A successful call produced no observable state change, so retry safety cannot be decided by this oracle.",runs/census-v5/memory-dt-census-1.dt.jsonl
@modelcontextprotocol/server-memory,npm:@modelcontextprotocol/server-memory,364588,delete_relations,partial-failure,skip,no-observable-effect,"A clean call produced no observable state change, so an interrupted one cannot be judged by this oracle.",runs/census-v5/memory-dt-census-1.dt.jsonl
@modelcontextprotocol/server-memory,npm:@modelcontextprotocol/server-memory,364588,delete_relations,upstream-idempotency,skip,no-upstream-call,"The call sent nothing upstream, so there is no remote side effect to retry.",runs/census-v5/memory-dt-census-1.dt.jsonl
@modelcontextprotocol/server-memory,npm:@modelcontextprotocol/server-memory,364588,delete_relations,concurrency,skip,no-observable-effect,"Calls succeed but leave nothing this oracle can see, so overlapping them cannot be judged.",runs/census-v5/memory-dt-census-1.dt.jsonl
@modelcontextprotocol/server-memory,npm:@modelcontextprotocol/server-memory,364588,open_nodes,answer-stability,pass,answer-reproducible,Two identical calls returned identical answers.,runs/census-v5/memory-dt-census-1.dt.jsonl
@modelcontextprotocol/server-memory,npm:@modelcontextprotocol/server-memory,364588,open_nodes,idempotency,pass,read-only-confirmed,Declares readOnlyHint: true and a successful call left the observable state unchanged.,runs/census-v5/memory-dt-census-1.dt.jsonl
@modelcontextprotocol/server-memory,npm:@modelcontextprotocol/server-memory,364588,open_nodes,partial-failure,skip,read-only-confirmed,"The tool declares readOnlyHint, so there is no effect to leave half done.",runs/census-v5/memory-dt-census-1.dt.jsonl
@modelcontextprotocol/server-memory,npm:@modelcontextprotocol/server-memory,364588,open_nodes,upstream-idempotency,skip,no-upstream-call,"The call sent nothing upstream, so there is no remote side effect to retry.",runs/census-v5/memory-dt-census-1.dt.jsonl
@modelcontextprotocol/server-memory,npm:@modelcontextprotocol/server-memory,364588,open_nodes,concurrency,skip,read-only-confirmed,"The tool declares readOnlyHint, so overlapping calls have nothing to corrupt.",runs/census-v5/memory-dt-census-1.dt.jsonl
@modelcontextprotocol/server-memory,npm:@modelcontextprotocol/server-memory,364588,read_graph,answer-stability,pass,answer-reproducible,Two identical calls returned identical answers.,runs/census-v5/memory-dt-census-1.dt.jsonl
@modelcontextprotocol/server-memory,npm:@modelcontextprotocol/server-memory,364588,read_graph,idempotency,pass,read-only-confirmed,Declares readOnlyHint: true and a successful call left the observable state unchanged.,runs/census-v5/memory-dt-census-1.dt.jsonl
@modelcontextprotocol/server-memory,npm:@modelcontextprotocol/server-memory,364588,read_graph,partial-failure,skip,read-only-confirmed,"The tool declares readOnlyHint, so there is no effect to leave half done.",runs/census-v5/memory-dt-census-1.dt.jsonl
@modelcontextprotocol/server-memory,npm:@modelcontextprotocol/server-memory,364588,read_graph,upstream-idempotency,skip,no-upstream-call,"The call sent nothing upstream, so there is no remote side effect to retry.",runs/census-v5/memory-dt-census-1.dt.jsonl
@modelcontextprotocol/server-memory,npm:@modelcontextprotocol/server-memory,364588,read_graph,concurrency,skip,read-only-confirmed,"The tool declares readOnlyHint, so overlapping calls have nothing to corrupt.",runs/census-v5/memory-dt-census-1.dt.jsonl
@modelcontextprotocol/server-everything,npm:@modelcontextprotocol/server-everything,800463,echo,answer-stability,pass,answer-reproducible,Two identical calls returned identical answers.,runs/census-v5/everything-dt-census-1.dt.jsonl
@modelcontextprotocol/server-everything,npm:@modelcontextprotocol/server-everything,800463,echo,idempotency,pass,read-only-confirmed,Declares readOnlyHint: true and a successful call left the observable state unchanged.,runs/census-v5/everything-dt-census-1.dt.jsonl
@modelcontextprotocol/server-everything,npm:@modelcontextprotocol/server-everything,800463,echo,partial-failure,skip,read-only-confirmed,"The tool declares readOnlyHint, so there is no effect to leave half done.",runs/census-v5/everything-dt-census-1.dt.jsonl
@modelcontextprotocol/server-everything,npm:@modelcontextprotocol/server-everything,800463,echo,upstream-idempotency,skip,no-upstream-call,"The call sent nothing upstream, so there is no remote side effect to retry.",runs/census-v5/everything-dt-census-1.dt.jsonl
@modelcontextprotocol/server-everything,npm:@modelcontextprotocol/server-everything,800463,echo,concurrency,skip,read-only-confirmed,"The tool declares readOnlyHint, so overlapping calls have nothing to corrupt.",runs/census-v5/everything-dt-census-1.dt.jsonl
@modelcontextprotocol/server-everything,npm:@modelcontextprotocol/server-everything,800463,get-annotated-message,answer-stability,pass,answer-reproducible,Two identical calls returned identical answers.,runs/census-v5/everything-dt-census-1.dt.jsonl
@modelcontextprotocol/server-everything,npm:@modelcontextprotocol/server-everything,800463,get-annotated-message,idempotency,pass,read-only-confirmed,Declares readOnlyHint: true and a successful call left the observable state unchanged.,runs/census-v5/everything-dt-census-1.dt.jsonl
@modelcontextprotocol/server-everything,npm:@modelcontextprotocol/server-everything,800463,get-annotated-message,partial-failure,skip,read-only-confirmed,"The tool declares readOnlyHint, so there is no effect to leave half done.",runs/census-v5/everything-dt-census-1.dt.jsonl
@modelcontextprotocol/server-everything,npm:@modelcontextprotocol/server-everything,800463,get-annotated-message,upstream-idempotency,skip,no-upstream-call,"The call sent nothing upstream, so there is no remote side effect to retry.",runs/census-v5/everything-dt-census-1.dt.jsonl
@modelcontextprotocol/server-everything,npm:@modelcontextprotocol/server-everything,800463,get-annotated-message,concurrency,skip,read-only-confirmed,"The tool declares readOnlyHint, so overlapping calls have nothing to corrupt.",runs/census-v5/everything-dt-census-1.dt.jsonl
@modelcontextprotocol/server-everything,npm:@modelcontextprotocol/server-everything,800463,get-env,answer-stability,pass,answer-reproducible,Two identical calls returned identical answers.,runs/census-v5/everything-dt-census-1.dt.jsonl
@modelcontextprotocol/server-everything,npm:@modelcontextprotocol/server-everything,800463,get-env,idempotency,pass,read-only-confirmed,Declares readOnlyHint: true and a successful call left the observable state unchanged.,runs/census-v5/everything-dt-census-1.dt.jsonl
@modelcontextprotocol/server-everything,npm:@modelcontextprotocol/server-everything,800463,get-env,partial-failure,skip,read-only-confirmed,"The tool declares readOnlyHint, so there is no effect to leave half done.",runs/census-v5/everything-dt-census-1.dt.jsonl
@modelcontextprotocol/server-everything,npm:@modelcontextprotocol/server-everything,800463,get-env,upstream-idempotency,skip,no-upstream-call,"The call sent nothing upstream, so there is no remote side effect to retry.",runs/census-v5/everything-dt-census-1.dt.jsonl
@modelcontextprotocol/server-everything,npm:@modelcontextprotocol/server-everything,800463,get-env,concurrency,skip,read-only-confirmed,"The tool declares readOnlyHint, so overlapping calls have nothing to corrupt.",runs/census-v5/everything-dt-census-1.dt.jsonl
@modelcontextprotocol/server-everything,npm:@modelcontextprotocol/server-everything,800463,get-resource-links,answer-stability,pass,answer-reproducible,Two identical calls returned identical answers.,runs/census-v5/everything-dt-census-1.dt.jsonl
@modelcontextprotocol/server-everything,npm:@modelcontextprotocol/server-everything,800463,get-resource-links,idempotency,pass,read-only-confirmed,Declares readOnlyHint: true and a successful call left the observable state unchanged.,runs/census-v5/everything-dt-census-1.dt.jsonl
@modelcontextprotocol/server-everything,npm:@modelcontextprotocol/server-everything,800463,get-resource-links,partial-failure,skip,read-only-confirmed,"The tool declares readOnlyHint, so there is no effect to leave half done.",runs/census-v5/everything-dt-census-1.dt.jsonl
@modelcontextprotocol/server-everything,npm:@modelcontextprotocol/server-everything,800463,get-resource-links,upstream-idempotency,skip,no-upstream-call,"The call sent nothing upstream, so there is no remote side effect to retry.",runs/census-v5/everything-dt-census-1.dt.jsonl
@modelcontextprotocol/server-everything,npm:@modelcontextprotocol/server-everything,800463,get-resource-links,concurrency,skip,read-only-confirmed,"The tool declares readOnlyHint, so overlapping calls have nothing to corrupt.",runs/census-v5/everything-dt-census-1.dt.jsonl
@modelcontextprotocol/server-everything,npm:@modelcontextprotocol/server-everything,800463,get-resource-reference,answer-stability,pass,answer-reproducible,Two identical calls returned identical answers.,runs/census-v5/everything-dt-census-1.dt.jsonl
@modelcontextprotocol/server-everything,npm:@modelcontextprotocol/server-everything,800463,get-resource-reference,idempotency,pass,read-only-confirmed,Declares readOnlyHint: true and a successful call left the observable state unchanged.,runs/census-v5/everything-dt-census-1.dt.jsonl
@modelcontextprotocol/server-everything,npm:@modelcontextprotocol/server-everything,800463,get-resource-reference,partial-failure,skip,read-only-confirmed,"The tool declares readOnlyHint, so there is no effect to leave half done.",runs/census-v5/everything-dt-census-1.dt.jsonl
@modelcontextprotocol/server-everything,npm:@modelcontextprotocol/server-everything,800463,get-resource-reference,upstream-idempotency,skip,no-upstream-call,"The call sent nothing upstream, so there is no remote side effect to retry.",runs/census-v5/everything-dt-census-1.dt.jsonl
@modelcontextprotocol/server-everything,npm:@modelcontextprotocol/server-everything,800463,get-resource-reference,concurrency,skip,read-only-confirmed,"The tool declares readOnlyHint, so overlapping calls have nothing to corrupt.",runs/census-v5/everything-dt-census-1.dt.jsonl
@modelcontextprotocol/server-everything,npm:@modelcontextprotocol/server-everything,800463,get-roots-list,idempotency,skip,call-failed,"The first call did not succeed, so no retry behaviour could be observed.",runs/census-v5/everything-dt-census-1.dt.jsonl
@modelcontextprotocol/server-everything,npm:@modelcontextprotocol/server-everything,800463,get-roots-list,partial-failure,skip,read-only-confirmed,"The tool declares readOnlyHint, so there is no effect to leave half done.",runs/census-v5/everything-dt-census-1.dt.jsonl
@modelcontextprotocol/server-everything,npm:@modelcontextprotocol/server-everything,800463,get-roots-list,upstream-idempotency,skip,no-upstream-call,"The call sent nothing upstream, so there is no remote side effect to retry.",runs/census-v5/everything-dt-census-1.dt.jsonl
@modelcontextprotocol/server-everything,npm:@modelcontextprotocol/server-everything,800463,get-roots-list,concurrency,skip,read-only-confirmed,"The tool declares readOnlyHint, so overlapping calls have nothing to corrupt.",runs/census-v5/everything-dt-census-1.dt.jsonl
@modelcontextprotocol/server-everything,npm:@modelcontextprotocol/server-everything,800463,get-structured-content,answer-stability,pass,answer-reproducible,Two identical calls returned identical answers.,runs/census-v5/everything-dt-census-1.dt.jsonl
@modelcontextprotocol/server-everything,npm:@modelcontextprotocol/server-everything,800463,get-structured-content,idempotency,pass,read-only-confirmed,Declares readOnlyHint: true and a successful call left the observable state unchanged.,runs/census-v5/everything-dt-census-1.dt.jsonl
@modelcontextprotocol/server-everything,npm:@modelcontextprotocol/server-everything,800463,get-structured-content,partial-failure,skip,read-only-confirmed,"The tool declares readOnlyHint, so there is no effect to leave half done.",runs/census-v5/everything-dt-census-1.dt.jsonl
@modelcontextprotocol/server-everything,npm:@modelcontextprotocol/server-everything,800463,get-structured-content,upstream-idempotency,skip,no-upstream-call,"The call sent nothing upstream, so there is no remote side effect to retry.",runs/census-v5/everything-dt-census-1.dt.jsonl
@modelcontextprotocol/server-everything,npm:@modelcontextprotocol/server-everything,800463,get-structured-content,concurrency,skip,read-only-confirmed,"The tool declares readOnlyHint, so overlapping calls have nothing to corrupt.",runs/census-v5/everything-dt-census-1.dt.jsonl
@modelcontextprotocol/server-everything,npm:@modelcontextprotocol/server-everything,800463,get-sum,answer-stability,pass,answer-reproducible,Two identical calls returned identical answers.,runs/census-v5/everything-dt-census-1.dt.jsonl
@modelcontextprotocol/server-everything,npm:@modelcontextprotocol/server-everything,800463,get-sum,idempotency,pass,read-only-confirmed,Declares readOnlyHint: true and a successful call left the observable state unchanged.,runs/census-v5/everything-dt-census-1.dt.jsonl
@modelcontextprotocol/server-everything,npm:@modelcontextprotocol/server-everything,800463,get-sum,partial-failure,skip,read-only-confirmed,"The tool declares readOnlyHint, so there is no effect to leave half done.",runs/census-v5/everything-dt-census-1.dt.jsonl
@modelcontextprotocol/server-everything,npm:@modelcontextprotocol/server-everything,800463,get-sum,upstream-idempotency,skip,no-upstream-call,"The call sent nothing upstream, so there is no remote side effect to retry.",runs/census-v5/everything-dt-census-1.dt.jsonl
@modelcontextprotocol/server-everything,npm:@modelcontextprotocol/server-everything,800463,get-sum,concurrency,skip,read-only-confirmed,"The tool declares readOnlyHint, so overlapping calls have nothing to corrupt.",runs/census-v5/everything-dt-census-1.dt.jsonl
@upstash/context7-mcp,npm:@upstash/context7-mcp@4.0.4,3992771,query-docs,answer-stability,pass,answer-reproducible,Two identical calls returned identical answers.,runs/census-v5/upstash-context7-mcp-dt-census-1.dt.jsonl
@upstash/context7-mcp,npm:@upstash/context7-mcp@4.0.4,3992771,query-docs,idempotency,pass,read-only-confirmed,Declares readOnlyHint: true and a successful call left the observable state unchanged.,runs/census-v5/upstash-context7-mcp-dt-census-1.dt.jsonl
@upstash/context7-mcp,npm:@upstash/context7-mcp@4.0.4,3992771,query-docs,partial-failure,skip,read-only-confirmed,"The tool declares readOnlyHint, so there is no effect to leave half done.",runs/census-v5/upstash-context7-mcp-dt-census-1.dt.jsonl
@upstash/context7-mcp,npm:@upstash/context7-mcp@4.0.4,3992771,query-docs,upstream-idempotency,pass,upstream-reads-only,"The call only reads upstream (GET <upstream>/v2/context), so a retry cannot duplicate anything, both on the live connection and after a reconnect.",runs/census-v5/upstash-context7-mcp-dt-census-1.dt.jsonl
@upstash/context7-mcp,npm:@upstash/context7-mcp@4.0.4,3992771,query-docs,concurrency,skip,read-only-confirmed,"The tool declares readOnlyHint, so overlapping calls have nothing to corrupt.",runs/census-v5/upstash-context7-mcp-dt-census-1.dt.jsonl
@upstash/context7-mcp,npm:@upstash/context7-mcp@4.0.4,3992771,resolve-library-id,answer-stability,pass,answer-reproducible,Two identical calls returned identical answers.,runs/census-v5/upstash-context7-mcp-dt-census-1.dt.jsonl
@upstash/context7-mcp,npm:@upstash/context7-mcp@4.0.4,3992771,resolve-library-id,idempotency,pass,read-only-confirmed,Declares readOnlyHint: true and a successful call left the observable state unchanged.,runs/census-v5/upstash-context7-mcp-dt-census-1.dt.jsonl
@upstash/context7-mcp,npm:@upstash/context7-mcp@4.0.4,3992771,resolve-library-id,partial-failure,skip,read-only-confirmed,"The tool declares readOnlyHint, so there is no effect to leave half done.",runs/census-v5/upstash-context7-mcp-dt-census-1.dt.jsonl
@upstash/context7-mcp,npm:@upstash/context7-mcp@4.0.4,3992771,resolve-library-id,upstream-idempotency,pass,upstream-reads-only,"The call only reads upstream (GET <upstream>/v2/libs/search), so a retry cannot duplicate anything, both on the live connection and after a reconnect.",runs/census-v5/upstash-context7-mcp-dt-census-1.dt.jsonl
@upstash/context7-mcp,npm:@upstash/context7-mcp@4.0.4,3992771,resolve-library-id,concurrency,skip,read-only-confirmed,"The tool declares readOnlyHint, so overlapping calls have nothing to corrupt.",runs/census-v5/upstash-context7-mcp-dt-census-1.dt.jsonl
@notionhq/notion-mcp-server,npm:@notionhq/notion-mcp-server@2.5.1,712988,API-create-a-comment,answer-stability,pass,answer-reproducible,Two identical calls returned identical answers.,runs/census-v5/notionhq-notion-mcp-server-dt-census-1.dt.jsonl
@notionhq/notion-mcp-server,npm:@notionhq/notion-mcp-server@2.5.1,712988,API-create-a-comment,idempotency,skip,no-observable-effect,"A successful call produced no observable state change, so retry safety cannot be decided by this oracle.",runs/census-v5/notionhq-notion-mcp-server-dt-census-1.dt.jsonl
@notionhq/notion-mcp-server,npm:@notionhq/notion-mcp-server@2.5.1,712988,API-create-a-comment,partial-failure,skip,no-observable-effect,"A clean call produced no observable state change, so an interrupted one cannot be judged by this oracle.",runs/census-v5/notionhq-notion-mcp-server-dt-census-1.dt.jsonl
@notionhq/notion-mcp-server,npm:@notionhq/notion-mcp-server@2.5.1,712988,API-create-a-comment,upstream-idempotency,fail,upstream-write-repeated,"The retry re-sends POST <upstream>/v1/comments with no idempotency header, and the tool declares no readOnlyHint. Either the retry duplicates a write, or the call is a query and the annotation a gateway would use to know that is missing, both on the live connection and after a reconnect.",runs/census-v5/notionhq-notion-mcp-server-dt-census-1.dt.jsonl
@notionhq/notion-mcp-server,npm:@notionhq/notion-mcp-server@2.5.1,712988,API-create-a-comment,concurrency,pass,concurrent-matches-sequential,4 overlapping calls left the same shape of state as the same 4 calls run one at a time.,runs/census-v5/notionhq-notion-mcp-server-dt-census-1.dt.jsonl
@notionhq/notion-mcp-server,npm:@notionhq/notion-mcp-server@2.5.1,712988,API-create-a-data-source,answer-stability,pass,answer-reproducible,Two identical calls returned identical answers.,runs/census-v5/notionhq-notion-mcp-server-dt-census-1.dt.jsonl
@notionhq/notion-mcp-server,npm:@notionhq/notion-mcp-server@2.5.1,712988,API-create-a-data-source,idempotency,skip,no-observable-effect,"A successful call produced no observable state change, so retry safety cannot be decided by this oracle.",runs/census-v5/notionhq-notion-mcp-server-dt-census-1.dt.jsonl
@notionhq/notion-mcp-server,npm:@notionhq/notion-mcp-server@2.5.1,712988,API-create-a-data-source,partial-failure,skip,no-observable-effect,"A clean call produced no observable state change, so an interrupted one cannot be judged by this oracle.",runs/census-v5/notionhq-notion-mcp-server-dt-census-1.dt.jsonl
@notionhq/notion-mcp-server,npm:@notionhq/notion-mcp-server@2.5.1,712988,API-create-a-data-source,upstream-idempotency,fail,upstream-write-repeated,"The retry re-sends POST <upstream>/v1/data_sources with no idempotency header, and the tool declares no readOnlyHint. Either the retry duplicates a write, or the call is a query and the annotation a gateway would use to know that is missing, both on the live connection and after a reconnect.",runs/census-v5/notionhq-notion-mcp-server-dt-census-1.dt.jsonl
@notionhq/notion-mcp-server,npm:@notionhq/notion-mcp-server@2.5.1,712988,API-create-a-data-source,concurrency,pass,concurrent-matches-sequential,4 overlapping calls left the same shape of state as the same 4 calls run one at a time.,runs/census-v5/notionhq-notion-mcp-server-dt-census-1.dt.jsonl
@notionhq/notion-mcp-server,npm:@notionhq/notion-mcp-server@2.5.1,712988,API-delete-a-block,answer-stability,pass,answer-reproducible,Two identical calls returned identical answers.,runs/census-v5/notionhq-notion-mcp-server-dt-census-1.dt.jsonl
@notionhq/notion-mcp-server,npm:@notionhq/notion-mcp-server@2.5.1,712988,API-delete-a-block,idempotency,skip,no-observable-effect,"A successful call produced no observable state change, so retry safety cannot be decided by this oracle.",runs/census-v5/notionhq-notion-mcp-server-dt-census-1.dt.jsonl
@notionhq/notion-mcp-server,npm:@notionhq/notion-mcp-server@2.5.1,712988,API-delete-a-block,partial-failure,skip,no-observable-effect,"A clean call produced no observable state change, so an interrupted one cannot be judged by this oracle.",runs/census-v5/notionhq-notion-mcp-server-dt-census-1.dt.jsonl
@notionhq/notion-mcp-server,npm:@notionhq/notion-mcp-server@2.5.1,712988,API-delete-a-block,upstream-idempotency,pass,upstream-method-idempotent,"The retry re-sends DELETE <upstream>/v1/blocks/dt-034aad, but those methods are idempotent by definition in HTTP, so repeating them leaves the same end state, both on the live connection and after a reconnect.",runs/census-v5/notionhq-notion-mcp-server-dt-census-1.dt.jsonl
@notionhq/notion-mcp-server,npm:@notionhq/notion-mcp-server@2.5.1,712988,API-delete-a-block,concurrency,pass,concurrent-matches-sequential,4 overlapping calls left the same shape of state as the same 4 calls run one at a time.,runs/census-v5/notionhq-notion-mcp-server-dt-census-1.dt.jsonl
@notionhq/notion-mcp-server,npm:@notionhq/notion-mcp-server@2.5.1,712988,API-get-block-children,answer-stability,pass,answer-reproducible,Two identical calls returned identical answers.,runs/census-v5/notionhq-notion-mcp-server-dt-census-1.dt.jsonl
@notionhq/notion-mcp-server,npm:@notionhq/notion-mcp-server@2.5.1,712988,API-get-block-children,idempotency,pass,read-only-confirmed,Declares readOnlyHint: true and a successful call left the observable state unchanged.,runs/census-v5/notionhq-notion-mcp-server-dt-census-1.dt.jsonl
@notionhq/notion-mcp-server,npm:@notionhq/notion-mcp-server@2.5.1,712988,API-get-block-children,partial-failure,skip,read-only-confirmed,"The tool declares readOnlyHint, so there is no effect to leave half done.",runs/census-v5/notionhq-notion-mcp-server-dt-census-1.dt.jsonl
@notionhq/notion-mcp-server,npm:@notionhq/notion-mcp-server@2.5.1,712988,API-get-block-children,upstream-idempotency,pass,upstream-reads-only,"The call only reads upstream (GET <upstream>/v1/blocks/dt-6747d1/children), so a retry cannot duplicate anything, both on the live connection and after a reconnect.",runs/census-v5/notionhq-notion-mcp-server-dt-census-1.dt.jsonl
@notionhq/notion-mcp-server,npm:@notionhq/notion-mcp-server@2.5.1,712988,API-get-block-children,concurrency,skip,read-only-confirmed,"The tool declares readOnlyHint, so overlapping calls have nothing to corrupt.",runs/census-v5/notionhq-notion-mcp-server-dt-census-1.dt.jsonl
@notionhq/notion-mcp-server,npm:@notionhq/notion-mcp-server@2.5.1,712988,API-get-self,answer-stability,pass,answer-reproducible,Two identical calls returned identical answers.,runs/census-v5/notionhq-notion-mcp-server-dt-census-1.dt.jsonl
@notionhq/notion-mcp-server,npm:@notionhq/notion-mcp-server@2.5.1,712988,API-get-self,idempotency,pass,read-only-confirmed,Declares readOnlyHint: true and a successful call left the observable state unchanged.,runs/census-v5/notionhq-notion-mcp-server-dt-census-1.dt.jsonl
@notionhq/notion-mcp-server,npm:@notionhq/notion-mcp-server@2.5.1,712988,API-get-self,partial-failure,skip,read-only-confirmed,"The tool declares readOnlyHint, so there is no effect to leave half done.",runs/census-v5/notionhq-notion-mcp-server-dt-census-1.dt.jsonl
@notionhq/notion-mcp-server,npm:@notionhq/notion-mcp-server@2.5.1,712988,API-get-self,upstream-idempotency,pass,upstream-reads-only,"The call only reads upstream (GET <upstream>/v1/users/me), so a retry cannot duplicate anything, both on the live connection and after a reconnect.",runs/census-v5/notionhq-notion-mcp-server-dt-census-1.dt.jsonl
@notionhq/notion-mcp-server,npm:@notionhq/notion-mcp-server@2.5.1,712988,API-get-self,concurrency,skip,read-only-confirmed,"The tool declares readOnlyHint, so overlapping calls have nothing to corrupt.",runs/census-v5/notionhq-notion-mcp-server-dt-census-1.dt.jsonl
@notionhq/notion-mcp-server,npm:@notionhq/notion-mcp-server@2.5.1,712988,API-get-user,answer-stability,pass,answer-reproducible,Two identical calls returned identical answers.,runs/census-v5/notionhq-notion-mcp-server-dt-census-1.dt.jsonl
@notionhq/notion-mcp-server,npm:@notionhq/notion-mcp-server@2.5.1,712988,API-get-user,idempotency,pass,read-only-confirmed,Declares readOnlyHint: true and a successful call left the observable state unchanged.,runs/census-v5/notionhq-notion-mcp-server-dt-census-1.dt.jsonl
@notionhq/notion-mcp-server,npm:@notionhq/notion-mcp-server@2.5.1,712988,API-get-user,partial-failure,skip,read-only-confirmed,"The tool declares readOnlyHint, so there is no effect to leave half done.",runs/census-v5/notionhq-notion-mcp-server-dt-census-1.dt.jsonl
@notionhq/notion-mcp-server,npm:@notionhq/notion-mcp-server@2.5.1,712988,API-get-user,upstream-idempotency,pass,upstream-reads-only,"The call only reads upstream (GET <upstream>/v1/users/dt-dff385), so a retry cannot duplicate anything, both on the live connection and after a reconnect.",runs/census-v5/notionhq-notion-mcp-server-dt-census-1.dt.jsonl
@notionhq/notion-mcp-server,npm:@notionhq/notion-mcp-server@2.5.1,712988,API-get-user,concurrency,skip,read-only-confirmed,"The tool declares readOnlyHint, so overlapping calls have nothing to corrupt.",runs/census-v5/notionhq-notion-mcp-server-dt-census-1.dt.jsonl
@notionhq/notion-mcp-server,npm:@notionhq/notion-mcp-server@2.5.1,712988,API-get-users,answer-stability,pass,answer-reproducible,Two identical calls returned identical answers.,runs/census-v5/notionhq-notion-mcp-server-dt-census-1.dt.jsonl
@notionhq/notion-mcp-server,npm:@notionhq/notion-mcp-server@2.5.1,712988,API-get-users,idempotency,pass,read-only-confirmed,Declares readOnlyHint: true and a successful call left the observable state unchanged.,runs/census-v5/notionhq-notion-mcp-server-dt-census-1.dt.jsonl
@notionhq/notion-mcp-server,npm:@notionhq/notion-mcp-server@2.5.1,712988,API-get-users,partial-failure,skip,read-only-confirmed,"The tool declares readOnlyHint, so there is no effect to leave half done.",runs/census-v5/notionhq-notion-mcp-server-dt-census-1.dt.jsonl
@notionhq/notion-mcp-server,npm:@notionhq/notion-mcp-server@2.5.1,712988,API-get-users,upstream-idempotency,pass,upstream-reads-only,"The call only reads upstream (GET <upstream>/v1/users), so a retry cannot duplicate anything, both on the live connection and after a reconnect.",runs/census-v5/notionhq-notion-mcp-server-dt-census-1.dt.jsonl
@notionhq/notion-mcp-server,npm:@notionhq/notion-mcp-server@2.5.1,712988,API-get-users,concurrency,skip,read-only-confirmed,"The tool declares readOnlyHint, so overlapping calls have nothing to corrupt.",runs/census-v5/notionhq-notion-mcp-server-dt-census-1.dt.jsonl
@notionhq/notion-mcp-server,npm:@notionhq/notion-mcp-server@2.5.1,712988,API-list-data-source-templates,answer-stability,pass,answer-reproducible,Two identical calls returned identical answers.,runs/census-v5/notionhq-notion-mcp-server-dt-census-1.dt.jsonl
@notionhq/notion-mcp-server,npm:@notionhq/notion-mcp-server@2.5.1,712988,API-list-data-source-templates,idempotency,pass,read-only-confirmed,Declares readOnlyHint: true and a successful call left the observable state unchanged.,runs/census-v5/notionhq-notion-mcp-server-dt-census-1.dt.jsonl
@notionhq/notion-mcp-server,npm:@notionhq/notion-mcp-server@2.5.1,712988,API-list-data-source-templates,partial-failure,skip,read-only-confirmed,"The tool declares readOnlyHint, so there is no effect to leave half done.",runs/census-v5/notionhq-notion-mcp-server-dt-census-1.dt.jsonl
@notionhq/notion-mcp-server,npm:@notionhq/notion-mcp-server@2.5.1,712988,API-list-data-source-templates,upstream-idempotency,pass,upstream-reads-only,"The call only reads upstream (GET <upstream>/v1/data_sources/%2Fprivate%2Fvar%2Ffolders%2Fsk%2F2dc6gxhx2sx95bx90x1hbg7h0000gn%2FT%2Fdoubletap-notionhq-notion-mcp-server-upstream-same-API-list-data-source-templates-W8uNcX%2Fworkspace%2Fnote.txt/templates), so a retry cannot duplicate anything, both on the live connection and after a reconnect.",runs/census-v5/notionhq-notion-mcp-server-dt-census-1.dt.jsonl
@notionhq/notion-mcp-server,npm:@notionhq/notion-mcp-server@2.5.1,712988,API-list-data-source-templates,concurrency,skip,read-only-confirmed,"The tool declares readOnlyHint, so overlapping calls have nothing to corrupt.",runs/census-v5/notionhq-notion-mcp-server-dt-census-1.dt.jsonl
n8n-mcp,npm:n8n-mcp@2.79.1,580659,get_node,idempotency,skip,call-failed,"The first call did not succeed, so no retry behaviour could be observed.",runs/census-v5/n8n-mcp-dt-census-1.dt.jsonl
n8n-mcp,npm:n8n-mcp@2.79.1,580659,get_node,partial-failure,skip,read-only-confirmed,"The tool declares readOnlyHint, so there is no effect to leave half done.",runs/census-v5/n8n-mcp-dt-census-1.dt.jsonl
n8n-mcp,npm:n8n-mcp@2.79.1,580659,get_node,upstream-idempotency,skip,no-upstream-call,"The call sent nothing upstream, so there is no remote side effect to retry.",runs/census-v5/n8n-mcp-dt-census-1.dt.jsonl
n8n-mcp,npm:n8n-mcp@2.79.1,580659,get_node,concurrency,skip,read-only-confirmed,"The tool declares readOnlyHint, so overlapping calls have nothing to corrupt.",runs/census-v5/n8n-mcp-dt-census-1.dt.jsonl
n8n-mcp,npm:n8n-mcp@2.79.1,580659,get_template,answer-stability,pass,answer-reproducible,Two identical calls returned identical answers.,runs/census-v5/n8n-mcp-dt-census-1.dt.jsonl
n8n-mcp,npm:n8n-mcp@2.79.1,580659,get_template,idempotency,pass,read-only-confirmed,Declares readOnlyHint: true and a successful call left the observable state unchanged.,runs/census-v5/n8n-mcp-dt-census-1.dt.jsonl
n8n-mcp,npm:n8n-mcp@2.79.1,580659,get_template,partial-failure,skip,read-only-confirmed,"The tool declares readOnlyHint, so there is no effect to leave half done.",runs/census-v5/n8n-mcp-dt-census-1.dt.jsonl
n8n-mcp,npm:n8n-mcp@2.79.1,580659,get_template,upstream-idempotency,skip,no-upstream-call,"The call sent nothing upstream, so there is no remote side effect to retry.",runs/census-v5/n8n-mcp-dt-census-1.dt.jsonl
n8n-mcp,npm:n8n-mcp@2.79.1,580659,get_template,concurrency,skip,read-only-confirmed,"The tool declares readOnlyHint, so overlapping calls have nothing to corrupt.",runs/census-v5/n8n-mcp-dt-census-1.dt.jsonl
n8n-mcp,npm:n8n-mcp@2.79.1,580659,n8n_audit_instance,answer-stability,fail,answer-not-reproducible,"Two identical calls returned different answers at content[*].text, so a retrying client cannot match the second answer to the first.",runs/census-v5/n8n-mcp-dt-census-1.dt.jsonl
n8n-mcp,npm:n8n-mcp@2.79.1,580659,n8n_audit_instance,idempotency,pass,read-only-confirmed,Declares readOnlyHint: true and a successful call left the observable state unchanged.,runs/census-v5/n8n-mcp-dt-census-1.dt.jsonl
n8n-mcp,npm:n8n-mcp@2.79.1,580659,n8n_audit_instance,partial-failure,skip,read-only-confirmed,"The tool declares readOnlyHint, so there is no effect to leave half done.",runs/census-v5/n8n-mcp-dt-census-1.dt.jsonl
n8n-mcp,npm:n8n-mcp@2.79.1,580659,n8n_audit_instance,upstream-idempotency,skip,no-upstream-call,"The call sent nothing upstream, so there is no remote side effect to retry.",runs/census-v5/n8n-mcp-dt-census-1.dt.jsonl
n8n-mcp,npm:n8n-mcp@2.79.1,580659,n8n_audit_instance,concurrency,skip,read-only-confirmed,"The tool declares readOnlyHint, so overlapping calls have nothing to corrupt.",runs/census-v5/n8n-mcp-dt-census-1.dt.jsonl
n8n-mcp,npm:n8n-mcp@2.79.1,580659,n8n_autofix_workflow,answer-stability,pass,answer-reproducible,Two identical calls returned identical answers.,runs/census-v5/n8n-mcp-dt-census-1.dt.jsonl
n8n-mcp,npm:n8n-mcp@2.79.1,580659,n8n_autofix_workflow,idempotency,skip,no-observable-effect,"A successful call produced no observable state change, so retry safety cannot be decided by this oracle.",runs/census-v5/n8n-mcp-dt-census-1.dt.jsonl
n8n-mcp,npm:n8n-mcp@2.79.1,580659,n8n_autofix_workflow,partial-failure,skip,no-observable-effect,"A clean call produced no observable state change, so an interrupted one cannot be judged by this oracle.",runs/census-v5/n8n-mcp-dt-census-1.dt.jsonl
n8n-mcp,npm:n8n-mcp@2.79.1,580659,n8n_autofix_workflow,upstream-idempotency,skip,no-upstream-call,"The call sent nothing upstream, so there is no remote side effect to retry.",runs/census-v5/n8n-mcp-dt-census-1.dt.jsonl
n8n-mcp,npm:n8n-mcp@2.79.1,580659,n8n_autofix_workflow,concurrency,skip,no-observable-effect,"Calls succeed but leave nothing this oracle can see, so overlapping them cannot be judged.",runs/census-v5/n8n-mcp-dt-census-1.dt.jsonl
n8n-mcp,npm:n8n-mcp@2.79.1,580659,n8n_create_workflow,answer-stability,pass,answer-reproducible,Two identical calls returned identical answers.,runs/census-v5/n8n-mcp-dt-census-1.dt.jsonl
n8n-mcp,npm:n8n-mcp@2.79.1,580659,n8n_create_workflow,idempotency,skip,no-observable-effect,"A successful call produced no observable state change, so retry safety cannot be decided by this oracle.",runs/census-v5/n8n-mcp-dt-census-1.dt.jsonl
n8n-mcp,npm:n8n-mcp@2.79.1,580659,n8n_create_workflow,partial-failure,skip,no-observable-effect,"A clean call produced no observable state change, so an interrupted one cannot be judged by this oracle.",runs/census-v5/n8n-mcp-dt-census-1.dt.jsonl
n8n-mcp,npm:n8n-mcp@2.79.1,580659,n8n_create_workflow,upstream-idempotency,skip,no-upstream-call,"The call sent nothing upstream, so there is no remote side effect to retry.",runs/census-v5/n8n-mcp-dt-census-1.dt.jsonl
n8n-mcp,npm:n8n-mcp@2.79.1,580659,n8n_create_workflow,concurrency,pass,concurrent-matches-sequential,4 overlapping calls left the same shape of state as the same 4 calls run one at a time.,runs/census-v5/n8n-mcp-dt-census-1.dt.jsonl
n8n-mcp,npm:n8n-mcp@2.79.1,580659,n8n_delete_workflow,answer-stability,pass,answer-reproducible,Two identical calls returned identical answers.,runs/census-v5/n8n-mcp-dt-census-1.dt.jsonl
n8n-mcp,npm:n8n-mcp@2.79.1,580659,n8n_delete_workflow,idempotency,skip,no-observable-effect,"A successful call produced no observable state change, so retry safety cannot be decided by this oracle.",runs/census-v5/n8n-mcp-dt-census-1.dt.jsonl
n8n-mcp,npm:n8n-mcp@2.79.1,580659,n8n_delete_workflow,partial-failure,skip,no-observable-effect,"A clean call produced no observable state change, so an interrupted one cannot be judged by this oracle.",runs/census-v5/n8n-mcp-dt-census-1.dt.jsonl
n8n-mcp,npm:n8n-mcp@2.79.1,580659,n8n_delete_workflow,upstream-idempotency,skip,no-upstream-call,"The call sent nothing upstream, so there is no remote side effect to retry.",runs/census-v5/n8n-mcp-dt-census-1.dt.jsonl
n8n-mcp,npm:n8n-mcp@2.79.1,580659,n8n_delete_workflow,concurrency,skip,no-observable-effect,"Calls succeed but leave nothing this oracle can see, so overlapping them cannot be judged.",runs/census-v5/n8n-mcp-dt-census-1.dt.jsonl
n8n-mcp,npm:n8n-mcp@2.79.1,580659,n8n_deploy_template,answer-stability,pass,answer-reproducible,Two identical calls returned identical answers.,runs/census-v5/n8n-mcp-dt-census-1.dt.jsonl
n8n-mcp,npm:n8n-mcp@2.79.1,580659,n8n_deploy_template,idempotency,skip,no-observable-effect,"A successful call produced no observable state change, so retry safety cannot be decided by this oracle.",runs/census-v5/n8n-mcp-dt-census-1.dt.jsonl
n8n-mcp,npm:n8n-mcp@2.79.1,580659,n8n_deploy_template,partial-failure,skip,no-observable-effect,"A clean call produced no observable state change, so an interrupted one cannot be judged by this oracle.",runs/census-v5/n8n-mcp-dt-census-1.dt.jsonl
n8n-mcp,npm:n8n-mcp@2.79.1,580659,n8n_deploy_template,upstream-idempotency,skip,no-upstream-call,"The call sent nothing upstream, so there is no remote side effect to retry.",runs/census-v5/n8n-mcp-dt-census-1.dt.jsonl
n8n-mcp,npm:n8n-mcp@2.79.1,580659,n8n_deploy_template,concurrency,skip,no-observable-effect,"Calls succeed but leave nothing this oracle can see, so overlapping them cannot be judged.",runs/census-v5/n8n-mcp-dt-census-1.dt.jsonl
n8n-mcp,npm:n8n-mcp@2.79.1,580659,n8n_evaluations,answer-stability,pass,answer-reproducible,Two identical calls returned identical answers.,runs/census-v5/n8n-mcp-dt-census-1.dt.jsonl
n8n-mcp,npm:n8n-mcp@2.79.1,580659,n8n_evaluations,idempotency,skip,no-observable-effect,"A successful call produced no observable state change, so retry safety cannot be decided by this oracle.",runs/census-v5/n8n-mcp-dt-census-1.dt.jsonl
n8n-mcp,npm:n8n-mcp@2.79.1,580659,n8n_evaluations,partial-failure,skip,no-observable-effect,"A clean call produced no observable state change, so an interrupted one cannot be judged by this oracle.",runs/census-v5/n8n-mcp-dt-census-1.dt.jsonl
n8n-mcp,npm:n8n-mcp@2.79.1,580659,n8n_evaluations,upstream-idempotency,skip,no-upstream-call,"The call sent nothing upstream, so there is no remote side effect to retry.",runs/census-v5/n8n-mcp-dt-census-1.dt.jsonl
n8n-mcp,npm:n8n-mcp@2.79.1,580659,n8n_evaluations,concurrency,skip,no-observable-effect,"Calls succeed but leave nothing this oracle can see, so overlapping them cannot be judged.",runs/census-v5/n8n-mcp-dt-census-1.dt.jsonl
@modelcontextprotocol/server-pdf,npm:@modelcontextprotocol/server-pdf@1.7.5,553889,display_pdf,answer-stability,fail,answer-not-reproducible,"Two identical calls returned different answers at _meta.viewUUID, content[*].text, structuredContent.viewUUID, so a retrying client cannot match the second answer to the first.",runs/census-v5/modelcontextprotocol-server-pdf-dt-census-1.dt.jsonl
@modelcontextprotocol/server-pdf,npm:@modelcontextprotocol/server-pdf@1.7.5,553889,display_pdf,idempotency,skip,no-observable-effect,"A successful call produced no observable state change, so retry safety cannot be decided by this oracle.",runs/census-v5/modelcontextprotocol-server-pdf-dt-census-1.dt.jsonl
@modelcontextprotocol/server-pdf,npm:@modelcontextprotocol/server-pdf@1.7.5,553889,display_pdf,partial-failure,skip,no-observable-effect,"A clean call produced no observable state change, so an interrupted one cannot be judged by this oracle.",runs/census-v5/modelcontextprotocol-server-pdf-dt-census-1.dt.jsonl
@modelcontextprotocol/server-pdf,npm:@modelcontextprotocol/server-pdf@1.7.5,553889,display_pdf,upstream-idempotency,pass,upstream-reads-only,"The call only reads upstream (GET arxiv.org/pdf/1706.03762), so a retry cannot duplicate anything, both on the live connection and after a reconnect.",runs/census-v5/modelcontextprotocol-server-pdf-dt-census-1.dt.jsonl
@modelcontextprotocol/server-pdf,npm:@modelcontextprotocol/server-pdf@1.7.5,553889,display_pdf,concurrency,skip,no-observable-effect,"Calls succeed but leave nothing this oracle can see, so overlapping them cannot be judged.",runs/census-v5/modelcontextprotocol-server-pdf-dt-census-1.dt.jsonl
@modelcontextprotocol/server-pdf,npm:@modelcontextprotocol/server-pdf@1.7.5,553889,interact,idempotency,skip,call-failed,"The first call did not succeed, so no retry behaviour could be observed.",runs/census-v5/modelcontextprotocol-server-pdf-dt-census-1.dt.jsonl
@modelcontextprotocol/server-pdf,npm:@modelcontextprotocol/server-pdf@1.7.5,553889,interact,partial-failure,skip,call-failed,"An uninterrupted call did not succeed, so there is no reference effect to interrupt.",runs/census-v5/modelcontextprotocol-server-pdf-dt-census-1.dt.jsonl
@modelcontextprotocol/server-pdf,npm:@modelcontextprotocol/server-pdf@1.7.5,553889,interact,upstream-idempotency,skip,no-upstream-call,"The call sent nothing upstream, so there is no remote side effect to retry.",runs/census-v5/modelcontextprotocol-server-pdf-dt-census-1.dt.jsonl
@modelcontextprotocol/server-pdf,npm:@modelcontextprotocol/server-pdf@1.7.5,553889,interact,concurrency,skip,call-failed,"No call succeeded even one at a time, so there is no correct behaviour to compare against.",runs/census-v5/modelcontextprotocol-server-pdf-dt-census-1.dt.jsonl
@modelcontextprotocol/server-pdf,npm:@modelcontextprotocol/server-pdf@1.7.5,553889,list_pdfs,answer-stability,pass,answer-reproducible,Two identical calls returned identical answers.,runs/census-v5/modelcontextprotocol-server-pdf-dt-census-1.dt.jsonl
@modelcontextprotocol/server-pdf,npm:@modelcontextprotocol/server-pdf@1.7.5,553889,list_pdfs,idempotency,skip,no-observable-effect,"A successful call produced no observable state change, so retry safety cannot be decided by this oracle.",runs/census-v5/modelcontextprotocol-server-pdf-dt-census-1.dt.jsonl
@modelcontextprotocol/server-pdf,npm:@modelcontextprotocol/server-pdf@1.7.5,553889,list_pdfs,partial-failure,skip,no-observable-effect,"A clean call produced no observable state change, so an interrupted one cannot be judged by this oracle.",runs/census-v5/modelcontextprotocol-server-pdf-dt-census-1.dt.jsonl
@modelcontextprotocol/server-pdf,npm:@modelcontextprotocol/server-pdf@1.7.5,553889,list_pdfs,upstream-idempotency,skip,no-upstream-call,"The call sent nothing upstream, so there is no remote side effect to retry.",runs/census-v5/modelcontextprotocol-server-pdf-dt-census-1.dt.jsonl
@modelcontextprotocol/server-pdf,npm:@modelcontextprotocol/server-pdf@1.7.5,553889,list_pdfs,concurrency,skip,no-observable-effect,"Calls succeed but leave nothing this oracle can see, so overlapping them cannot be judged.",runs/census-v5/modelcontextprotocol-server-pdf-dt-census-1.dt.jsonl
@modelcontextprotocol/server-pdf,npm:@modelcontextprotocol/server-pdf@1.7.5,553889,poll_pdf_commands,idempotency,skip,call-failed,"The first call did not succeed, so no retry behaviour could be observed.",runs/census-v5/modelcontextprotocol-server-pdf-dt-census-1.dt.jsonl
@modelcontextprotocol/server-pdf,npm:@modelcontextprotocol/server-pdf@1.7.5,553889,poll_pdf_commands,partial-failure,skip,call-failed,"An uninterrupted call did not succeed, so there is no reference effect to interrupt.",runs/census-v5/modelcontextprotocol-server-pdf-dt-census-1.dt.jsonl
@modelcontextprotocol/server-pdf,npm:@modelcontextprotocol/server-pdf@1.7.5,553889,poll_pdf_commands,upstream-idempotency,skip,no-upstream-call,"The call sent nothing upstream, so there is no remote side effect to retry.",runs/census-v5/modelcontextprotocol-server-pdf-dt-census-1.dt.jsonl
@modelcontextprotocol/server-pdf,npm:@modelcontextprotocol/server-pdf@1.7.5,553889,poll_pdf_commands,concurrency,skip,call-failed,"No call succeeded even one at a time, so there is no correct behaviour to compare against.",runs/census-v5/modelcontextprotocol-server-pdf-dt-census-1.dt.jsonl
@modelcontextprotocol/server-pdf,npm:@modelcontextprotocol/server-pdf@1.7.5,553889,read_pdf_bytes,idempotency,skip,call-failed,"The first call did not succeed, so no retry behaviour could be observed.",runs/census-v5/modelcontextprotocol-server-pdf-dt-census-1.dt.jsonl
@modelcontextprotocol/server-pdf,npm:@modelcontextprotocol/server-pdf@1.7.5,553889,read_pdf_bytes,partial-failure,skip,call-failed,"An uninterrupted call did not succeed, so there is no reference effect to interrupt.",runs/census-v5/modelcontextprotocol-server-pdf-dt-census-1.dt.jsonl
@modelcontextprotocol/server-pdf,npm:@modelcontextprotocol/server-pdf@1.7.5,553889,read_pdf_bytes,upstream-idempotency,skip,no-upstream-call,"The call sent nothing upstream, so there is no remote side effect to retry.",runs/census-v5/modelcontextprotocol-server-pdf-dt-census-1.dt.jsonl
@modelcontextprotocol/server-pdf,npm:@modelcontextprotocol/server-pdf@1.7.5,553889,read_pdf_bytes,concurrency,skip,call-failed,"No call succeeded even one at a time, so there is no correct behaviour to compare against.",runs/census-v5/modelcontextprotocol-server-pdf-dt-census-1.dt.jsonl
@modelcontextprotocol/server-pdf,npm:@modelcontextprotocol/server-pdf@1.7.5,553889,save_pdf,idempotency,skip,call-failed,"The first call did not succeed, so no retry behaviour could be observed.",runs/census-v5/modelcontextprotocol-server-pdf-dt-census-1.dt.jsonl
@modelcontextprotocol/server-pdf,npm:@modelcontextprotocol/server-pdf@1.7.5,553889,save_pdf,partial-failure,skip,call-failed,"An uninterrupted call did not succeed, so there is no reference effect to interrupt.",runs/census-v5/modelcontextprotocol-server-pdf-dt-census-1.dt.jsonl
@modelcontextprotocol/server-pdf,npm:@modelcontextprotocol/server-pdf@1.7.5,553889,save_pdf,upstream-idempotency,skip,no-upstream-call,"The call sent nothing upstream, so there is no remote side effect to retry.",runs/census-v5/modelcontextprotocol-server-pdf-dt-census-1.dt.jsonl
@modelcontextprotocol/server-pdf,npm:@modelcontextprotocol/server-pdf@1.7.5,553889,save_pdf,concurrency,skip,call-failed,"No call succeeded even one at a time, so there is no correct behaviour to compare against.",runs/census-v5/modelcontextprotocol-server-pdf-dt-census-1.dt.jsonl
@modelcontextprotocol/server-pdf,npm:@modelcontextprotocol/server-pdf@1.7.5,553889,submit_page_data,idempotency,skip,call-failed,"The first call did not succeed, so no retry behaviour could be observed.",runs/census-v5/modelcontextprotocol-server-pdf-dt-census-1.dt.jsonl
@modelcontextprotocol/server-pdf,npm:@modelcontextprotocol/server-pdf@1.7.5,553889,submit_page_data,partial-failure,skip,call-failed,"An uninterrupted call did not succeed, so there is no reference effect to interrupt.",runs/census-v5/modelcontextprotocol-server-pdf-dt-census-1.dt.jsonl
@modelcontextprotocol/server-pdf,npm:@modelcontextprotocol/server-pdf@1.7.5,553889,submit_page_data,upstream-idempotency,skip,no-upstream-call,"The call sent nothing upstream, so there is no remote side effect to retry.",runs/census-v5/modelcontextprotocol-server-pdf-dt-census-1.dt.jsonl
@modelcontextprotocol/server-pdf,npm:@modelcontextprotocol/server-pdf@1.7.5,553889,submit_page_data,concurrency,skip,call-failed,"No call succeeded even one at a time, so there is no correct behaviour to compare against.",runs/census-v5/modelcontextprotocol-server-pdf-dt-census-1.dt.jsonl
@modelcontextprotocol/server-pdf,npm:@modelcontextprotocol/server-pdf@1.7.5,553889,submit_save_data,idempotency,skip,call-failed,"The first call did not succeed, so no retry behaviour could be observed.",runs/census-v5/modelcontextprotocol-server-pdf-dt-census-1.dt.jsonl
@modelcontextprotocol/server-pdf,npm:@modelcontextprotocol/server-pdf@1.7.5,553889,submit_save_data,partial-failure,skip,call-failed,"An uninterrupted call did not succeed, so there is no reference effect to interrupt.",runs/census-v5/modelcontextprotocol-server-pdf-dt-census-1.dt.jsonl
@modelcontextprotocol/server-pdf,npm:@modelcontextprotocol/server-pdf@1.7.5,553889,submit_save_data,upstream-idempotency,skip,no-upstream-call,"The call sent nothing upstream, so there is no remote side effect to retry.",runs/census-v5/modelcontextprotocol-server-pdf-dt-census-1.dt.jsonl
@modelcontextprotocol/server-pdf,npm:@modelcontextprotocol/server-pdf@1.7.5,553889,submit_save_data,concurrency,skip,call-failed,"No call succeeded even one at a time, so there is no correct behaviour to compare against.",runs/census-v5/modelcontextprotocol-server-pdf-dt-census-1.dt.jsonl
hostinger-api-mcp,npm:hostinger-api-mcp@1.55.0,526419,agency-hosting_buildWebsiteNodeJSAssetsV1,answer-stability,pass,answer-reproducible,Two identical calls returned identical answers.,runs/census-v5/hostinger-api-mcp-dt-census-1.dt.jsonl
hostinger-api-mcp,npm:hostinger-api-mcp@1.55.0,526419,agency-hosting_buildWebsiteNodeJSAssetsV1,idempotency,skip,no-observable-effect,"A successful call produced no observable state change, so retry safety cannot be decided by this oracle.",runs/census-v5/hostinger-api-mcp-dt-census-1.dt.jsonl
hostinger-api-mcp,npm:hostinger-api-mcp@1.55.0,526419,agency-hosting_buildWebsiteNodeJSAssetsV1,partial-failure,skip,no-observable-effect,"A clean call produced no observable state change, so an interrupted one cannot be judged by this oracle.",runs/census-v5/hostinger-api-mcp-dt-census-1.dt.jsonl
hostinger-api-mcp,npm:hostinger-api-mcp@1.55.0,526419,agency-hosting_buildWebsiteNodeJSAssetsV1,upstream-idempotency,fail,upstream-write-repeated,"The retry re-sends POST <upstream>/api/agency-hosting/v1/websites/dt-e93659/build-assets with no idempotency header, and the tool declares no readOnlyHint. Either the retry duplicates a write, or the call is a query and the annotation a gateway would use to know that is missing, both on the live connection and after a reconnect.",runs/census-v5/hostinger-api-mcp-dt-census-1.dt.jsonl
hostinger-api-mcp,npm:hostinger-api-mcp@1.55.0,526419,agency-hosting_buildWebsiteNodeJSAssetsV1,concurrency,pass,concurrent-matches-sequential,4 overlapping calls left the same shape of state as the same 4 calls run one at a time.,runs/census-v5/hostinger-api-mcp-dt-census-1.dt.jsonl
hostinger-api-mcp,npm:hostinger-api-mcp@1.55.0,526419,agency-hosting_changeWebsiteDomainV1,answer-stability,pass,answer-reproducible,Two identical calls returned identical answers.,runs/census-v5/hostinger-api-mcp-dt-census-1.dt.jsonl
hostinger-api-mcp,npm:hostinger-api-mcp@1.55.0,526419,agency-hosting_changeWebsiteDomainV1,idempotency,skip,no-observable-effect,"A successful call produced no observable state change, so retry safety cannot be decided by this oracle.",runs/census-v5/hostinger-api-mcp-dt-census-1.dt.jsonl
hostinger-api-mcp,npm:hostinger-api-mcp@1.55.0,526419,agency-hosting_changeWebsiteDomainV1,partial-failure,skip,no-observable-effect,"A clean call produced no observable state change, so an interrupted one cannot be judged by this oracle.",runs/census-v5/hostinger-api-mcp-dt-census-1.dt.jsonl
hostinger-api-mcp,npm:hostinger-api-mcp@1.55.0,526419,agency-hosting_changeWebsiteDomainV1,upstream-idempotency,pass,upstream-method-idempotent,"The retry re-sends PUT <upstream>/api/agency-hosting/v1/websites/dt-6582d1/domains/dt-6582d1, but those methods are idempotent by definition in HTTP, so repeating them leaves the same end state, both on the live connection and after a reconnect.",runs/census-v5/hostinger-api-mcp-dt-census-1.dt.jsonl
hostinger-api-mcp,npm:hostinger-api-mcp@1.55.0,526419,agency-hosting_changeWebsiteDomainV1,concurrency,pass,concurrent-matches-sequential,4 overlapping calls left the same shape of state as the same 4 calls run one at a time.,runs/census-v5/hostinger-api-mcp-dt-census-1.dt.jsonl
hostinger-api-mcp,npm:hostinger-api-mcp@1.55.0,526419,agency-hosting_changeWordPressVersionV1,answer-stability,pass,answer-reproducible,Two identical calls returned identical answers.,runs/census-v5/hostinger-api-mcp-dt-census-1.dt.jsonl
hostinger-api-mcp,npm:hostinger-api-mcp@1.55.0,526419,agency-hosting_changeWordPressVersionV1,idempotency,skip,no-observable-effect,"A successful call produced no observable state change, so retry safety cannot be decided by this oracle.",runs/census-v5/hostinger-api-mcp-dt-census-1.dt.jsonl
hostinger-api-mcp,npm:hostinger-api-mcp@1.55.0,526419,agency-hosting_changeWordPressVersionV1,partial-failure,skip,no-observable-effect,"A clean call produced no observable state change, so an interrupted one cannot be judged by this oracle.",runs/census-v5/hostinger-api-mcp-dt-census-1.dt.jsonl
hostinger-api-mcp,npm:hostinger-api-mcp@1.55.0,526419,agency-hosting_changeWordPressVersionV1,upstream-idempotency,fail,upstream-write-repeated,"The retry re-sends PATCH <upstream>/api/agency-hosting/v1/websites/dt-9bc7d3/wordpress/settings/version with no idempotency header, and the tool declares no readOnlyHint. Either the retry duplicates a write, or the call is a query and the annotation a gateway would use to know that is missing, both on the live connection and after a reconnect.",runs/census-v5/hostinger-api-mcp-dt-census-1.dt.jsonl
hostinger-api-mcp,npm:hostinger-api-mcp@1.55.0,526419,agency-hosting_changeWordPressVersionV1,concurrency,pass,concurrent-matches-sequential,4 overlapping calls left the same shape of state as the same 4 calls run one at a time.,runs/census-v5/hostinger-api-mcp-dt-census-1.dt.jsonl
hostinger-api-mcp,npm:hostinger-api-mcp@1.55.0,526419,agency-hosting_clearWebsiteCacheV1,answer-stability,pass,answer-reproducible,Two identical calls returned identical answers.,runs/census-v5/hostinger-api-mcp-dt-census-1.dt.jsonl
hostinger-api-mcp,npm:hostinger-api-mcp@1.55.0,526419,agency-hosting_clearWebsiteCacheV1,idempotency,skip,no-observable-effect,"A successful call produced no observable state change, so retry safety cannot be decided by this oracle.",runs/census-v5/hostinger-api-mcp-dt-census-1.dt.jsonl
hostinger-api-mcp,npm:hostinger-api-mcp@1.55.0,526419,agency-hosting_clearWebsiteCacheV1,partial-failure,skip,no-observable-effect,"A clean call produced no observable state change, so an interrupted one cannot be judged by this oracle.",runs/census-v5/hostinger-api-mcp-dt-census-1.dt.jsonl
hostinger-api-mcp,npm:hostinger-api-mcp@1.55.0,526419,agency-hosting_clearWebsiteCacheV1,upstream-idempotency,pass,upstream-method-idempotent,"The retry re-sends DELETE <upstream>/api/agency-hosting/v1/websites/dt-3e6ece/cache, but those methods are idempotent by definition in HTTP, so repeating them leaves the same end state, both on the live connection and after a reconnect.",runs/census-v5/hostinger-api-mcp-dt-census-1.dt.jsonl
hostinger-api-mcp,npm:hostinger-api-mcp@1.55.0,526419,agency-hosting_clearWebsiteCacheV1,concurrency,pass,concurrent-matches-sequential,4 overlapping calls left the same shape of state as the same 4 calls run one at a time.,runs/census-v5/hostinger-api-mcp-dt-census-1.dt.jsonl
hostinger-api-mcp,npm:hostinger-api-mcp@1.55.0,526419,agency-hosting_createANewWebsiteV1,answer-stability,pass,answer-reproducible,Two identical calls returned identical answers.,runs/census-v5/hostinger-api-mcp-dt-census-1.dt.jsonl
hostinger-api-mcp,npm:hostinger-api-mcp@1.55.0,526419,agency-hosting_createANewWebsiteV1,idempotency,skip,no-observable-effect,"A successful call produced no observable state change, so retry safety cannot be decided by this oracle.",runs/census-v5/hostinger-api-mcp-dt-census-1.dt.jsonl
hostinger-api-mcp,npm:hostinger-api-mcp@1.55.0,526419,agency-hosting_createANewWebsiteV1,partial-failure,skip,no-observable-effect,"A clean call produced no observable state change, so an interrupted one cannot be judged by this oracle.",runs/census-v5/hostinger-api-mcp-dt-census-1.dt.jsonl
hostinger-api-mcp,npm:hostinger-api-mcp@1.55.0,526419,agency-hosting_createANewWebsiteV1,upstream-idempotency,fail,upstream-write-repeated,"The retry re-sends POST <upstream>/api/agency-hosting/v1/orders/8/websites/setups with no idempotency header, and the tool declares no readOnlyHint. Either the retry duplicates a write, or the call is a query and the annotation a gateway would use to know that is missing, both on the live connection and after a reconnect.",runs/census-v5/hostinger-api-mcp-dt-census-1.dt.jsonl
hostinger-api-mcp,npm:hostinger-api-mcp@1.55.0,526419,agency-hosting_createANewWebsiteV1,concurrency,pass,concurrent-matches-sequential,4 overlapping calls left the same shape of state as the same 4 calls run one at a time.,runs/census-v5/hostinger-api-mcp-dt-census-1.dt.jsonl
hostinger-api-mcp,npm:hostinger-api-mcp@1.55.0,526419,agency-hosting_createWebsiteCronJobV1,answer-stability,pass,answer-reproducible,Two identical calls returned identical answers.,runs/census-v5/hostinger-api-mcp-dt-census-1.dt.jsonl
hostinger-api-mcp,npm:hostinger-api-mcp@1.55.0,526419,agency-hosting_createWebsiteCronJobV1,idempotency,skip,no-observable-effect,"A successful call produced no observable state change, so retry safety cannot be decided by this oracle.",runs/census-v5/hostinger-api-mcp-dt-census-1.dt.jsonl
hostinger-api-mcp,npm:hostinger-api-mcp@1.55.0,526419,agency-hosting_createWebsiteCronJobV1,partial-failure,skip,no-observable-effect,"A clean call produced no observable state change, so an interrupted one cannot be judged by this oracle.",runs/census-v5/hostinger-api-mcp-dt-census-1.dt.jsonl
hostinger-api-mcp,npm:hostinger-api-mcp@1.55.0,526419,agency-hosting_createWebsiteCronJobV1,upstream-idempotency,fail,upstream-write-repeated,"The retry re-sends POST <upstream>/api/agency-hosting/v1/websites/dt-e91d84/cron-jobs with no idempotency header, and the tool declares no readOnlyHint. Either the retry duplicates a write, or the call is a query and the annotation a gateway would use to know that is missing, both on the live connection and after a reconnect.",runs/census-v5/hostinger-api-mcp-dt-census-1.dt.jsonl
hostinger-api-mcp,npm:hostinger-api-mcp@1.55.0,526419,agency-hosting_createWebsiteCronJobV1,concurrency,pass,concurrent-matches-sequential,4 overlapping calls left the same shape of state as the same 4 calls run one at a time.,runs/census-v5/hostinger-api-mcp-dt-census-1.dt.jsonl
hostinger-api-mcp,npm:hostinger-api-mcp@1.55.0,526419,agency-hosting_createWebsiteDatabaseUserV1,answer-stability,pass,answer-reproducible,Two identical calls returned identical answers.,runs/census-v5/hostinger-api-mcp-dt-census-1.dt.jsonl
hostinger-api-mcp,npm:hostinger-api-mcp@1.55.0,526419,agency-hosting_createWebsiteDatabaseUserV1,idempotency,skip,no-observable-effect,"A successful call produced no observable state change, so retry safety cannot be decided by this oracle.",runs/census-v5/hostinger-api-mcp-dt-census-1.dt.jsonl
hostinger-api-mcp,npm:hostinger-api-mcp@1.55.0,526419,agency-hosting_createWebsiteDatabaseUserV1,partial-failure,skip,no-observable-effect,"A clean call produced no observable state change, so an interrupted one cannot be judged by this oracle.",runs/census-v5/hostinger-api-mcp-dt-census-1.dt.jsonl
hostinger-api-mcp,npm:hostinger-api-mcp@1.55.0,526419,agency-hosting_createWebsiteDatabaseUserV1,upstream-idempotency,fail,upstream-write-repeated,"The retry re-sends POST <upstream>/api/agency-hosting/v1/websites/dt-edc33f/databases/doubletap%20edc33f%0A/users with no idempotency header, and the tool declares no readOnlyHint. Either the retry duplicates a write, or the call is a query and the annotation a gateway would use to know that is missing, both on the live connection and after a reconnect.",runs/census-v5/hostinger-api-mcp-dt-census-1.dt.jsonl
hostinger-api-mcp,npm:hostinger-api-mcp@1.55.0,526419,agency-hosting_createWebsiteDatabaseUserV1,concurrency,pass,concurrent-matches-sequential,4 overlapping calls left the same shape of state as the same 4 calls run one at a time.,runs/census-v5/hostinger-api-mcp-dt-census-1.dt.jsonl
hostinger-api-mcp,npm:hostinger-api-mcp@1.55.0,526419,agency-hosting_createWebsiteDatabaseV1,answer-stability,pass,answer-reproducible,Two identical calls returned identical answers.,runs/census-v5/hostinger-api-mcp-dt-census-1.dt.jsonl
hostinger-api-mcp,npm:hostinger-api-mcp@1.55.0,526419,agency-hosting_createWebsiteDatabaseV1,idempotency,skip,no-observable-effect,"A successful call produced no observable state change, so retry safety cannot be decided by this oracle.",runs/census-v5/hostinger-api-mcp-dt-census-1.dt.jsonl
hostinger-api-mcp,npm:hostinger-api-mcp@1.55.0,526419,agency-hosting_createWebsiteDatabaseV1,partial-failure,skip,no-observable-effect,"A clean call produced no observable state change, so an interrupted one cannot be judged by this oracle.",runs/census-v5/hostinger-api-mcp-dt-census-1.dt.jsonl
hostinger-api-mcp,npm:hostinger-api-mcp@1.55.0,526419,agency-hosting_createWebsiteDatabaseV1,upstream-idempotency,fail,upstream-write-repeated,"The retry re-sends POST <upstream>/api/agency-hosting/v1/websites/dt-f4c138/databases with no idempotency header, and the tool declares no readOnlyHint. Either the retry duplicates a write, or the call is a query and the annotation a gateway would use to know that is missing, both on the live connection and after a reconnect.",runs/census-v5/hostinger-api-mcp-dt-census-1.dt.jsonl
hostinger-api-mcp,npm:hostinger-api-mcp@1.55.0,526419,agency-hosting_createWebsiteDatabaseV1,concurrency,pass,concurrent-matches-sequential,4 overlapping calls left the same shape of state as the same 4 calls run one at a time.,runs/census-v5/hostinger-api-mcp-dt-census-1.dt.jsonl
comfyui-mcp,npm:comfyui-mcp@0.52.180,519525,apply_manifest,idempotency,skip,call-failed,"The first call did not succeed, so no retry behaviour could be observed.",runs/census-v5/comfyui-mcp-dt-census-1.dt.jsonl
comfyui-mcp,npm:comfyui-mcp@0.52.180,519525,apply_manifest,partial-failure,skip,call-failed,"An uninterrupted call did not succeed, so there is no reference effect to interrupt.",runs/census-v5/comfyui-mcp-dt-census-1.dt.jsonl
comfyui-mcp,npm:comfyui-mcp@0.52.180,519525,apply_manifest,upstream-idempotency,skip,no-upstream-call,"The call sent nothing upstream, so there is no remote side effect to retry.",runs/census-v5/comfyui-mcp-dt-census-1.dt.jsonl
comfyui-mcp,npm:comfyui-mcp@0.52.180,519525,apply_manifest,concurrency,skip,call-failed,"No call succeeded even one at a time, so there is no correct behaviour to compare against.",runs/census-v5/comfyui-mcp-dt-census-1.dt.jsonl
comfyui-mcp,npm:comfyui-mcp@0.52.180,519525,apps,answer-stability,pass,answer-reproducible,Two identical calls returned identical answers.,runs/census-v5/comfyui-mcp-dt-census-1.dt.jsonl
comfyui-mcp,npm:comfyui-mcp@0.52.180,519525,apps,idempotency,skip,no-observable-effect,"A successful call produced no observable state change, so retry safety cannot be decided by this oracle.",runs/census-v5/comfyui-mcp-dt-census-1.dt.jsonl
comfyui-mcp,npm:comfyui-mcp@0.52.180,519525,apps,partial-failure,skip,no-observable-effect,"A clean call produced no observable state change, so an interrupted one cannot be judged by this oracle.",runs/census-v5/comfyui-mcp-dt-census-1.dt.jsonl
comfyui-mcp,npm:comfyui-mcp@0.52.180,519525,apps,upstream-idempotency,pass,upstream-reads-only,"The call only reads upstream (GET <upstream>:0/comfyui_mcp_panel/apps), so a retry cannot duplicate anything, both on the live connection and after a reconnect.",runs/census-v5/comfyui-mcp-dt-census-1.dt.jsonl
comfyui-mcp,npm:comfyui-mcp@0.52.180,519525,apps,concurrency,skip,no-observable-effect,"Calls succeed but leave nothing this oracle can see, so overlapping them cannot be judged.",runs/census-v5/comfyui-mcp-dt-census-1.dt.jsonl
comfyui-mcp,npm:comfyui-mcp@0.52.180,519525,batch,idempotency,skip,call-failed,"The first call did not succeed, so no retry behaviour could be observed.",runs/census-v5/comfyui-mcp-dt-census-1.dt.jsonl
comfyui-mcp,npm:comfyui-mcp@0.52.180,519525,batch,partial-failure,skip,call-failed,"An uninterrupted call did not succeed, so there is no reference effect to interrupt.",runs/census-v5/comfyui-mcp-dt-census-1.dt.jsonl
comfyui-mcp,npm:comfyui-mcp@0.52.180,519525,batch,upstream-idempotency,skip,no-upstream-call,"The call sent nothing upstream, so there is no remote side effect to retry.",runs/census-v5/comfyui-mcp-dt-census-1.dt.jsonl
comfyui-mcp,npm:comfyui-mcp@0.52.180,519525,batch,concurrency,skip,call-failed,"No call succeeded even one at a time, so there is no correct behaviour to compare against.",runs/census-v5/comfyui-mcp-dt-census-1.dt.jsonl
comfyui-mcp,npm:comfyui-mcp@0.52.180,519525,bisect,idempotency,skip,call-failed,"The first call did not succeed, so no retry behaviour could be observed.",runs/census-v5/comfyui-mcp-dt-census-1.dt.jsonl
comfyui-mcp,npm:comfyui-mcp@0.52.180,519525,bisect,partial-failure,skip,call-failed,"An uninterrupted call did not succeed, so there is no reference effect to interrupt.",runs/census-v5/comfyui-mcp-dt-census-1.dt.jsonl
comfyui-mcp,npm:comfyui-mcp@0.52.180,519525,bisect,upstream-idempotency,pass,upstream-reads-only,"The call only reads upstream (GET <upstream>:0/v2/manager/queue/status, GET <upstream>:0/manager/queue/status, GET <upstream>:0/v2/manager/version), so a retry cannot duplicate anything, both on the live connection and after a reconnect.",runs/census-v5/comfyui-mcp-dt-census-1.dt.jsonl
comfyui-mcp,npm:comfyui-mcp@0.52.180,519525,bisect,concurrency,skip,call-failed,"No call succeeded even one at a time, so there is no correct behaviour to compare against.",runs/census-v5/comfyui-mcp-dt-census-1.dt.jsonl
comfyui-mcp,npm:comfyui-mcp@0.52.180,519525,calculate,answer-stability,fail,answer-not-reproducible,"Two identical calls returned different answers at content[*].text, so a retrying client cannot match the second answer to the first.",runs/census-v5/comfyui-mcp-dt-census-1.dt.jsonl
comfyui-mcp,npm:comfyui-mcp@0.52.180,519525,calculate,idempotency,skip,no-observable-effect,"A successful call produced no observable state change, so retry safety cannot be decided by this oracle.",runs/census-v5/comfyui-mcp-dt-census-1.dt.jsonl
comfyui-mcp,npm:comfyui-mcp@0.52.180,519525,calculate,partial-failure,skip,no-observable-effect,"A clean call produced no observable state change, so an interrupted one cannot be judged by this oracle.",runs/census-v5/comfyui-mcp-dt-census-1.dt.jsonl
comfyui-mcp,npm:comfyui-mcp@0.52.180,519525,calculate,upstream-idempotency,skip,no-upstream-call,"The call sent nothing upstream, so there is no remote side effect to retry.",runs/census-v5/comfyui-mcp-dt-census-1.dt.jsonl
comfyui-mcp,npm:comfyui-mcp@0.52.180,519525,calculate,concurrency,skip,no-observable-effect,"Calls succeed but leave nothing this oracle can see, so overlapping them cannot be judged.",runs/census-v5/comfyui-mcp-dt-census-1.dt.jsonl
comfyui-mcp,npm:comfyui-mcp@0.52.180,519525,call_tool,idempotency,skip,call-failed,"The first call did not succeed, so no retry behaviour could be observed.",runs/census-v5/comfyui-mcp-dt-census-1.dt.jsonl
comfyui-mcp,npm:comfyui-mcp@0.52.180,519525,call_tool,partial-failure,skip,call-failed,"An uninterrupted call did not succeed, so there is no reference effect to interrupt.",runs/census-v5/comfyui-mcp-dt-census-1.dt.jsonl
comfyui-mcp,npm:comfyui-mcp@0.52.180,519525,call_tool,upstream-idempotency,skip,no-upstream-call,"The call sent nothing upstream, so there is no remote side effect to retry.",runs/census-v5/comfyui-mcp-dt-census-1.dt.jsonl
comfyui-mcp,npm:comfyui-mcp@0.52.180,519525,call_tool,concurrency,skip,call-failed,"No call succeeded even one at a time, so there is no correct behaviour to compare against.",runs/census-v5/comfyui-mcp-dt-census-1.dt.jsonl
comfyui-mcp,npm:comfyui-mcp@0.52.180,519525,clear_vram,idempotency,skip,call-failed,"The first call did not succeed, so no retry behaviour could be observed.",runs/census-v5/comfyui-mcp-dt-census-1.dt.jsonl
comfyui-mcp,npm:comfyui-mcp@0.52.180,519525,clear_vram,partial-failure,skip,call-failed,"An uninterrupted call did not succeed, so there is no reference effect to interrupt.",runs/census-v5/comfyui-mcp-dt-census-1.dt.jsonl
comfyui-mcp,npm:comfyui-mcp@0.52.180,519525,clear_vram,upstream-idempotency,pass,upstream-reads-only,"The call only reads upstream (GET cloud.comfy.org/system_stats), so a retry cannot duplicate anything, both on the live connection and after a reconnect.",runs/census-v5/comfyui-mcp-dt-census-1.dt.jsonl
comfyui-mcp,npm:comfyui-mcp@0.52.180,519525,clear_vram,concurrency,skip,call-failed,"No call succeeded even one at a time, so there is no correct behaviour to compare against.",runs/census-v5/comfyui-mcp-dt-census-1.dt.jsonl
comfyui-mcp,npm:comfyui-mcp@0.52.180,519525,comfy_cli,idempotency,skip,call-failed,"The first call did not succeed, so no retry behaviour could be observed.",runs/census-v5/comfyui-mcp-dt-census-1.dt.jsonl
comfyui-mcp,npm:comfyui-mcp@0.52.180,519525,comfy_cli,partial-failure,skip,call-failed,"An uninterrupted call did not succeed, so there is no reference effect to interrupt.",runs/census-v5/comfyui-mcp-dt-census-1.dt.jsonl
comfyui-mcp,npm:comfyui-mcp@0.52.180,519525,comfy_cli,upstream-idempotency,skip,no-upstream-call,"The call sent nothing upstream, so there is no remote side effect to retry.",runs/census-v5/comfyui-mcp-dt-census-1.dt.jsonl
comfyui-mcp,npm:comfyui-mcp@0.52.180,519525,comfy_cli,concurrency,skip,call-failed,"No call succeeded even one at a time, so there is no correct behaviour to compare against.",runs/census-v5/comfyui-mcp-dt-census-1.dt.jsonl
@modelcontextprotocol/server-sequential-thinking,npm:@modelcontextprotocol/server-sequential-thinking@2026.8.31,484365,sequentialthinking,answer-stability,fail,answer-not-reproducible,"Two identical calls returned different answers at content[*].text, structuredContent.thoughtHistoryLength, so a retrying client cannot match the second answer to the first.",runs/census-v5/modelcontextprotocol-server-sequential-thinking-dt-census-1.dt.jsonl
@modelcontextprotocol/server-sequential-thinking,npm:@modelcontextprotocol/server-sequential-thinking@2026.8.31,484365,sequentialthinking,idempotency,pass,read-only-confirmed,Declares readOnlyHint: true and a successful call left the observable state unchanged.,runs/census-v5/modelcontextprotocol-server-sequential-thinking-dt-census-1.dt.jsonl
@modelcontextprotocol/server-sequential-thinking,npm:@modelcontextprotocol/server-sequential-thinking@2026.8.31,484365,sequentialthinking,partial-failure,skip,read-only-confirmed,"The tool declares readOnlyHint, so there is no effect to leave half done.",runs/census-v5/modelcontextprotocol-server-sequential-thinking-dt-census-1.dt.jsonl
@modelcontextprotocol/server-sequential-thinking,npm:@modelcontextprotocol/server-sequential-thinking@2026.8.31,484365,sequentialthinking,upstream-idempotency,skip,no-upstream-call,"The call sent nothing upstream, so there is no remote side effect to retry.",runs/census-v5/modelcontextprotocol-server-sequential-thinking-dt-census-1.dt.jsonl
@modelcontextprotocol/server-sequential-thinking,npm:@modelcontextprotocol/server-sequential-thinking@2026.8.31,484365,sequentialthinking,concurrency,skip,read-only-confirmed,"The tool declares readOnlyHint, so overlapping calls have nothing to corrupt.",runs/census-v5/modelcontextprotocol-server-sequential-thinking-dt-census-1.dt.jsonl
@ui5/mcp-server,npm:@ui5/mcp-server@0.2.18,419971,create_integration_card,idempotency,skip,call-failed,"The first call did not succeed, so no retry behaviour could be observed.",runs/census-v5/ui5-mcp-server-dt-census-1.dt.jsonl
@ui5/mcp-server,npm:@ui5/mcp-server@0.2.18,419971,create_integration_card,partial-failure,skip,call-failed,"An uninterrupted call did not succeed, so there is no reference effect to interrupt.",runs/census-v5/ui5-mcp-server-dt-census-1.dt.jsonl
@ui5/mcp-server,npm:@ui5/mcp-server@0.2.18,419971,create_integration_card,upstream-idempotency,pass,upstream-reads-only,"The call only reads upstream (GET raw.githubusercontent.com/UI5/manifest/main/mapping.json), so a retry cannot duplicate anything, both on the live connection and after a reconnect.",runs/census-v5/ui5-mcp-server-dt-census-1.dt.jsonl
@ui5/mcp-server,npm:@ui5/mcp-server@0.2.18,419971,create_integration_card,concurrency,skip,call-failed,"No call succeeded even one at a time, so there is no correct behaviour to compare against.",runs/census-v5/ui5-mcp-server-dt-census-1.dt.jsonl
@ui5/mcp-server,npm:@ui5/mcp-server@0.2.18,419971,create_ui5_app,idempotency,skip,call-failed,"The first call did not succeed, so no retry behaviour could be observed.",runs/census-v5/ui5-mcp-server-dt-census-1.dt.jsonl
@ui5/mcp-server,npm:@ui5/mcp-server@0.2.18,419971,create_ui5_app,partial-failure,skip,call-failed,"An uninterrupted call did not succeed, so there is no reference effect to interrupt.",runs/census-v5/ui5-mcp-server-dt-census-1.dt.jsonl
@ui5/mcp-server,npm:@ui5/mcp-server@0.2.18,419971,create_ui5_app,upstream-idempotency,skip,no-upstream-call,"The call sent nothing upstream, so there is no remote side effect to retry.",runs/census-v5/ui5-mcp-server-dt-census-1.dt.jsonl
@ui5/mcp-server,npm:@ui5/mcp-server@0.2.18,419971,create_ui5_app,concurrency,skip,call-failed,"No call succeeded even one at a time, so there is no correct behaviour to compare against.",runs/census-v5/ui5-mcp-server-dt-census-1.dt.jsonl
@ui5/mcp-server,npm:@ui5/mcp-server@0.2.18,419971,get_api_reference,idempotency,skip,call-failed,"The first call did not succeed, so no retry behaviour could be observed.",runs/census-v5/ui5-mcp-server-dt-census-1.dt.jsonl
@ui5/mcp-server,npm:@ui5/mcp-server@0.2.18,419971,get_api_reference,partial-failure,skip,read-only-confirmed,"The tool declares readOnlyHint, so there is no effect to leave half done.",runs/census-v5/ui5-mcp-server-dt-census-1.dt.jsonl
@ui5/mcp-server,npm:@ui5/mcp-server@0.2.18,419971,get_api_reference,upstream-idempotency,skip,no-upstream-call,"The call sent nothing upstream, so there is no remote side effect to retry.",runs/census-v5/ui5-mcp-server-dt-census-1.dt.jsonl
@ui5/mcp-server,npm:@ui5/mcp-server@0.2.18,419971,get_api_reference,concurrency,skip,read-only-confirmed,"The tool declares readOnlyHint, so overlapping calls have nothing to corrupt.",runs/census-v5/ui5-mcp-server-dt-census-1.dt.jsonl
@azure-devops/mcp,npm:@azure-devops/mcp@2.9.0,389884,advsec_get_alert_details,idempotency,skip,call-failed,"The first call did not succeed, so no retry behaviour could be observed.",runs/census-v5/azure-devops-mcp-dt-census-1.dt.jsonl
@azure-devops/mcp,npm:@azure-devops/mcp@2.9.0,389884,advsec_get_alert_details,partial-failure,skip,call-failed,"An uninterrupted call did not succeed, so there is no reference effect to interrupt.",runs/census-v5/azure-devops-mcp-dt-census-1.dt.jsonl
@azure-devops/mcp,npm:@azure-devops/mcp@2.9.0,389884,advsec_get_alert_details,upstream-idempotency,skip,no-upstream-call,"The call sent nothing upstream, so there is no remote side effect to retry.",runs/census-v5/azure-devops-mcp-dt-census-1.dt.jsonl
@azure-devops/mcp,npm:@azure-devops/mcp@2.9.0,389884,advsec_get_alert_details,concurrency,skip,call-failed,"No call succeeded even one at a time, so there is no correct behaviour to compare against.",runs/census-v5/azure-devops-mcp-dt-census-1.dt.jsonl
@azure-devops/mcp,npm:@azure-devops/mcp@2.9.0,389884,advsec_get_alerts,idempotency,skip,call-failed,"The first call did not succeed, so no retry behaviour could be observed.",runs/census-v5/azure-devops-mcp-dt-census-1.dt.jsonl
@azure-devops/mcp,npm:@azure-devops/mcp@2.9.0,389884,advsec_get_alerts,partial-failure,skip,call-failed,"An uninterrupted call did not succeed, so there is no reference effect to interrupt.",runs/census-v5/azure-devops-mcp-dt-census-1.dt.jsonl
@azure-devops/mcp,npm:@azure-devops/mcp@2.9.0,389884,advsec_get_alerts,upstream-idempotency,skip,no-upstream-call,"The call sent nothing upstream, so there is no remote side effect to retry.",runs/census-v5/azure-devops-mcp-dt-census-1.dt.jsonl
@azure-devops/mcp,npm:@azure-devops/mcp@2.9.0,389884,advsec_get_alerts,concurrency,skip,call-failed,"No call succeeded even one at a time, so there is no correct behaviour to compare against.",runs/census-v5/azure-devops-mcp-dt-census-1.dt.jsonl
@azure-devops/mcp,npm:@azure-devops/mcp@2.9.0,389884,core_get_identity_ids,idempotency,skip,call-failed,"The first call did not succeed, so no retry behaviour could be observed.",runs/census-v5/azure-devops-mcp-dt-census-1.dt.jsonl
@azure-devops/mcp,npm:@azure-devops/mcp@2.9.0,389884,core_get_identity_ids,partial-failure,skip,call-failed,"An uninterrupted call did not succeed, so there is no reference effect to interrupt.",runs/census-v5/azure-devops-mcp-dt-census-1.dt.jsonl
@azure-devops/mcp,npm:@azure-devops/mcp@2.9.0,389884,core_get_identity_ids,upstream-idempotency,skip,no-upstream-call,"The call sent nothing upstream, so there is no remote side effect to retry.",runs/census-v5/azure-devops-mcp-dt-census-1.dt.jsonl
@azure-devops/mcp,npm:@azure-devops/mcp@2.9.0,389884,core_get_identity_ids,concurrency,skip,call-failed,"No call succeeded even one at a time, so there is no correct behaviour to compare against.",runs/census-v5/azure-devops-mcp-dt-census-1.dt.jsonl
@azure-devops/mcp,npm:@azure-devops/mcp@2.9.0,389884,core_list_project_teams,idempotency,skip,call-failed,"The first call did not succeed, so no retry behaviour could be observed.",runs/census-v5/azure-devops-mcp-dt-census-1.dt.jsonl
@azure-devops/mcp,npm:@azure-devops/mcp@2.9.0,389884,core_list_project_teams,partial-failure,skip,call-failed,"An uninterrupted call did not succeed, so there is no reference effect to interrupt.",runs/census-v5/azure-devops-mcp-dt-census-1.dt.jsonl
@azure-devops/mcp,npm:@azure-devops/mcp@2.9.0,389884,core_list_project_teams,upstream-idempotency,skip,no-upstream-call,"The call sent nothing upstream, so there is no remote side effect to retry.",runs/census-v5/azure-devops-mcp-dt-census-1.dt.jsonl
@azure-devops/mcp,npm:@azure-devops/mcp@2.9.0,389884,core_list_project_teams,concurrency,skip,call-failed,"No call succeeded even one at a time, so there is no correct behaviour to compare against.",runs/census-v5/azure-devops-mcp-dt-census-1.dt.jsonl
@azure-devops/mcp,npm:@azure-devops/mcp@2.9.0,389884,core_list_projects,idempotency,skip,call-failed,"The first call did not succeed, so no retry behaviour could be observed.",runs/census-v5/azure-devops-mcp-dt-census-1.dt.jsonl
@azure-devops/mcp,npm:@azure-devops/mcp@2.9.0,389884,core_list_projects,partial-failure,skip,call-failed,"An uninterrupted call did not succeed, so there is no reference effect to interrupt.",runs/census-v5/azure-devops-mcp-dt-census-1.dt.jsonl
@azure-devops/mcp,npm:@azure-devops/mcp@2.9.0,389884,core_list_projects,upstream-idempotency,skip,no-upstream-call,"The call sent nothing upstream, so there is no remote side effect to retry.",runs/census-v5/azure-devops-mcp-dt-census-1.dt.jsonl
@azure-devops/mcp,npm:@azure-devops/mcp@2.9.0,389884,core_list_projects,concurrency,skip,call-failed,"No call succeeded even one at a time, so there is no correct behaviour to compare against.",runs/census-v5/azure-devops-mcp-dt-census-1.dt.jsonl
@azure-devops/mcp,npm:@azure-devops/mcp@2.9.0,389884,pipelines_artifact,idempotency,skip,call-failed,"The first call did not succeed, so no retry behaviour could be observed.",runs/census-v5/azure-devops-mcp-dt-census-1.dt.jsonl
@azure-devops/mcp,npm:@azure-devops/mcp@2.9.0,389884,pipelines_artifact,partial-failure,skip,call-failed,"An uninterrupted call did not succeed, so there is no reference effect to interrupt.",runs/census-v5/azure-devops-mcp-dt-census-1.dt.jsonl
@azure-devops/mcp,npm:@azure-devops/mcp@2.9.0,389884,pipelines_artifact,upstream-idempotency,skip,no-upstream-call,"The call sent nothing upstream, so there is no remote side effect to retry.",runs/census-v5/azure-devops-mcp-dt-census-1.dt.jsonl
@azure-devops/mcp,npm:@azure-devops/mcp@2.9.0,389884,pipelines_artifact,concurrency,skip,call-failed,"No call succeeded even one at a time, so there is no correct behaviour to compare against.",runs/census-v5/azure-devops-mcp-dt-census-1.dt.jsonl
next-devtools-mcp,npm:next-devtools-mcp@0.4.0,354391,browser_eval,answer-stability,pass,answer-reproducible,Two identical calls returned identical answers.,runs/census-v5/next-devtools-mcp-dt-census-1.dt.jsonl
next-devtools-mcp,npm:next-devtools-mcp@0.4.0,354391,browser_eval,idempotency,skip,no-observable-effect,"A successful call produced no observable state change, so retry safety cannot be decided by this oracle.",runs/census-v5/next-devtools-mcp-dt-census-1.dt.jsonl
next-devtools-mcp,npm:next-devtools-mcp@0.4.0,354391,browser_eval,partial-failure,skip,no-observable-effect,"A clean call produced no observable state change, so an interrupted one cannot be judged by this oracle.",runs/census-v5/next-devtools-mcp-dt-census-1.dt.jsonl
next-devtools-mcp,npm:next-devtools-mcp@0.4.0,354391,browser_eval,upstream-idempotency,skip,no-upstream-call,"The call sent nothing upstream, so there is no remote side effect to retry.",runs/census-v5/next-devtools-mcp-dt-census-1.dt.jsonl
next-devtools-mcp,npm:next-devtools-mcp@0.4.0,354391,browser_eval,concurrency,skip,no-observable-effect,"Calls succeed but leave nothing this oracle can see, so overlapping them cannot be judged.",runs/census-v5/next-devtools-mcp-dt-census-1.dt.jsonl
next-devtools-mcp,npm:next-devtools-mcp@0.4.0,354391,nextjs_call,idempotency,skip,call-failed,"The first call did not succeed, so no retry behaviour could be observed.",runs/census-v5/next-devtools-mcp-dt-census-1.dt.jsonl
next-devtools-mcp,npm:next-devtools-mcp@0.4.0,354391,nextjs_call,partial-failure,skip,call-failed,"An uninterrupted call did not succeed, so there is no reference effect to interrupt.",runs/census-v5/next-devtools-mcp-dt-census-1.dt.jsonl
next-devtools-mcp,npm:next-devtools-mcp@0.4.0,354391,nextjs_call,upstream-idempotency,skip,no-upstream-call,"The call sent nothing upstream, so there is no remote side effect to retry.",runs/census-v5/next-devtools-mcp-dt-census-1.dt.jsonl
next-devtools-mcp,npm:next-devtools-mcp@0.4.0,354391,nextjs_call,concurrency,skip,call-failed,"No call succeeded even one at a time, so there is no correct behaviour to compare against.",runs/census-v5/next-devtools-mcp-dt-census-1.dt.jsonl
next-devtools-mcp,npm:next-devtools-mcp@0.4.0,354391,nextjs_docs,answer-stability,pass,answer-reproducible,Two identical calls returned identical answers.,runs/census-v5/next-devtools-mcp-dt-census-1.dt.jsonl
next-devtools-mcp,npm:next-devtools-mcp@0.4.0,354391,nextjs_docs,idempotency,skip,no-observable-effect,"A successful call produced no observable state change, so retry safety cannot be decided by this oracle.",runs/census-v5/next-devtools-mcp-dt-census-1.dt.jsonl
next-devtools-mcp,npm:next-devtools-mcp@0.4.0,354391,nextjs_docs,partial-failure,skip,no-observable-effect,"A clean call produced no observable state change, so an interrupted one cannot be judged by this oracle.",runs/census-v5/next-devtools-mcp-dt-census-1.dt.jsonl
next-devtools-mcp,npm:next-devtools-mcp@0.4.0,354391,nextjs_docs,upstream-idempotency,skip,no-upstream-call,"The call sent nothing upstream, so there is no remote side effect to retry.",runs/census-v5/next-devtools-mcp-dt-census-1.dt.jsonl
next-devtools-mcp,npm:next-devtools-mcp@0.4.0,354391,nextjs_docs,concurrency,skip,no-observable-effect,"Calls succeed but leave nothing this oracle can see, so overlapping them cannot be judged.",runs/census-v5/next-devtools-mcp-dt-census-1.dt.jsonl
next-devtools-mcp,npm:next-devtools-mcp@0.4.0,354391,nextjs_index,answer-stability,pass,answer-reproducible,Two identical calls returned identical answers.,runs/census-v5/next-devtools-mcp-dt-census-1.dt.jsonl
next-devtools-mcp,npm:next-devtools-mcp@0.4.0,354391,nextjs_index,idempotency,skip,no-observable-effect,"A successful call produced no observable state change, so retry safety cannot be decided by this oracle.",runs/census-v5/next-devtools-mcp-dt-census-1.dt.jsonl
next-devtools-mcp,npm:next-devtools-mcp@0.4.0,354391,nextjs_index,partial-failure,skip,no-observable-effect,"A clean call produced no observable state change, so an interrupted one cannot be judged by this oracle.",runs/census-v5/next-devtools-mcp-dt-census-1.dt.jsonl
next-devtools-mcp,npm:next-devtools-mcp@0.4.0,354391,nextjs_index,upstream-idempotency,fail,upstream-write-repeated,"The retry re-sends POST <upstream>:3000/_next/mcp with no idempotency header, and the tool declares no readOnlyHint. Either the retry duplicates a write, or the call is a query and the annotation a gateway would use to know that is missing, both on the live connection and after a reconnect.",runs/census-v5/next-devtools-mcp-dt-census-1.dt.jsonl
next-devtools-mcp,npm:next-devtools-mcp@0.4.0,354391,nextjs_index,concurrency,pass,concurrent-matches-sequential,4 overlapping calls left the same shape of state as the same 4 calls run one at a time.,runs/census-v5/next-devtools-mcp-dt-census-1.dt.jsonl
@serdnaley/metabase-mcp,npm:@serdnaley/metabase-mcp@0.2.0,243342,add_group_member,answer-stability,pass,answer-reproducible,Two identical calls returned identical answers.,runs/census-v5/serdnaley-metabase-mcp-dt-census-1.dt.jsonl
@serdnaley/metabase-mcp,npm:@serdnaley/metabase-mcp@0.2.0,243342,add_group_member,idempotency,skip,no-observable-effect,"A successful call produced no observable state change, so retry safety cannot be decided by this oracle.",runs/census-v5/serdnaley-metabase-mcp-dt-census-1.dt.jsonl
@serdnaley/metabase-mcp,npm:@serdnaley/metabase-mcp@0.2.0,243342,add_group_member,partial-failure,skip,no-observable-effect,"A clean call produced no observable state change, so an interrupted one cannot be judged by this oracle.",runs/census-v5/serdnaley-metabase-mcp-dt-census-1.dt.jsonl
@serdnaley/metabase-mcp,npm:@serdnaley/metabase-mcp@0.2.0,243342,add_group_member,upstream-idempotency,fail,upstream-write-repeated,"The retry re-sends POST <upstream>/api/permissions/membership with no idempotency header, and the tool declares no readOnlyHint. Either the retry duplicates a write, or the call is a query and the annotation a gateway would use to know that is missing, both on the live connection and after a reconnect.",runs/census-v5/serdnaley-metabase-mcp-dt-census-1.dt.jsonl
@serdnaley/metabase-mcp,npm:@serdnaley/metabase-mcp@0.2.0,243342,add_group_member,concurrency,pass,concurrent-matches-sequential,4 overlapping calls left the same shape of state as the same 4 calls run one at a time.,runs/census-v5/serdnaley-metabase-mcp-dt-census-1.dt.jsonl
@serdnaley/metabase-mcp,npm:@serdnaley/metabase-mcp@0.2.0,243342,copy_card,answer-stability,pass,answer-reproducible,Two identical calls returned identical answers.,runs/census-v5/serdnaley-metabase-mcp-dt-census-1.dt.jsonl
@serdnaley/metabase-mcp,npm:@serdnaley/metabase-mcp@0.2.0,243342,copy_card,idempotency,skip,no-observable-effect,"A successful call produced no observable state change, so retry safety cannot be decided by this oracle.",runs/census-v5/serdnaley-metabase-mcp-dt-census-1.dt.jsonl
@serdnaley/metabase-mcp,npm:@serdnaley/metabase-mcp@0.2.0,243342,copy_card,partial-failure,skip,no-observable-effect,"A clean call produced no observable state change, so an interrupted one cannot be judged by this oracle.",runs/census-v5/serdnaley-metabase-mcp-dt-census-1.dt.jsonl
@serdnaley/metabase-mcp,npm:@serdnaley/metabase-mcp@0.2.0,243342,copy_card,upstream-idempotency,fail,upstream-write-repeated,"The retry re-sends POST <upstream>/api/card/10/copy with no idempotency header, and the tool declares no readOnlyHint. Either the retry duplicates a write, or the call is a query and the annotation a gateway would use to know that is missing, both on the live connection and after a reconnect.",runs/census-v5/serdnaley-metabase-mcp-dt-census-1.dt.jsonl
@serdnaley/metabase-mcp,npm:@serdnaley/metabase-mcp@0.2.0,243342,copy_card,concurrency,pass,concurrent-matches-sequential,4 overlapping calls left the same shape of state as the same 4 calls run one at a time.,runs/census-v5/serdnaley-metabase-mcp-dt-census-1.dt.jsonl
@serdnaley/metabase-mcp,npm:@serdnaley/metabase-mcp@0.2.0,243342,copy_dashboard,answer-stability,pass,answer-reproducible,Two identical calls returned identical answers.,runs/census-v5/serdnaley-metabase-mcp-dt-census-1.dt.jsonl
@serdnaley/metabase-mcp,npm:@serdnaley/metabase-mcp@0.2.0,243342,copy_dashboard,idempotency,skip,no-observable-effect,"A successful call produced no observable state change, so retry safety cannot be decided by this oracle.",runs/census-v5/serdnaley-metabase-mcp-dt-census-1.dt.jsonl
@serdnaley/metabase-mcp,npm:@serdnaley/metabase-mcp@0.2.0,243342,copy_dashboard,partial-failure,skip,no-observable-effect,"A clean call produced no observable state change, so an interrupted one cannot be judged by this oracle.",runs/census-v5/serdnaley-metabase-mcp-dt-census-1.dt.jsonl
@serdnaley/metabase-mcp,npm:@serdnaley/metabase-mcp@0.2.0,243342,copy_dashboard,upstream-idempotency,fail,upstream-write-repeated,"The retry re-sends POST <upstream>/api/dashboard/3/copy with no idempotency header, and the tool declares no readOnlyHint. Either the retry duplicates a write, or the call is a query and the annotation a gateway would use to know that is missing, both on the live connection and after a reconnect.",runs/census-v5/serdnaley-metabase-mcp-dt-census-1.dt.jsonl
@serdnaley/metabase-mcp,npm:@serdnaley/metabase-mcp@0.2.0,243342,copy_dashboard,concurrency,pass,concurrent-matches-sequential,4 overlapping calls left the same shape of state as the same 4 calls run one at a time.,runs/census-v5/serdnaley-metabase-mcp-dt-census-1.dt.jsonl
@serdnaley/metabase-mcp,npm:@serdnaley/metabase-mcp@0.2.0,243342,create_action,answer-stability,pass,answer-reproducible,Two identical calls returned identical answers.,runs/census-v5/serdnaley-metabase-mcp-dt-census-1.dt.jsonl
@serdnaley/metabase-mcp,npm:@serdnaley/metabase-mcp@0.2.0,243342,create_action,idempotency,skip,no-observable-effect,"A successful call produced no observable state change, so retry safety cannot be decided by this oracle.",runs/census-v5/serdnaley-metabase-mcp-dt-census-1.dt.jsonl
@serdnaley/metabase-mcp,npm:@serdnaley/metabase-mcp@0.2.0,243342,create_action,partial-failure,skip,no-observable-effect,"A clean call produced no observable state change, so an interrupted one cannot be judged by this oracle.",runs/census-v5/serdnaley-metabase-mcp-dt-census-1.dt.jsonl
@serdnaley/metabase-mcp,npm:@serdnaley/metabase-mcp@0.2.0,243342,create_action,upstream-idempotency,fail,upstream-write-repeated,"The retry re-sends POST <upstream>/api/action with no idempotency header, and the tool declares no readOnlyHint. Either the retry duplicates a write, or the call is a query and the annotation a gateway would use to know that is missing, both on the live connection and after a reconnect.",runs/census-v5/serdnaley-metabase-mcp-dt-census-1.dt.jsonl
@serdnaley/metabase-mcp,npm:@serdnaley/metabase-mcp@0.2.0,243342,create_action,concurrency,pass,concurrent-matches-sequential,4 overlapping calls left the same shape of state as the same 4 calls run one at a time.,runs/census-v5/serdnaley-metabase-mcp-dt-census-1.dt.jsonl
@serdnaley/metabase-mcp,npm:@serdnaley/metabase-mcp@0.2.0,243342,create_action_public_link,answer-stability,pass,answer-reproducible,Two identical calls returned identical answers.,runs/census-v5/serdnaley-metabase-mcp-dt-census-1.dt.jsonl
@serdnaley/metabase-mcp,npm:@serdnaley/metabase-mcp@0.2.0,243342,create_action_public_link,idempotency,skip,no-observable-effect,"A successful call produced no observable state change, so retry safety cannot be decided by this oracle.",runs/census-v5/serdnaley-metabase-mcp-dt-census-1.dt.jsonl
@serdnaley/metabase-mcp,npm:@serdnaley/metabase-mcp@0.2.0,243342,create_action_public_link,partial-failure,skip,no-observable-effect,"A clean call produced no observable state change, so an interrupted one cannot be judged by this oracle.",runs/census-v5/serdnaley-metabase-mcp-dt-census-1.dt.jsonl
@serdnaley/metabase-mcp,npm:@serdnaley/metabase-mcp@0.2.0,243342,create_action_public_link,upstream-idempotency,fail,upstream-write-repeated,"The retry re-sends POST <upstream>/api/action/6/public_link with no idempotency header, and the tool declares no readOnlyHint. Either the retry duplicates a write, or the call is a query and the annotation a gateway would use to know that is missing, both on the live connection and after a reconnect.",runs/census-v5/serdnaley-metabase-mcp-dt-census-1.dt.jsonl
@serdnaley/metabase-mcp,npm:@serdnaley/metabase-mcp@0.2.0,243342,create_action_public_link,concurrency,pass,concurrent-matches-sequential,4 overlapping calls left the same shape of state as the same 4 calls run one at a time.,runs/census-v5/serdnaley-metabase-mcp-dt-census-1.dt.jsonl
@serdnaley/metabase-mcp,npm:@serdnaley/metabase-mcp@0.2.0,243342,create_alert,answer-stability,pass,answer-reproducible,Two identical calls returned identical answers.,runs/census-v5/serdnaley-metabase-mcp-dt-census-1.dt.jsonl
@serdnaley/metabase-mcp,npm:@serdnaley/metabase-mcp@0.2.0,243342,create_alert,idempotency,skip,no-observable-effect,"A successful call produced no observable state change, so retry safety cannot be decided by this oracle.",runs/census-v5/serdnaley-metabase-mcp-dt-census-1.dt.jsonl
@serdnaley/metabase-mcp,npm:@serdnaley/metabase-mcp@0.2.0,243342,create_alert,partial-failure,skip,no-observable-effect,"A clean call produced no observable state change, so an interrupted one cannot be judged by this oracle.",runs/census-v5/serdnaley-metabase-mcp-dt-census-1.dt.jsonl
@serdnaley/metabase-mcp,npm:@serdnaley/metabase-mcp@0.2.0,243342,create_alert,upstream-idempotency,fail,upstream-write-repeated,"The retry re-sends POST <upstream>/api/alert with no idempotency header, and the tool declares no readOnlyHint. Either the retry duplicates a write, or the call is a query and the annotation a gateway would use to know that is missing, both on the live connection and after a reconnect.",runs/census-v5/serdnaley-metabase-mcp-dt-census-1.dt.jsonl
@serdnaley/metabase-mcp,npm:@serdnaley/metabase-mcp@0.2.0,243342,create_alert,concurrency,pass,concurrent-matches-sequential,4 overlapping calls left the same shape of state as the same 4 calls run one at a time.,runs/census-v5/serdnaley-metabase-mcp-dt-census-1.dt.jsonl
@serdnaley/metabase-mcp,npm:@serdnaley/metabase-mcp@0.2.0,243342,create_bookmark,answer-stability,pass,answer-reproducible,Two identical calls returned identical answers.,runs/census-v5/serdnaley-metabase-mcp-dt-census-1.dt.jsonl
@serdnaley/metabase-mcp,npm:@serdnaley/metabase-mcp@0.2.0,243342,create_bookmark,idempotency,skip,no-observable-effect,"A successful call produced no observable state change, so retry safety cannot be decided by this oracle.",runs/census-v5/serdnaley-metabase-mcp-dt-census-1.dt.jsonl
@serdnaley/metabase-mcp,npm:@serdnaley/metabase-mcp@0.2.0,243342,create_bookmark,partial-failure,skip,no-observable-effect,"A clean call produced no observable state change, so an interrupted one cannot be judged by this oracle.",runs/census-v5/serdnaley-metabase-mcp-dt-census-1.dt.jsonl
@serdnaley/metabase-mcp,npm:@serdnaley/metabase-mcp@0.2.0,243342,create_bookmark,upstream-idempotency,fail,upstream-write-repeated,"The retry re-sends POST <upstream>/api/bookmark/card/8 with no idempotency header, and the tool declares no readOnlyHint. Either the retry duplicates a write, or the call is a query and the annotation a gateway would use to know that is missing, both on the live connection and after a reconnect.",runs/census-v5/serdnaley-metabase-mcp-dt-census-1.dt.jsonl
@serdnaley/metabase-mcp,npm:@serdnaley/metabase-mcp@0.2.0,243342,create_bookmark,concurrency,pass,concurrent-matches-sequential,4 overlapping calls left the same shape of state as the same 4 calls run one at a time.,runs/census-v5/serdnaley-metabase-mcp-dt-census-1.dt.jsonl
@serdnaley/metabase-mcp,npm:@serdnaley/metabase-mcp@0.2.0,243342,create_card,answer-stability,pass,answer-reproducible,Two identical calls returned identical answers.,runs/census-v5/serdnaley-metabase-mcp-dt-census-1.dt.jsonl
@serdnaley/metabase-mcp,npm:@serdnaley/metabase-mcp@0.2.0,243342,create_card,idempotency,skip,no-observable-effect,"A successful call produced no observable state change, so retry safety cannot be decided by this oracle.",runs/census-v5/serdnaley-metabase-mcp-dt-census-1.dt.jsonl
@serdnaley/metabase-mcp,npm:@serdnaley/metabase-mcp@0.2.0,243342,create_card,partial-failure,skip,no-observable-effect,"A clean call produced no observable state change, so an interrupted one cannot be judged by this oracle.",runs/census-v5/serdnaley-metabase-mcp-dt-census-1.dt.jsonl
@serdnaley/metabase-mcp,npm:@serdnaley/metabase-mcp@0.2.0,243342,create_card,upstream-idempotency,fail,upstream-write-repeated,"The retry re-sends POST <upstream>/api/card with no idempotency header, and the tool declares no readOnlyHint. Either the retry duplicates a write, or the call is a query and the annotation a gateway would use to know that is missing, both on the live connection and after a reconnect.",runs/census-v5/serdnaley-metabase-mcp-dt-census-1.dt.jsonl
@serdnaley/metabase-mcp,npm:@serdnaley/metabase-mcp@0.2.0,243342,create_card,concurrency,pass,concurrent-matches-sequential,4 overlapping calls left the same shape of state as the same 4 calls run one at a time.,runs/census-v5/serdnaley-metabase-mcp-dt-census-1.dt.jsonl
freee-mcp,npm:freee-mcp@0.34.2,204960,freee_api_delete,answer-stability,pass,answer-reproducible,Two identical calls returned identical answers.,runs/census-v5/freee-mcp-dt-census-1.dt.jsonl
freee-mcp,npm:freee-mcp@0.34.2,204960,freee_api_delete,idempotency,skip,no-observable-effect,"A successful call produced no observable state change, so retry safety cannot be decided by this oracle.",runs/census-v5/freee-mcp-dt-census-1.dt.jsonl
freee-mcp,npm:freee-mcp@0.34.2,204960,freee_api_delete,partial-failure,skip,no-observable-effect,"A clean call produced no observable state change, so an interrupted one cannot be judged by this oracle.",runs/census-v5/freee-mcp-dt-census-1.dt.jsonl
freee-mcp,npm:freee-mcp@0.34.2,204960,freee_api_delete,upstream-idempotency,skip,no-upstream-call,"The call sent nothing upstream, so there is no remote side effect to retry.",runs/census-v5/freee-mcp-dt-census-1.dt.jsonl
freee-mcp,npm:freee-mcp@0.34.2,204960,freee_api_delete,concurrency,skip,no-observable-effect,"Calls succeed but leave nothing this oracle can see, so overlapping them cannot be judged.",runs/census-v5/freee-mcp-dt-census-1.dt.jsonl
freee-mcp,npm:freee-mcp@0.34.2,204960,freee_api_get,answer-stability,pass,answer-reproducible,Two identical calls returned identical answers.,runs/census-v5/freee-mcp-dt-census-1.dt.jsonl
freee-mcp,npm:freee-mcp@0.34.2,204960,freee_api_get,idempotency,pass,read-only-confirmed,Declares readOnlyHint: true and a successful call left the observable state unchanged.,runs/census-v5/freee-mcp-dt-census-1.dt.jsonl
freee-mcp,npm:freee-mcp@0.34.2,204960,freee_api_get,partial-failure,skip,read-only-confirmed,"The tool declares readOnlyHint, so there is no effect to leave half done.",runs/census-v5/freee-mcp-dt-census-1.dt.jsonl
freee-mcp,npm:freee-mcp@0.34.2,204960,freee_api_get,upstream-idempotency,skip,no-upstream-call,"The call sent nothing upstream, so there is no remote side effect to retry.",runs/census-v5/freee-mcp-dt-census-1.dt.jsonl
freee-mcp,npm:freee-mcp@0.34.2,204960,freee_api_get,concurrency,skip,read-only-confirmed,"The tool declares readOnlyHint, so overlapping calls have nothing to corrupt.",runs/census-v5/freee-mcp-dt-census-1.dt.jsonl
freee-mcp,npm:freee-mcp@0.34.2,204960,freee_api_list_paths,answer-stability,pass,answer-reproducible,Two identical calls returned identical answers.,runs/census-v5/freee-mcp-dt-census-1.dt.jsonl
freee-mcp,npm:freee-mcp@0.34.2,204960,freee_api_list_paths,idempotency,pass,read-only-confirmed,Declares readOnlyHint: true and a successful call left the observable state unchanged.,runs/census-v5/freee-mcp-dt-census-1.dt.jsonl
freee-mcp,npm:freee-mcp@0.34.2,204960,freee_api_list_paths,partial-failure,skip,read-only-confirmed,"The tool declares readOnlyHint, so there is no effect to leave half done.",runs/census-v5/freee-mcp-dt-census-1.dt.jsonl
freee-mcp,npm:freee-mcp@0.34.2,204960,freee_api_list_paths,upstream-idempotency,skip,no-upstream-call,"The call sent nothing upstream, so there is no remote side effect to retry.",runs/census-v5/freee-mcp-dt-census-1.dt.jsonl
freee-mcp,npm:freee-mcp@0.34.2,204960,freee_api_list_paths,concurrency,skip,read-only-confirmed,"The tool declares readOnlyHint, so overlapping calls have nothing to corrupt.",runs/census-v5/freee-mcp-dt-census-1.dt.jsonl
freee-mcp,npm:freee-mcp@0.34.2,204960,freee_api_patch,answer-stability,pass,answer-reproducible,Two identical calls returned identical answers.,runs/census-v5/freee-mcp-dt-census-1.dt.jsonl
freee-mcp,npm:freee-mcp@0.34.2,204960,freee_api_patch,idempotency,skip,no-observable-effect,"A successful call produced no observable state change, so retry safety cannot be decided by this oracle.",runs/census-v5/freee-mcp-dt-census-1.dt.jsonl
freee-mcp,npm:freee-mcp@0.34.2,204960,freee_api_patch,partial-failure,skip,no-observable-effect,"A clean call produced no observable state change, so an interrupted one cannot be judged by this oracle.",runs/census-v5/freee-mcp-dt-census-1.dt.jsonl
freee-mcp,npm:freee-mcp@0.34.2,204960,freee_api_patch,upstream-idempotency,skip,no-upstream-call,"The call sent nothing upstream, so there is no remote side effect to retry.",runs/census-v5/freee-mcp-dt-census-1.dt.jsonl
freee-mcp,npm:freee-mcp@0.34.2,204960,freee_api_patch,concurrency,skip,no-observable-effect,"Calls succeed but leave nothing this oracle can see, so overlapping them cannot be judged.",runs/census-v5/freee-mcp-dt-census-1.dt.jsonl
freee-mcp,npm:freee-mcp@0.34.2,204960,freee_api_post,answer-stability,pass,answer-reproducible,Two identical calls returned identical answers.,runs/census-v5/freee-mcp-dt-census-1.dt.jsonl
freee-mcp,npm:freee-mcp@0.34.2,204960,freee_api_post,idempotency,skip,no-observable-effect,"A successful call produced no observable state change, so retry safety cannot be decided by this oracle.",runs/census-v5/freee-mcp-dt-census-1.dt.jsonl
freee-mcp,npm:freee-mcp@0.34.2,204960,freee_api_post,partial-failure,skip,no-observable-effect,"A clean call produced no observable state change, so an interrupted one cannot be judged by this oracle.",runs/census-v5/freee-mcp-dt-census-1.dt.jsonl
freee-mcp,npm:freee-mcp@0.34.2,204960,freee_api_post,upstream-idempotency,skip,no-upstream-call,"The call sent nothing upstream, so there is no remote side effect to retry.",runs/census-v5/freee-mcp-dt-census-1.dt.jsonl
freee-mcp,npm:freee-mcp@0.34.2,204960,freee_api_post,concurrency,skip,no-observable-effect,"Calls succeed but leave nothing this oracle can see, so overlapping them cannot be judged.",runs/census-v5/freee-mcp-dt-census-1.dt.jsonl
freee-mcp,npm:freee-mcp@0.34.2,204960,freee_api_put,answer-stability,pass,answer-reproducible,Two identical calls returned identical answers.,runs/census-v5/freee-mcp-dt-census-1.dt.jsonl
freee-mcp,npm:freee-mcp@0.34.2,204960,freee_api_put,idempotency,skip,no-observable-effect,"A successful call produced no observable state change, so retry safety cannot be decided by this oracle.",runs/census-v5/freee-mcp-dt-census-1.dt.jsonl
freee-mcp,npm:freee-mcp@0.34.2,204960,freee_api_put,partial-failure,skip,no-observable-effect,"A clean call produced no observable state change, so an interrupted one cannot be judged by this oracle.",runs/census-v5/freee-mcp-dt-census-1.dt.jsonl
freee-mcp,npm:freee-mcp@0.34.2,204960,freee_api_put,upstream-idempotency,skip,no-upstream-call,"The call sent nothing upstream, so there is no remote side effect to retry.",runs/census-v5/freee-mcp-dt-census-1.dt.jsonl
freee-mcp,npm:freee-mcp@0.34.2,204960,freee_api_put,concurrency,skip,no-observable-effect,"Calls succeed but leave nothing this oracle can see, so overlapping them cannot be judged.",runs/census-v5/freee-mcp-dt-census-1.dt.jsonl
freee-mcp,npm:freee-mcp@0.34.2,204960,freee_auth_status,answer-stability,pass,answer-reproducible,Two identical calls returned identical answers.,runs/census-v5/freee-mcp-dt-census-1.dt.jsonl
freee-mcp,npm:freee-mcp@0.34.2,204960,freee_auth_status,idempotency,pass,read-only-confirmed,Declares readOnlyHint: true and a successful call left the observable state unchanged.,runs/census-v5/freee-mcp-dt-census-1.dt.jsonl
freee-mcp,npm:freee-mcp@0.34.2,204960,freee_auth_status,partial-failure,skip,read-only-confirmed,"The tool declares readOnlyHint, so there is no effect to leave half done.",runs/census-v5/freee-mcp-dt-census-1.dt.jsonl
freee-mcp,npm:freee-mcp@0.34.2,204960,freee_auth_status,upstream-idempotency,skip,no-upstream-call,"The call sent nothing upstream, so there is no remote side effect to retry.",runs/census-v5/freee-mcp-dt-census-1.dt.jsonl
freee-mcp,npm:freee-mcp@0.34.2,204960,freee_auth_status,concurrency,skip,read-only-confirmed,"The tool declares readOnlyHint, so overlapping calls have nothing to corrupt.",runs/census-v5/freee-mcp-dt-census-1.dt.jsonl
freee-mcp,npm:freee-mcp@0.34.2,204960,freee_authenticate,answer-stability,pass,answer-reproducible,Two identical calls returned identical answers.,runs/census-v5/freee-mcp-dt-census-1.dt.jsonl
freee-mcp,npm:freee-mcp@0.34.2,204960,freee_authenticate,idempotency,skip,no-observable-effect,"A successful call produced no observable state change, so retry safety cannot be decided by this oracle.",runs/census-v5/freee-mcp-dt-census-1.dt.jsonl
freee-mcp,npm:freee-mcp@0.34.2,204960,freee_authenticate,partial-failure,skip,no-observable-effect,"A clean call produced no observable state change, so an interrupted one cannot be judged by this oracle.",runs/census-v5/freee-mcp-dt-census-1.dt.jsonl
freee-mcp,npm:freee-mcp@0.34.2,204960,freee_authenticate,upstream-idempotency,skip,no-upstream-call,"The call sent nothing upstream, so there is no remote side effect to retry.",runs/census-v5/freee-mcp-dt-census-1.dt.jsonl
freee-mcp,npm:freee-mcp@0.34.2,204960,freee_authenticate,concurrency,skip,no-observable-effect,"Calls succeed but leave nothing this oracle can see, so overlapping them cannot be judged.",runs/census-v5/freee-mcp-dt-census-1.dt.jsonl
@perplexity-ai/mcp-server,npm:@perplexity-ai/mcp-server@1.2.1,157692,perplexity_ask,idempotency,skip,call-failed,"The first call did not succeed, so no retry behaviour could be observed.",runs/census-v5/perplexity-ai-mcp-server-dt-census-1.dt.jsonl
@perplexity-ai/mcp-server,npm:@perplexity-ai/mcp-server@1.2.1,157692,perplexity_ask,partial-failure,skip,read-only-confirmed,"The tool declares readOnlyHint, so there is no effect to leave half done.",runs/census-v5/perplexity-ai-mcp-server-dt-census-1.dt.jsonl
@perplexity-ai/mcp-server,npm:@perplexity-ai/mcp-server@1.2.1,157692,perplexity_ask,upstream-idempotency,pass,upstream-reads-only,"The retry re-sends POST <upstream>/v1/agent, but the tool declares readOnlyHint, so the request is a query rather than a write, both on the live connection and after a reconnect.",runs/census-v5/perplexity-ai-mcp-server-dt-census-1.dt.jsonl
@perplexity-ai/mcp-server,npm:@perplexity-ai/mcp-server@1.2.1,157692,perplexity_ask,concurrency,skip,read-only-confirmed,"The tool declares readOnlyHint, so overlapping calls have nothing to corrupt.",runs/census-v5/perplexity-ai-mcp-server-dt-census-1.dt.jsonl
@perplexity-ai/mcp-server,npm:@perplexity-ai/mcp-server@1.2.1,157692,perplexity_reason,idempotency,skip,call-failed,"The first call did not succeed, so no retry behaviour could be observed.",runs/census-v5/perplexity-ai-mcp-server-dt-census-1.dt.jsonl
@perplexity-ai/mcp-server,npm:@perplexity-ai/mcp-server@1.2.1,157692,perplexity_reason,partial-failure,skip,read-only-confirmed,"The tool declares readOnlyHint, so there is no effect to leave half done.",runs/census-v5/perplexity-ai-mcp-server-dt-census-1.dt.jsonl
@perplexity-ai/mcp-server,npm:@perplexity-ai/mcp-server@1.2.1,157692,perplexity_reason,upstream-idempotency,pass,upstream-reads-only,"The retry re-sends POST <upstream>/v1/agent, but the tool declares readOnlyHint, so the request is a query rather than a write, both on the live connection and after a reconnect.",runs/census-v5/perplexity-ai-mcp-server-dt-census-1.dt.jsonl
@perplexity-ai/mcp-server,npm:@perplexity-ai/mcp-server@1.2.1,157692,perplexity_reason,concurrency,skip,read-only-confirmed,"The tool declares readOnlyHint, so overlapping calls have nothing to corrupt.",runs/census-v5/perplexity-ai-mcp-server-dt-census-1.dt.jsonl
@perplexity-ai/mcp-server,npm:@perplexity-ai/mcp-server@1.2.1,157692,perplexity_research,idempotency,skip,call-failed,"The first call did not succeed, so no retry behaviour could be observed.",runs/census-v5/perplexity-ai-mcp-server-dt-census-1.dt.jsonl
@perplexity-ai/mcp-server,npm:@perplexity-ai/mcp-server@1.2.1,157692,perplexity_research,partial-failure,skip,read-only-confirmed,"The tool declares readOnlyHint, so there is no effect to leave half done.",runs/census-v5/perplexity-ai-mcp-server-dt-census-1.dt.jsonl
@perplexity-ai/mcp-server,npm:@perplexity-ai/mcp-server@1.2.1,157692,perplexity_research,upstream-idempotency,pass,upstream-reads-only,"The retry re-sends POST <upstream>/v1/agent, but the tool declares readOnlyHint, so the request is a query rather than a write, both on the live connection and after a reconnect.",runs/census-v5/perplexity-ai-mcp-server-dt-census-1.dt.jsonl
@perplexity-ai/mcp-server,npm:@perplexity-ai/mcp-server@1.2.1,157692,perplexity_research,concurrency,skip,read-only-confirmed,"The tool declares readOnlyHint, so overlapping calls have nothing to corrupt.",runs/census-v5/perplexity-ai-mcp-server-dt-census-1.dt.jsonl
@perplexity-ai/mcp-server,npm:@perplexity-ai/mcp-server@1.2.1,157692,perplexity_search,idempotency,skip,call-failed,"The first call did not succeed, so no retry behaviour could be observed.",runs/census-v5/perplexity-ai-mcp-server-dt-census-1.dt.jsonl
@perplexity-ai/mcp-server,npm:@perplexity-ai/mcp-server@1.2.1,157692,perplexity_search,partial-failure,skip,read-only-confirmed,"The tool declares readOnlyHint, so there is no effect to leave half done.",runs/census-v5/perplexity-ai-mcp-server-dt-census-1.dt.jsonl
@perplexity-ai/mcp-server,npm:@perplexity-ai/mcp-server@1.2.1,157692,perplexity_search,upstream-idempotency,pass,upstream-reads-only,"The retry re-sends POST <upstream>/search, but the tool declares readOnlyHint, so the request is a query rather than a write, both on the live connection and after a reconnect.",runs/census-v5/perplexity-ai-mcp-server-dt-census-1.dt.jsonl
@perplexity-ai/mcp-server,npm:@perplexity-ai/mcp-server@1.2.1,157692,perplexity_search,concurrency,skip,read-only-confirmed,"The tool declares readOnlyHint, so overlapping calls have nothing to corrupt.",runs/census-v5/perplexity-ai-mcp-server-dt-census-1.dt.jsonl
@currents/mcp,npm:@currents/mcp@2.4.2,154345,currents-cancel-run,answer-stability,pass,answer-reproducible,Two identical calls returned identical answers.,runs/census-v5/currents-mcp-dt-census-1.dt.jsonl
@currents/mcp,npm:@currents/mcp@2.4.2,154345,currents-cancel-run,idempotency,skip,no-observable-effect,"A successful call produced no observable state change, so retry safety cannot be decided by this oracle.",runs/census-v5/currents-mcp-dt-census-1.dt.jsonl
@currents/mcp,npm:@currents/mcp@2.4.2,154345,currents-cancel-run,partial-failure,skip,no-observable-effect,"A clean call produced no observable state change, so an interrupted one cannot be judged by this oracle.",runs/census-v5/currents-mcp-dt-census-1.dt.jsonl
@currents/mcp,npm:@currents/mcp@2.4.2,154345,currents-cancel-run,upstream-idempotency,pass,upstream-method-idempotent,"The retry re-sends PUT <upstream>/runs/dt-fabc2d/cancel, but those methods are idempotent by definition in HTTP, so repeating them leaves the same end state, both on the live connection and after a reconnect.",runs/census-v5/currents-mcp-dt-census-1.dt.jsonl
@currents/mcp,npm:@currents/mcp@2.4.2,154345,currents-cancel-run,concurrency,pass,concurrent-matches-sequential,4 overlapping calls left the same shape of state as the same 4 calls run one at a time.,runs/census-v5/currents-mcp-dt-census-1.dt.jsonl
@currents/mcp,npm:@currents/mcp@2.4.2,154345,currents-cancel-run-github-ci,answer-stability,pass,answer-reproducible,Two identical calls returned identical answers.,runs/census-v5/currents-mcp-dt-census-1.dt.jsonl
@currents/mcp,npm:@currents/mcp@2.4.2,154345,currents-cancel-run-github-ci,idempotency,skip,no-observable-effect,"A successful call produced no observable state change, so retry safety cannot be decided by this oracle.",runs/census-v5/currents-mcp-dt-census-1.dt.jsonl
@currents/mcp,npm:@currents/mcp@2.4.2,154345,currents-cancel-run-github-ci,partial-failure,skip,no-observable-effect,"A clean call produced no observable state change, so an interrupted one cannot be judged by this oracle.",runs/census-v5/currents-mcp-dt-census-1.dt.jsonl
@currents/mcp,npm:@currents/mcp@2.4.2,154345,currents-cancel-run-github-ci,upstream-idempotency,fail,upstream-write-repeated,"The retry re-sends PUT <upstream>/runs/cancel-ci/github with no idempotency header, and the tool declares no readOnlyHint. Either the retry duplicates a write, or the call is a query and the annotation a gateway would use to know that is missing, both on the live connection and after a reconnect.",runs/census-v5/currents-mcp-dt-census-1.dt.jsonl
@currents/mcp,npm:@currents/mcp@2.4.2,154345,currents-cancel-run-github-ci,concurrency,pass,concurrent-matches-sequential,4 overlapping calls left the same shape of state as the same 4 calls run one at a time.,runs/census-v5/currents-mcp-dt-census-1.dt.jsonl
@currents/mcp,npm:@currents/mcp@2.4.2,154345,currents-create-action,answer-stability,pass,answer-reproducible,Two identical calls returned identical answers.,runs/census-v5/currents-mcp-dt-census-1.dt.jsonl
@currents/mcp,npm:@currents/mcp@2.4.2,154345,currents-create-action,idempotency,skip,no-observable-effect,"A successful call produced no observable state change, so retry safety cannot be decided by this oracle.",runs/census-v5/currents-mcp-dt-census-1.dt.jsonl
@currents/mcp,npm:@currents/mcp@2.4.2,154345,currents-create-action,partial-failure,skip,no-observable-effect,"A clean call produced no observable state change, so an interrupted one cannot be judged by this oracle.",runs/census-v5/currents-mcp-dt-census-1.dt.jsonl
@currents/mcp,npm:@currents/mcp@2.4.2,154345,currents-create-action,upstream-idempotency,fail,upstream-write-repeated,"The retry re-sends POST <upstream>/actions with no idempotency header, and the tool declares no readOnlyHint. Either the retry duplicates a write, or the call is a query and the annotation a gateway would use to know that is missing, both on the live connection and after a reconnect.",runs/census-v5/currents-mcp-dt-census-1.dt.jsonl
@currents/mcp,npm:@currents/mcp@2.4.2,154345,currents-create-action,concurrency,pass,concurrent-matches-sequential,4 overlapping calls left the same shape of state as the same 4 calls run one at a time.,runs/census-v5/currents-mcp-dt-census-1.dt.jsonl
@currents/mcp,npm:@currents/mcp@2.4.2,154345,currents-create-jira-issue,answer-stability,pass,answer-reproducible,Two identical calls returned identical answers.,runs/census-v5/currents-mcp-dt-census-1.dt.jsonl
@currents/mcp,npm:@currents/mcp@2.4.2,154345,currents-create-jira-issue,idempotency,skip,no-observable-effect,"A successful call produced no observable state change, so retry safety cannot be decided by this oracle.",runs/census-v5/currents-mcp-dt-census-1.dt.jsonl
@currents/mcp,npm:@currents/mcp@2.4.2,154345,currents-create-jira-issue,partial-failure,skip,no-observable-effect,"A clean call produced no observable state change, so an interrupted one cannot be judged by this oracle.",runs/census-v5/currents-mcp-dt-census-1.dt.jsonl
@currents/mcp,npm:@currents/mcp@2.4.2,154345,currents-create-jira-issue,upstream-idempotency,fail,upstream-write-repeated,"The retry re-sends POST <upstream>/projects/dt-0e4749/jira/issues with no idempotency header, and the tool declares no readOnlyHint. Either the retry duplicates a write, or the call is a query and the annotation a gateway would use to know that is missing, both on the live connection and after a reconnect.",runs/census-v5/currents-mcp-dt-census-1.dt.jsonl
@currents/mcp,npm:@currents/mcp@2.4.2,154345,currents-create-jira-issue,concurrency,pass,concurrent-matches-sequential,4 overlapping calls left the same shape of state as the same 4 calls run one at a time.,runs/census-v5/currents-mcp-dt-census-1.dt.jsonl
@currents/mcp,npm:@currents/mcp@2.4.2,154345,currents-create-webhook,answer-stability,pass,answer-reproducible,Two identical calls returned identical answers.,runs/census-v5/currents-mcp-dt-census-1.dt.jsonl
@currents/mcp,npm:@currents/mcp@2.4.2,154345,currents-create-webhook,idempotency,skip,no-observable-effect,"A successful call produced no observable state change, so retry safety cannot be decided by this oracle.",runs/census-v5/currents-mcp-dt-census-1.dt.jsonl
@currents/mcp,npm:@currents/mcp@2.4.2,154345,currents-create-webhook,partial-failure,skip,no-observable-effect,"A clean call produced no observable state change, so an interrupted one cannot be judged by this oracle.",runs/census-v5/currents-mcp-dt-census-1.dt.jsonl
@currents/mcp,npm:@currents/mcp@2.4.2,154345,currents-create-webhook,upstream-idempotency,fail,upstream-write-repeated,"The retry re-sends POST <upstream>/webhooks with no idempotency header, and the tool declares no readOnlyHint. Either the retry duplicates a write, or the call is a query and the annotation a gateway would use to know that is missing, both on the live connection and after a reconnect.",runs/census-v5/currents-mcp-dt-census-1.dt.jsonl
@currents/mcp,npm:@currents/mcp@2.4.2,154345,currents-create-webhook,concurrency,pass,concurrent-matches-sequential,4 overlapping calls left the same shape of state as the same 4 calls run one at a time.,runs/census-v5/currents-mcp-dt-census-1.dt.jsonl
@currents/mcp,npm:@currents/mcp@2.4.2,154345,currents-delete-action,answer-stability,pass,answer-reproducible,Two identical calls returned identical answers.,runs/census-v5/currents-mcp-dt-census-1.dt.jsonl
@currents/mcp,npm:@currents/mcp@2.4.2,154345,currents-delete-action,idempotency,skip,no-observable-effect,"A successful call produced no observable state change, so retry safety cannot be decided by this oracle.",runs/census-v5/currents-mcp-dt-census-1.dt.jsonl
@currents/mcp,npm:@currents/mcp@2.4.2,154345,currents-delete-action,partial-failure,skip,no-observable-effect,"A clean call produced no observable state change, so an interrupted one cannot be judged by this oracle.",runs/census-v5/currents-mcp-dt-census-1.dt.jsonl
@currents/mcp,npm:@currents/mcp@2.4.2,154345,currents-delete-action,upstream-idempotency,pass,upstream-method-idempotent,"The retry re-sends DELETE <upstream>/actions/dt-f139d4, but those methods are idempotent by definition in HTTP, so repeating them leaves the same end state, both on the live connection and after a reconnect.",runs/census-v5/currents-mcp-dt-census-1.dt.jsonl
@currents/mcp,npm:@currents/mcp@2.4.2,154345,currents-delete-action,concurrency,pass,concurrent-matches-sequential,4 overlapping calls left the same shape of state as the same 4 calls run one at a time.,runs/census-v5/currents-mcp-dt-census-1.dt.jsonl
@currents/mcp,npm:@currents/mcp@2.4.2,154345,currents-delete-run,answer-stability,pass,answer-reproducible,Two identical calls returned identical answers.,runs/census-v5/currents-mcp-dt-census-1.dt.jsonl
@currents/mcp,npm:@currents/mcp@2.4.2,154345,currents-delete-run,idempotency,skip,no-observable-effect,"A successful call produced no observable state change, so retry safety cannot be decided by this oracle.",runs/census-v5/currents-mcp-dt-census-1.dt.jsonl
@currents/mcp,npm:@currents/mcp@2.4.2,154345,currents-delete-run,partial-failure,skip,no-observable-effect,"A clean call produced no observable state change, so an interrupted one cannot be judged by this oracle.",runs/census-v5/currents-mcp-dt-census-1.dt.jsonl
@currents/mcp,npm:@currents/mcp@2.4.2,154345,currents-delete-run,upstream-idempotency,pass,upstream-method-idempotent,"The retry re-sends DELETE <upstream>/runs/dt-020e13, but those methods are idempotent by definition in HTTP, so repeating them leaves the same end state, both on the live connection and after a reconnect.",runs/census-v5/currents-mcp-dt-census-1.dt.jsonl
@currents/mcp,npm:@currents/mcp@2.4.2,154345,currents-delete-run,concurrency,pass,concurrent-matches-sequential,4 overlapping calls left the same shape of state as the same 4 calls run one at a time.,runs/census-v5/currents-mcp-dt-census-1.dt.jsonl
@currents/mcp,npm:@currents/mcp@2.4.2,154345,currents-delete-webhook,answer-stability,pass,answer-reproducible,Two identical calls returned identical answers.,runs/census-v5/currents-mcp-dt-census-1.dt.jsonl
@currents/mcp,npm:@currents/mcp@2.4.2,154345,currents-delete-webhook,idempotency,skip,no-observable-effect,"A successful call produced no observable state change, so retry safety cannot be decided by this oracle.",runs/census-v5/currents-mcp-dt-census-1.dt.jsonl
@currents/mcp,npm:@currents/mcp@2.4.2,154345,currents-delete-webhook,partial-failure,skip,no-observable-effect,"A clean call produced no observable state change, so an interrupted one cannot be judged by this oracle.",runs/census-v5/currents-mcp-dt-census-1.dt.jsonl
@currents/mcp,npm:@currents/mcp@2.4.2,154345,currents-delete-webhook,upstream-idempotency,pass,upstream-method-idempotent,"The retry re-sends DELETE <upstream>/webhooks/dt-be4a8a, but those methods are idempotent by definition in HTTP, so repeating them leaves the same end state, both on the live connection and after a reconnect.",runs/census-v5/currents-mcp-dt-census-1.dt.jsonl
@currents/mcp,npm:@currents/mcp@2.4.2,154345,currents-delete-webhook,concurrency,pass,concurrent-matches-sequential,4 overlapping calls left the same shape of state as the same 4 calls run one at a time.,runs/census-v5/currents-mcp-dt-census-1.dt.jsonl
mcp-hello-world,npm:mcp-hello-world@1.1.2,143921,add,answer-stability,pass,answer-reproducible,Two identical calls returned identical answers.,runs/census-v5/mcp-hello-world-dt-census-1.dt.jsonl
mcp-hello-world,npm:mcp-hello-world@1.1.2,143921,add,idempotency,skip,no-observable-effect,"A successful call produced no observable state change, so retry safety cannot be decided by this oracle.",runs/census-v5/mcp-hello-world-dt-census-1.dt.jsonl
mcp-hello-world,npm:mcp-hello-world@1.1.2,143921,add,partial-failure,skip,no-observable-effect,"A clean call produced no observable state change, so an interrupted one cannot be judged by this oracle.",runs/census-v5/mcp-hello-world-dt-census-1.dt.jsonl
mcp-hello-world,npm:mcp-hello-world@1.1.2,143921,add,upstream-idempotency,skip,no-upstream-call,"The call sent nothing upstream, so there is no remote side effect to retry.",runs/census-v5/mcp-hello-world-dt-census-1.dt.jsonl
mcp-hello-world,npm:mcp-hello-world@1.1.2,143921,add,concurrency,skip,no-observable-effect,"Calls succeed but leave nothing this oracle can see, so overlapping them cannot be judged.",runs/census-v5/mcp-hello-world-dt-census-1.dt.jsonl
mcp-hello-world,npm:mcp-hello-world@1.1.2,143921,debug,answer-stability,pass,answer-reproducible,Two identical calls returned identical answers.,runs/census-v5/mcp-hello-world-dt-census-1.dt.jsonl
mcp-hello-world,npm:mcp-hello-world@1.1.2,143921,debug,idempotency,skip,no-observable-effect,"A successful call produced no observable state change, so retry safety cannot be decided by this oracle.",runs/census-v5/mcp-hello-world-dt-census-1.dt.jsonl
mcp-hello-world,npm:mcp-hello-world@1.1.2,143921,debug,partial-failure,skip,no-observable-effect,"A clean call produced no observable state change, so an interrupted one cannot be judged by this oracle.",runs/census-v5/mcp-hello-world-dt-census-1.dt.jsonl
mcp-hello-world,npm:mcp-hello-world@1.1.2,143921,debug,upstream-idempotency,skip,no-upstream-call,"The call sent nothing upstream, so there is no remote side effect to retry.",runs/census-v5/mcp-hello-world-dt-census-1.dt.jsonl
mcp-hello-world,npm:mcp-hello-world@1.1.2,143921,debug,concurrency,skip,no-observable-effect,"Calls succeed but leave nothing this oracle can see, so overlapping them cannot be judged.",runs/census-v5/mcp-hello-world-dt-census-1.dt.jsonl
mcp-hello-world,npm:mcp-hello-world@1.1.2,143921,echo,answer-stability,pass,answer-reproducible,Two identical calls returned identical answers.,runs/census-v5/mcp-hello-world-dt-census-1.dt.jsonl
mcp-hello-world,npm:mcp-hello-world@1.1.2,143921,echo,idempotency,skip,no-observable-effect,"A successful call produced no observable state change, so retry safety cannot be decided by this oracle.",runs/census-v5/mcp-hello-world-dt-census-1.dt.jsonl
mcp-hello-world,npm:mcp-hello-world@1.1.2,143921,echo,partial-failure,skip,no-observable-effect,"A clean call produced no observable state change, so an interrupted one cannot be judged by this oracle.",runs/census-v5/mcp-hello-world-dt-census-1.dt.jsonl
mcp-hello-world,npm:mcp-hello-world@1.1.2,143921,echo,upstream-idempotency,skip,no-upstream-call,"The call sent nothing upstream, so there is no remote side effect to retry.",runs/census-v5/mcp-hello-world-dt-census-1.dt.jsonl
mcp-hello-world,npm:mcp-hello-world@1.1.2,143921,echo,concurrency,skip,no-observable-effect,"Calls succeed but leave nothing this oracle can see, so overlapping them cannot be judged.",runs/census-v5/mcp-hello-world-dt-census-1.dt.jsonl
@shopify/dev-mcp,npm:@shopify/dev-mcp@1.15.0,128473,feedback,answer-stability,fail,answer-not-reproducible,"Two identical calls returned different answers at content[*].text, so a retrying client cannot match the second answer to the first.",runs/census-v5/shopify-dev-mcp-dt-census-1.dt.jsonl
@shopify/dev-mcp,npm:@shopify/dev-mcp@1.15.0,128473,feedback,idempotency,skip,no-observable-effect,"A successful call produced no observable state change, so retry safety cannot be decided by this oracle.",runs/census-v5/shopify-dev-mcp-dt-census-1.dt.jsonl
@shopify/dev-mcp,npm:@shopify/dev-mcp@1.15.0,128473,feedback,partial-failure,skip,no-observable-effect,"A clean call produced no observable state change, so an interrupted one cannot be judged by this oracle.",runs/census-v5/shopify-dev-mcp-dt-census-1.dt.jsonl
@shopify/dev-mcp,npm:@shopify/dev-mcp@1.15.0,128473,feedback,upstream-idempotency,pass,upstream-write-suppressed,"The first call wrote upstream (POST shopify.dev/mcp/usage) and the retry sent no write at all, so the server deduplicated it.",runs/census-v5/shopify-dev-mcp-dt-census-1.dt.jsonl
@shopify/dev-mcp,npm:@shopify/dev-mcp@1.15.0,128473,feedback,upstream-idempotency,fail,upstream-write-repeated,"The retry re-sends POST shopify.dev/mcp/usage with no idempotency header, and the tool declares no readOnlyHint. Either the retry duplicates a write, or the call is a query and the annotation a gateway would use to know that is missing.",runs/census-v5/shopify-dev-mcp-dt-census-1.dt.jsonl
@shopify/dev-mcp,npm:@shopify/dev-mcp@1.15.0,128473,feedback,concurrency,pass,concurrent-matches-sequential,4 overlapping calls left the same shape of state as the same 4 calls run one at a time.,runs/census-v5/shopify-dev-mcp-dt-census-1.dt.jsonl
@shopify/dev-mcp,npm:@shopify/dev-mcp@1.15.0,128473,learn_shopify_api,answer-stability,fail,answer-not-reproducible,"Two identical calls returned different answers at content[*].text, so a retrying client cannot match the second answer to the first.",runs/census-v5/shopify-dev-mcp-dt-census-1.dt.jsonl
@shopify/dev-mcp,npm:@shopify/dev-mcp@1.15.0,128473,learn_shopify_api,idempotency,skip,no-observable-effect,"A successful call produced no observable state change, so retry safety cannot be decided by this oracle.",runs/census-v5/shopify-dev-mcp-dt-census-1.dt.jsonl
@shopify/dev-mcp,npm:@shopify/dev-mcp@1.15.0,128473,learn_shopify_api,partial-failure,skip,no-observable-effect,"A clean call produced no observable state change, so an interrupted one cannot be judged by this oracle.",runs/census-v5/shopify-dev-mcp-dt-census-1.dt.jsonl
@shopify/dev-mcp,npm:@shopify/dev-mcp@1.15.0,128473,learn_shopify_api,upstream-idempotency,fail,upstream-write-repeated,"The retry re-sends POST shopify.dev/mcp/usage with no idempotency header, and the tool declares no readOnlyHint. Either the retry duplicates a write, or the call is a query and the annotation a gateway would use to know that is missing, both on the live connection and after a reconnect.",runs/census-v5/shopify-dev-mcp-dt-census-1.dt.jsonl
@shopify/dev-mcp,npm:@shopify/dev-mcp@1.15.0,128473,learn_shopify_api,concurrency,pass,concurrent-matches-sequential,4 overlapping calls left the same shape of state as the same 4 calls run one at a time.,runs/census-v5/shopify-dev-mcp-dt-census-1.dt.jsonl
@shopify/dev-mcp,npm:@shopify/dev-mcp@1.15.0,128473,search_docs_chunks,answer-stability,pass,answer-reproducible,Two identical calls returned identical answers.,runs/census-v5/shopify-dev-mcp-dt-census-1.dt.jsonl
@shopify/dev-mcp,npm:@shopify/dev-mcp@1.15.0,128473,search_docs_chunks,idempotency,skip,no-observable-effect,"A successful call produced no observable state change, so retry safety cannot be decided by this oracle.",runs/census-v5/shopify-dev-mcp-dt-census-1.dt.jsonl
@shopify/dev-mcp,npm:@shopify/dev-mcp@1.15.0,128473,search_docs_chunks,partial-failure,skip,no-observable-effect,"A clean call produced no observable state change, so an interrupted one cannot be judged by this oracle.",runs/census-v5/shopify-dev-mcp-dt-census-1.dt.jsonl
@shopify/dev-mcp,npm:@shopify/dev-mcp@1.15.0,128473,search_docs_chunks,upstream-idempotency,fail,upstream-write-repeated,"The retry re-sends POST shopify.dev/assistant/search with no idempotency header, and the tool declares no readOnlyHint. Either the retry duplicates a write, or the call is a query and the annotation a gateway would use to know that is missing, both on the live connection and after a reconnect.",runs/census-v5/shopify-dev-mcp-dt-census-1.dt.jsonl
@shopify/dev-mcp,npm:@shopify/dev-mcp@1.15.0,128473,search_docs_chunks,concurrency,pass,concurrent-matches-sequential,4 overlapping calls left the same shape of state as the same 4 calls run one at a time.,runs/census-v5/shopify-dev-mcp-dt-census-1.dt.jsonl
@shopify/dev-mcp,npm:@shopify/dev-mcp@1.15.0,128473,validate_component_codeblocks,answer-stability,fail,answer-not-reproducible,"Two identical calls returned different answers at content[*].text, so a retrying client cannot match the second answer to the first.",runs/census-v5/shopify-dev-mcp-dt-census-1.dt.jsonl
@shopify/dev-mcp,npm:@shopify/dev-mcp@1.15.0,128473,validate_component_codeblocks,idempotency,skip,no-observable-effect,"A successful call produced no observable state change, so retry safety cannot be decided by this oracle.",runs/census-v5/shopify-dev-mcp-dt-census-1.dt.jsonl
@shopify/dev-mcp,npm:@shopify/dev-mcp@1.15.0,128473,validate_component_codeblocks,partial-failure,skip,no-observable-effect,"A clean call produced no observable state change, so an interrupted one cannot be judged by this oracle.",runs/census-v5/shopify-dev-mcp-dt-census-1.dt.jsonl
@shopify/dev-mcp,npm:@shopify/dev-mcp@1.15.0,128473,validate_component_codeblocks,upstream-idempotency,fail,upstream-write-repeated,"The retry re-sends POST shopify.dev/mcp/usage with no idempotency header, and the tool declares no readOnlyHint. Either the retry duplicates a write, or the call is a query and the annotation a gateway would use to know that is missing, both on the live connection and after a reconnect.",runs/census-v5/shopify-dev-mcp-dt-census-1.dt.jsonl
@shopify/dev-mcp,npm:@shopify/dev-mcp@1.15.0,128473,validate_component_codeblocks,concurrency,pass,concurrent-matches-sequential,4 overlapping calls left the same shape of state as the same 4 calls run one at a time.,runs/census-v5/shopify-dev-mcp-dt-census-1.dt.jsonl
@shopify/dev-mcp,npm:@shopify/dev-mcp@1.15.0,128473,validate_graphql_codeblocks,answer-stability,fail,answer-not-reproducible,"Two identical calls returned different answers at content[*].text, so a retrying client cannot match the second answer to the first.",runs/census-v5/shopify-dev-mcp-dt-census-1.dt.jsonl
@shopify/dev-mcp,npm:@shopify/dev-mcp@1.15.0,128473,validate_graphql_codeblocks,idempotency,skip,no-observable-effect,"A successful call produced no observable state change, so retry safety cannot be decided by this oracle.",runs/census-v5/shopify-dev-mcp-dt-census-1.dt.jsonl
@shopify/dev-mcp,npm:@shopify/dev-mcp@1.15.0,128473,validate_graphql_codeblocks,partial-failure,skip,no-observable-effect,"A clean call produced no observable state change, so an interrupted one cannot be judged by this oracle.",runs/census-v5/shopify-dev-mcp-dt-census-1.dt.jsonl
@shopify/dev-mcp,npm:@shopify/dev-mcp@1.15.0,128473,validate_graphql_codeblocks,upstream-idempotency,fail,upstream-write-repeated,"The retry re-sends POST shopify.dev/mcp/usage with no idempotency header, and the tool declares no readOnlyHint. Either the retry duplicates a write, or the call is a query and the annotation a gateway would use to know that is missing, both on the live connection and after a reconnect.",runs/census-v5/shopify-dev-mcp-dt-census-1.dt.jsonl
@shopify/dev-mcp,npm:@shopify/dev-mcp@1.15.0,128473,validate_graphql_codeblocks,concurrency,pass,concurrent-matches-sequential,4 overlapping calls left the same shape of state as the same 4 calls run one at a time.,runs/census-v5/shopify-dev-mcp-dt-census-1.dt.jsonl
@mastra/mcp-docs-server,npm:@mastra/mcp-docs-server@1.2.23,113604,clearMastraCourseHistory,answer-stability,pass,answer-reproducible,Two identical calls returned identical answers.,runs/census-v5/mastra-mcp-docs-server-dt-census-1.dt.jsonl
@mastra/mcp-docs-server,npm:@mastra/mcp-docs-server@1.2.23,113604,clearMastraCourseHistory,idempotency,skip,no-observable-effect,"A successful call produced no observable state change, so retry safety cannot be decided by this oracle.",runs/census-v5/mastra-mcp-docs-server-dt-census-1.dt.jsonl
@mastra/mcp-docs-server,npm:@mastra/mcp-docs-server@1.2.23,113604,clearMastraCourseHistory,partial-failure,skip,no-observable-effect,"A clean call produced no observable state change, so an interrupted one cannot be judged by this oracle.",runs/census-v5/mastra-mcp-docs-server-dt-census-1.dt.jsonl
@mastra/mcp-docs-server,npm:@mastra/mcp-docs-server@1.2.23,113604,clearMastraCourseHistory,upstream-idempotency,skip,no-upstream-call,"The call sent nothing upstream, so there is no remote side effect to retry.",runs/census-v5/mastra-mcp-docs-server-dt-census-1.dt.jsonl
@mastra/mcp-docs-server,npm:@mastra/mcp-docs-server@1.2.23,113604,clearMastraCourseHistory,concurrency,skip,no-observable-effect,"Calls succeed but leave nothing this oracle can see, so overlapping them cannot be judged.",runs/census-v5/mastra-mcp-docs-server-dt-census-1.dt.jsonl
@mastra/mcp-docs-server,npm:@mastra/mcp-docs-server@1.2.23,113604,getMastraCourseStatus,answer-stability,pass,answer-reproducible,Two identical calls returned identical answers.,runs/census-v5/mastra-mcp-docs-server-dt-census-1.dt.jsonl
@mastra/mcp-docs-server,npm:@mastra/mcp-docs-server@1.2.23,113604,getMastraCourseStatus,idempotency,skip,no-observable-effect,"A successful call produced no observable state change, so retry safety cannot be decided by this oracle.",runs/census-v5/mastra-mcp-docs-server-dt-census-1.dt.jsonl
@mastra/mcp-docs-server,npm:@mastra/mcp-docs-server@1.2.23,113604,getMastraCourseStatus,partial-failure,skip,no-observable-effect,"A clean call produced no observable state change, so an interrupted one cannot be judged by this oracle.",runs/census-v5/mastra-mcp-docs-server-dt-census-1.dt.jsonl
@mastra/mcp-docs-server,npm:@mastra/mcp-docs-server@1.2.23,113604,getMastraCourseStatus,upstream-idempotency,skip,no-upstream-call,"The call sent nothing upstream, so there is no remote side effect to retry.",runs/census-v5/mastra-mcp-docs-server-dt-census-1.dt.jsonl
@mastra/mcp-docs-server,npm:@mastra/mcp-docs-server@1.2.23,113604,getMastraCourseStatus,concurrency,skip,no-observable-effect,"Calls succeed but leave nothing this oracle can see, so overlapping them cannot be judged.",runs/census-v5/mastra-mcp-docs-server-dt-census-1.dt.jsonl
@mastra/mcp-docs-server,npm:@mastra/mcp-docs-server@1.2.23,113604,getMastraExportDetails,answer-stability,pass,answer-reproducible,Two identical calls returned identical answers.,runs/census-v5/mastra-mcp-docs-server-dt-census-1.dt.jsonl
@mastra/mcp-docs-server,npm:@mastra/mcp-docs-server@1.2.23,113604,getMastraExportDetails,idempotency,skip,no-observable-effect,"A successful call produced no observable state change, so retry safety cannot be decided by this oracle.",runs/census-v5/mastra-mcp-docs-server-dt-census-1.dt.jsonl
@mastra/mcp-docs-server,npm:@mastra/mcp-docs-server@1.2.23,113604,getMastraExportDetails,partial-failure,skip,no-observable-effect,"A clean call produced no observable state change, so an interrupted one cannot be judged by this oracle.",runs/census-v5/mastra-mcp-docs-server-dt-census-1.dt.jsonl
@mastra/mcp-docs-server,npm:@mastra/mcp-docs-server@1.2.23,113604,getMastraExportDetails,upstream-idempotency,skip,no-upstream-call,"The call sent nothing upstream, so there is no remote side effect to retry.",runs/census-v5/mastra-mcp-docs-server-dt-census-1.dt.jsonl
@mastra/mcp-docs-server,npm:@mastra/mcp-docs-server@1.2.23,113604,getMastraExportDetails,concurrency,skip,no-observable-effect,"Calls succeed but leave nothing this oracle can see, so overlapping them cannot be judged.",runs/census-v5/mastra-mcp-docs-server-dt-census-1.dt.jsonl
@mastra/mcp-docs-server,npm:@mastra/mcp-docs-server@1.2.23,113604,getMastraExports,answer-stability,pass,answer-reproducible,Two identical calls returned identical answers.,runs/census-v5/mastra-mcp-docs-server-dt-census-1.dt.jsonl
@mastra/mcp-docs-server,npm:@mastra/mcp-docs-server@1.2.23,113604,getMastraExports,idempotency,skip,no-observable-effect,"A successful call produced no observable state change, so retry safety cannot be decided by this oracle.",runs/census-v5/mastra-mcp-docs-server-dt-census-1.dt.jsonl
@mastra/mcp-docs-server,npm:@mastra/mcp-docs-server@1.2.23,113604,getMastraExports,partial-failure,skip,no-observable-effect,"A clean call produced no observable state change, so an interrupted one cannot be judged by this oracle.",runs/census-v5/mastra-mcp-docs-server-dt-census-1.dt.jsonl
@mastra/mcp-docs-server,npm:@mastra/mcp-docs-server@1.2.23,113604,getMastraExports,upstream-idempotency,skip,no-upstream-call,"The call sent nothing upstream, so there is no remote side effect to retry.",runs/census-v5/mastra-mcp-docs-server-dt-census-1.dt.jsonl
@mastra/mcp-docs-server,npm:@mastra/mcp-docs-server@1.2.23,113604,getMastraExports,concurrency,skip,no-observable-effect,"Calls succeed but leave nothing this oracle can see, so overlapping them cannot be judged.",runs/census-v5/mastra-mcp-docs-server-dt-census-1.dt.jsonl
@mastra/mcp-docs-server,npm:@mastra/mcp-docs-server@1.2.23,113604,getMastraHelp,answer-stability,pass,answer-reproducible,Two identical calls returned identical answers.,runs/census-v5/mastra-mcp-docs-server-dt-census-1.dt.jsonl
@mastra/mcp-docs-server,npm:@mastra/mcp-docs-server@1.2.23,113604,getMastraHelp,idempotency,skip,no-observable-effect,"A successful call produced no observable state change, so retry safety cannot be decided by this oracle.",runs/census-v5/mastra-mcp-docs-server-dt-census-1.dt.jsonl
@mastra/mcp-docs-server,npm:@mastra/mcp-docs-server@1.2.23,113604,getMastraHelp,partial-failure,skip,no-observable-effect,"A clean call produced no observable state change, so an interrupted one cannot be judged by this oracle.",runs/census-v5/mastra-mcp-docs-server-dt-census-1.dt.jsonl
@mastra/mcp-docs-server,npm:@mastra/mcp-docs-server@1.2.23,113604,getMastraHelp,upstream-idempotency,skip,no-upstream-call,"The call sent nothing upstream, so there is no remote side effect to retry.",runs/census-v5/mastra-mcp-docs-server-dt-census-1.dt.jsonl
@mastra/mcp-docs-server,npm:@mastra/mcp-docs-server@1.2.23,113604,getMastraHelp,concurrency,skip,no-observable-effect,"Calls succeed but leave nothing this oracle can see, so overlapping them cannot be judged.",runs/census-v5/mastra-mcp-docs-server-dt-census-1.dt.jsonl
@mastra/mcp-docs-server,npm:@mastra/mcp-docs-server@1.2.23,113604,listMastraPackages,answer-stability,pass,answer-reproducible,Two identical calls returned identical answers.,runs/census-v5/mastra-mcp-docs-server-dt-census-1.dt.jsonl
@mastra/mcp-docs-server,npm:@mastra/mcp-docs-server@1.2.23,113604,listMastraPackages,idempotency,skip,no-observable-effect,"A successful call produced no observable state change, so retry safety cannot be decided by this oracle.",runs/census-v5/mastra-mcp-docs-server-dt-census-1.dt.jsonl
@mastra/mcp-docs-server,npm:@mastra/mcp-docs-server@1.2.23,113604,listMastraPackages,partial-failure,skip,no-observable-effect,"A clean call produced no observable state change, so an interrupted one cannot be judged by this oracle.",runs/census-v5/mastra-mcp-docs-server-dt-census-1.dt.jsonl
@mastra/mcp-docs-server,npm:@mastra/mcp-docs-server@1.2.23,113604,listMastraPackages,upstream-idempotency,skip,no-upstream-call,"The call sent nothing upstream, so there is no remote side effect to retry.",runs/census-v5/mastra-mcp-docs-server-dt-census-1.dt.jsonl
@mastra/mcp-docs-server,npm:@mastra/mcp-docs-server@1.2.23,113604,listMastraPackages,concurrency,skip,no-observable-effect,"Calls succeed but leave nothing this oracle can see, so overlapping them cannot be judged.",runs/census-v5/mastra-mcp-docs-server-dt-census-1.dt.jsonl
@mastra/mcp-docs-server,npm:@mastra/mcp-docs-server@1.2.23,113604,mastraDocs,answer-stability,pass,answer-reproducible,Two identical calls returned identical answers.,runs/census-v5/mastra-mcp-docs-server-dt-census-1.dt.jsonl
@mastra/mcp-docs-server,npm:@mastra/mcp-docs-server@1.2.23,113604,mastraDocs,idempotency,skip,no-observable-effect,"A successful call produced no observable state change, so retry safety cannot be decided by this oracle.",runs/census-v5/mastra-mcp-docs-server-dt-census-1.dt.jsonl
@mastra/mcp-docs-server,npm:@mastra/mcp-docs-server@1.2.23,113604,mastraDocs,partial-failure,skip,no-observable-effect,"A clean call produced no observable state change, so an interrupted one cannot be judged by this oracle.",runs/census-v5/mastra-mcp-docs-server-dt-census-1.dt.jsonl
@mastra/mcp-docs-server,npm:@mastra/mcp-docs-server@1.2.23,113604,mastraDocs,upstream-idempotency,skip,no-upstream-call,"The call sent nothing upstream, so there is no remote side effect to retry.",runs/census-v5/mastra-mcp-docs-server-dt-census-1.dt.jsonl
@mastra/mcp-docs-server,npm:@mastra/mcp-docs-server@1.2.23,113604,mastraDocs,concurrency,skip,no-observable-effect,"Calls succeed but leave nothing this oracle can see, so overlapping them cannot be judged.",runs/census-v5/mastra-mcp-docs-server-dt-census-1.dt.jsonl
@mastra/mcp-docs-server,npm:@mastra/mcp-docs-server@1.2.23,113604,mastraMigration,answer-stability,pass,answer-reproducible,Two identical calls returned identical answers.,runs/census-v5/mastra-mcp-docs-server-dt-census-1.dt.jsonl
@mastra/mcp-docs-server,npm:@mastra/mcp-docs-server@1.2.23,113604,mastraMigration,idempotency,skip,no-observable-effect,"A successful call produced no observable state change, so retry safety cannot be decided by this oracle.",runs/census-v5/mastra-mcp-docs-server-dt-census-1.dt.jsonl
@mastra/mcp-docs-server,npm:@mastra/mcp-docs-server@1.2.23,113604,mastraMigration,partial-failure,skip,no-observable-effect,"A clean call produced no observable state change, so an interrupted one cannot be judged by this oracle.",runs/census-v5/mastra-mcp-docs-server-dt-census-1.dt.jsonl
@mastra/mcp-docs-server,npm:@mastra/mcp-docs-server@1.2.23,113604,mastraMigration,upstream-idempotency,skip,no-upstream-call,"The call sent nothing upstream, so there is no remote side effect to retry.",runs/census-v5/mastra-mcp-docs-server-dt-census-1.dt.jsonl
@mastra/mcp-docs-server,npm:@mastra/mcp-docs-server@1.2.23,113604,mastraMigration,concurrency,skip,no-observable-effect,"Calls succeed but leave nothing this oracle can see, so overlapping them cannot be judged.",runs/census-v5/mastra-mcp-docs-server-dt-census-1.dt.jsonl
@google-cloud/observability-mcp,npm:@google-cloud/observability-mcp@0.2.3,110871,get_trace,answer-stability,fail,answer-not-reproducible,"Two identical calls returned different answers at content[*].text, so a retrying client cannot match the second answer to the first.",runs/census-v5/google-cloud-observability-mcp-dt-census-1.dt.jsonl
@google-cloud/observability-mcp,npm:@google-cloud/observability-mcp@0.2.3,110871,get_trace,idempotency,skip,no-observable-effect,"A successful call produced no observable state change, so retry safety cannot be decided by this oracle.",runs/census-v5/google-cloud-observability-mcp-dt-census-1.dt.jsonl
@google-cloud/observability-mcp,npm:@google-cloud/observability-mcp@0.2.3,110871,get_trace,partial-failure,skip,no-observable-effect,"A clean call produced no observable state change, so an interrupted one cannot be judged by this oracle.",runs/census-v5/google-cloud-observability-mcp-dt-census-1.dt.jsonl
@google-cloud/observability-mcp,npm:@google-cloud/observability-mcp@0.2.3,110871,get_trace,upstream-idempotency,pass,upstream-reads-only,"The call only reads upstream (GET 169.254.169.254/computeMetadata/v1/instance, GET metadata.google.internal./computeMetadata/v1/instance), so a retry cannot duplicate anything, both on the live connection and after a reconnect.",runs/census-v5/google-cloud-observability-mcp-dt-census-1.dt.jsonl
@google-cloud/observability-mcp,npm:@google-cloud/observability-mcp@0.2.3,110871,get_trace,concurrency,skip,no-observable-effect,"Calls succeed but leave nothing this oracle can see, so overlapping them cannot be judged.",runs/census-v5/google-cloud-observability-mcp-dt-census-1.dt.jsonl
@google-cloud/observability-mcp,npm:@google-cloud/observability-mcp@0.2.3,110871,list_alert_policies,answer-stability,fail,answer-not-reproducible,"Two identical calls returned different answers at content[*].text, so a retrying client cannot match the second answer to the first.",runs/census-v5/google-cloud-observability-mcp-dt-census-1.dt.jsonl
@google-cloud/observability-mcp,npm:@google-cloud/observability-mcp@0.2.3,110871,list_alert_policies,idempotency,skip,no-observable-effect,"A successful call produced no observable state change, so retry safety cannot be decided by this oracle.",runs/census-v5/google-cloud-observability-mcp-dt-census-1.dt.jsonl
@google-cloud/observability-mcp,npm:@google-cloud/observability-mcp@0.2.3,110871,list_alert_policies,partial-failure,skip,no-observable-effect,"A clean call produced no observable state change, so an interrupted one cannot be judged by this oracle.",runs/census-v5/google-cloud-observability-mcp-dt-census-1.dt.jsonl
@google-cloud/observability-mcp,npm:@google-cloud/observability-mcp@0.2.3,110871,list_alert_policies,upstream-idempotency,pass,upstream-reads-only,"The call only reads upstream (GET 169.254.169.254/computeMetadata/v1/instance, GET metadata.google.internal./computeMetadata/v1/instance), so a retry cannot duplicate anything, both on the live connection and after a reconnect.",runs/census-v5/google-cloud-observability-mcp-dt-census-1.dt.jsonl
@google-cloud/observability-mcp,npm:@google-cloud/observability-mcp@0.2.3,110871,list_alert_policies,concurrency,skip,no-observable-effect,"Calls succeed but leave nothing this oracle can see, so overlapping them cannot be judged.",runs/census-v5/google-cloud-observability-mcp-dt-census-1.dt.jsonl
@google-cloud/observability-mcp,npm:@google-cloud/observability-mcp@0.2.3,110871,list_alerts,answer-stability,fail,answer-not-reproducible,"Two identical calls returned different answers at content[*].text, so a retrying client cannot match the second answer to the first.",runs/census-v5/google-cloud-observability-mcp-dt-census-1.dt.jsonl
@google-cloud/observability-mcp,npm:@google-cloud/observability-mcp@0.2.3,110871,list_alerts,idempotency,skip,no-observable-effect,"A successful call produced no observable state change, so retry safety cannot be decided by this oracle.",runs/census-v5/google-cloud-observability-mcp-dt-census-1.dt.jsonl
@google-cloud/observability-mcp,npm:@google-cloud/observability-mcp@0.2.3,110871,list_alerts,partial-failure,skip,no-observable-effect,"A clean call produced no observable state change, so an interrupted one cannot be judged by this oracle.",runs/census-v5/google-cloud-observability-mcp-dt-census-1.dt.jsonl
@google-cloud/observability-mcp,npm:@google-cloud/observability-mcp@0.2.3,110871,list_alerts,upstream-idempotency,pass,upstream-reads-only,"The call only reads upstream (GET 169.254.169.254/computeMetadata/v1/instance, GET metadata.google.internal./computeMetadata/v1/instance), so a retry cannot duplicate anything, both on the live connection and after a reconnect.",runs/census-v5/google-cloud-observability-mcp-dt-census-1.dt.jsonl
@google-cloud/observability-mcp,npm:@google-cloud/observability-mcp@0.2.3,110871,list_alerts,concurrency,skip,no-observable-effect,"Calls succeed but leave nothing this oracle can see, so overlapping them cannot be judged.",runs/census-v5/google-cloud-observability-mcp-dt-census-1.dt.jsonl
@google-cloud/observability-mcp,npm:@google-cloud/observability-mcp@0.2.3,110871,list_buckets,answer-stability,fail,answer-not-reproducible,"Two identical calls returned different answers at content[*].text, so a retrying client cannot match the second answer to the first.",runs/census-v5/google-cloud-observability-mcp-dt-census-1.dt.jsonl
@google-cloud/observability-mcp,npm:@google-cloud/observability-mcp@0.2.3,110871,list_buckets,idempotency,skip,no-observable-effect,"A successful call produced no observable state change, so retry safety cannot be decided by this oracle.",runs/census-v5/google-cloud-observability-mcp-dt-census-1.dt.jsonl
@google-cloud/observability-mcp,npm:@google-cloud/observability-mcp@0.2.3,110871,list_buckets,partial-failure,skip,no-observable-effect,"A clean call produced no observable state change, so an interrupted one cannot be judged by this oracle.",runs/census-v5/google-cloud-observability-mcp-dt-census-1.dt.jsonl
@google-cloud/observability-mcp,npm:@google-cloud/observability-mcp@0.2.3,110871,list_buckets,upstream-idempotency,pass,upstream-reads-only,"The call only reads upstream (GET 169.254.169.254/computeMetadata/v1/instance, GET metadata.google.internal./computeMetadata/v1/instance), so a retry cannot duplicate anything, both on the live connection and after a reconnect.",runs/census-v5/google-cloud-observability-mcp-dt-census-1.dt.jsonl
@google-cloud/observability-mcp,npm:@google-cloud/observability-mcp@0.2.3,110871,list_buckets,concurrency,skip,no-observable-effect,"Calls succeed but leave nothing this oracle can see, so overlapping them cannot be judged.",runs/census-v5/google-cloud-observability-mcp-dt-census-1.dt.jsonl
@google-cloud/observability-mcp,npm:@google-cloud/observability-mcp@0.2.3,110871,list_group_stats,answer-stability,fail,answer-not-reproducible,"Two identical calls returned different answers at content[*].text, so a retrying client cannot match the second answer to the first.",runs/census-v5/google-cloud-observability-mcp-dt-census-1.dt.jsonl
@google-cloud/observability-mcp,npm:@google-cloud/observability-mcp@0.2.3,110871,list_group_stats,idempotency,skip,no-observable-effect,"A successful call produced no observable state change, so retry safety cannot be decided by this oracle.",runs/census-v5/google-cloud-observability-mcp-dt-census-1.dt.jsonl
@google-cloud/observability-mcp,npm:@google-cloud/observability-mcp@0.2.3,110871,list_group_stats,partial-failure,skip,no-observable-effect,"A clean call produced no observable state change, so an interrupted one cannot be judged by this oracle.",runs/census-v5/google-cloud-observability-mcp-dt-census-1.dt.jsonl
@google-cloud/observability-mcp,npm:@google-cloud/observability-mcp@0.2.3,110871,list_group_stats,upstream-idempotency,pass,upstream-reads-only,"The call only reads upstream (GET 169.254.169.254/computeMetadata/v1/instance, GET metadata.google.internal./computeMetadata/v1/instance), so a retry cannot duplicate anything, both on the live connection and after a reconnect.",runs/census-v5/google-cloud-observability-mcp-dt-census-1.dt.jsonl
@google-cloud/observability-mcp,npm:@google-cloud/observability-mcp@0.2.3,110871,list_group_stats,concurrency,skip,no-observable-effect,"Calls succeed but leave nothing this oracle can see, so overlapping them cannot be judged.",runs/census-v5/google-cloud-observability-mcp-dt-census-1.dt.jsonl
@google-cloud/observability-mcp,npm:@google-cloud/observability-mcp@0.2.3,110871,list_log_entries,answer-stability,fail,answer-not-reproducible,"Two identical calls returned different answers at content[*].text, so a retrying client cannot match the second answer to the first.",runs/census-v5/google-cloud-observability-mcp-dt-census-1.dt.jsonl
@google-cloud/observability-mcp,npm:@google-cloud/observability-mcp@0.2.3,110871,list_log_entries,idempotency,skip,no-observable-effect,"A successful call produced no observable state change, so retry safety cannot be decided by this oracle.",runs/census-v5/google-cloud-observability-mcp-dt-census-1.dt.jsonl
@google-cloud/observability-mcp,npm:@google-cloud/observability-mcp@0.2.3,110871,list_log_entries,partial-failure,skip,no-observable-effect,"A clean call produced no observable state change, so an interrupted one cannot be judged by this oracle.",runs/census-v5/google-cloud-observability-mcp-dt-census-1.dt.jsonl
@google-cloud/observability-mcp,npm:@google-cloud/observability-mcp@0.2.3,110871,list_log_entries,upstream-idempotency,pass,upstream-reads-only,"The call only reads upstream (GET 169.254.169.254/computeMetadata/v1/instance, GET metadata.google.internal./computeMetadata/v1/instance), so a retry cannot duplicate anything, both on the live connection and after a reconnect.",runs/census-v5/google-cloud-observability-mcp-dt-census-1.dt.jsonl
@google-cloud/observability-mcp,npm:@google-cloud/observability-mcp@0.2.3,110871,list_log_entries,concurrency,skip,no-observable-effect,"Calls succeed but leave nothing this oracle can see, so overlapping them cannot be judged.",runs/census-v5/google-cloud-observability-mcp-dt-census-1.dt.jsonl
@google-cloud/observability-mcp,npm:@google-cloud/observability-mcp@0.2.3,110871,list_log_names,answer-stability,fail,answer-not-reproducible,"Two identical calls returned different answers at content[*].text, so a retrying client cannot match the second answer to the first.",runs/census-v5/google-cloud-observability-mcp-dt-census-1.dt.jsonl
@google-cloud/observability-mcp,npm:@google-cloud/observability-mcp@0.2.3,110871,list_log_names,idempotency,skip,no-observable-effect,"A successful call produced no observable state change, so retry safety cannot be decided by this oracle.",runs/census-v5/google-cloud-observability-mcp-dt-census-1.dt.jsonl
@google-cloud/observability-mcp,npm:@google-cloud/observability-mcp@0.2.3,110871,list_log_names,partial-failure,skip,no-observable-effect,"A clean call produced no observable state change, so an interrupted one cannot be judged by this oracle.",runs/census-v5/google-cloud-observability-mcp-dt-census-1.dt.jsonl
@google-cloud/observability-mcp,npm:@google-cloud/observability-mcp@0.2.3,110871,list_log_names,upstream-idempotency,pass,upstream-reads-only,"The call only reads upstream (GET 169.254.169.254/computeMetadata/v1/instance, GET metadata.google.internal./computeMetadata/v1/instance), so a retry cannot duplicate anything, both on the live connection and after a reconnect.",runs/census-v5/google-cloud-observability-mcp-dt-census-1.dt.jsonl
@google-cloud/observability-mcp,npm:@google-cloud/observability-mcp@0.2.3,110871,list_log_names,concurrency,skip,no-observable-effect,"Calls succeed but leave nothing this oracle can see, so overlapping them cannot be judged.",runs/census-v5/google-cloud-observability-mcp-dt-census-1.dt.jsonl
@google-cloud/observability-mcp,npm:@google-cloud/observability-mcp@0.2.3,110871,list_log_scopes,answer-stability,fail,answer-not-reproducible,"Two identical calls returned different answers at content[*].text, so a retrying client cannot match the second answer to the first.",runs/census-v5/google-cloud-observability-mcp-dt-census-1.dt.jsonl
@google-cloud/observability-mcp,npm:@google-cloud/observability-mcp@0.2.3,110871,list_log_scopes,idempotency,skip,no-observable-effect,"A successful call produced no observable state change, so retry safety cannot be decided by this oracle.",runs/census-v5/google-cloud-observability-mcp-dt-census-1.dt.jsonl
@google-cloud/observability-mcp,npm:@google-cloud/observability-mcp@0.2.3,110871,list_log_scopes,partial-failure,skip,no-observable-effect,"A clean call produced no observable state change, so an interrupted one cannot be judged by this oracle.",runs/census-v5/google-cloud-observability-mcp-dt-census-1.dt.jsonl
@google-cloud/observability-mcp,npm:@google-cloud/observability-mcp@0.2.3,110871,list_log_scopes,upstream-idempotency,pass,upstream-reads-only,"The call only reads upstream (GET 169.254.169.254/computeMetadata/v1/instance, GET metadata.google.internal./computeMetadata/v1/instance), so a retry cannot duplicate anything, both on the live connection and after a reconnect.",runs/census-v5/google-cloud-observability-mcp-dt-census-1.dt.jsonl
@google-cloud/observability-mcp,npm:@google-cloud/observability-mcp@0.2.3,110871,list_log_scopes,concurrency,skip,no-observable-effect,"Calls succeed but leave nothing this oracle can see, so overlapping them cannot be judged.",runs/census-v5/google-cloud-observability-mcp-dt-census-1.dt.jsonl
@taazkareem/clickup-mcp-server,npm:@taazkareem/clickup-mcp-server@0.14.5,104320,add_chat_reaction,idempotency,skip,call-failed,"The first call did not succeed, so no retry behaviour could be observed.",runs/census-v5/taazkareem-clickup-mcp-server-dt-census-1.dt.jsonl
@taazkareem/clickup-mcp-server,npm:@taazkareem/clickup-mcp-server@0.14.5,104320,add_chat_reaction,partial-failure,skip,call-failed,"An uninterrupted call did not succeed, so there is no reference effect to interrupt.",runs/census-v5/taazkareem-clickup-mcp-server-dt-census-1.dt.jsonl
@taazkareem/clickup-mcp-server,npm:@taazkareem/clickup-mcp-server@0.14.5,104320,add_chat_reaction,upstream-idempotency,skip,no-upstream-call,"The call sent nothing upstream, so there is no remote side effect to retry.",runs/census-v5/taazkareem-clickup-mcp-server-dt-census-1.dt.jsonl
@taazkareem/clickup-mcp-server,npm:@taazkareem/clickup-mcp-server@0.14.5,104320,add_chat_reaction,concurrency,skip,call-failed,"No call succeeded even one at a time, so there is no correct behaviour to compare against.",runs/census-v5/taazkareem-clickup-mcp-server-dt-census-1.dt.jsonl
@taazkareem/clickup-mcp-server,npm:@taazkareem/clickup-mcp-server@0.14.5,104320,add_comment_reaction,idempotency,skip,call-failed,"The first call did not succeed, so no retry behaviour could be observed.",runs/census-v5/taazkareem-clickup-mcp-server-dt-census-1.dt.jsonl
@taazkareem/clickup-mcp-server,npm:@taazkareem/clickup-mcp-server@0.14.5,104320,add_comment_reaction,partial-failure,skip,call-failed,"An uninterrupted call did not succeed, so there is no reference effect to interrupt.",runs/census-v5/taazkareem-clickup-mcp-server-dt-census-1.dt.jsonl
@taazkareem/clickup-mcp-server,npm:@taazkareem/clickup-mcp-server@0.14.5,104320,add_comment_reaction,upstream-idempotency,skip,no-upstream-call,"The call sent nothing upstream, so there is no remote side effect to retry.",runs/census-v5/taazkareem-clickup-mcp-server-dt-census-1.dt.jsonl
@taazkareem/clickup-mcp-server,npm:@taazkareem/clickup-mcp-server@0.14.5,104320,add_comment_reaction,concurrency,skip,call-failed,"No call succeeded even one at a time, so there is no correct behaviour to compare against.",runs/census-v5/taazkareem-clickup-mcp-server-dt-census-1.dt.jsonl
@taazkareem/clickup-mcp-server,npm:@taazkareem/clickup-mcp-server@0.14.5,104320,add_guest_to_folder,idempotency,skip,call-failed,"The first call did not succeed, so no retry behaviour could be observed.",runs/census-v5/taazkareem-clickup-mcp-server-dt-census-1.dt.jsonl
@taazkareem/clickup-mcp-server,npm:@taazkareem/clickup-mcp-server@0.14.5,104320,add_guest_to_folder,partial-failure,skip,call-failed,"An uninterrupted call did not succeed, so there is no reference effect to interrupt.",runs/census-v5/taazkareem-clickup-mcp-server-dt-census-1.dt.jsonl
@taazkareem/clickup-mcp-server,npm:@taazkareem/clickup-mcp-server@0.14.5,104320,add_guest_to_folder,upstream-idempotency,skip,no-upstream-call,"The call sent nothing upstream, so there is no remote side effect to retry.",runs/census-v5/taazkareem-clickup-mcp-server-dt-census-1.dt.jsonl
@taazkareem/clickup-mcp-server,npm:@taazkareem/clickup-mcp-server@0.14.5,104320,add_guest_to_folder,concurrency,skip,call-failed,"No call succeeded even one at a time, so there is no correct behaviour to compare against.",runs/census-v5/taazkareem-clickup-mcp-server-dt-census-1.dt.jsonl
@taazkareem/clickup-mcp-server,npm:@taazkareem/clickup-mcp-server@0.14.5,104320,add_guest_to_list,idempotency,skip,call-failed,"The first call did not succeed, so no retry behaviour could be observed.",runs/census-v5/taazkareem-clickup-mcp-server-dt-census-1.dt.jsonl
@taazkareem/clickup-mcp-server,npm:@taazkareem/clickup-mcp-server@0.14.5,104320,add_guest_to_list,partial-failure,skip,call-failed,"An uninterrupted call did not succeed, so there is no reference effect to interrupt.",runs/census-v5/taazkareem-clickup-mcp-server-dt-census-1.dt.jsonl
@taazkareem/clickup-mcp-server,npm:@taazkareem/clickup-mcp-server@0.14.5,104320,add_guest_to_list,upstream-idempotency,skip,no-upstream-call,"The call sent nothing upstream, so there is no remote side effect to retry.",runs/census-v5/taazkareem-clickup-mcp-server-dt-census-1.dt.jsonl
@taazkareem/clickup-mcp-server,npm:@taazkareem/clickup-mcp-server@0.14.5,104320,add_guest_to_list,concurrency,skip,call-failed,"No call succeeded even one at a time, so there is no correct behaviour to compare against.",runs/census-v5/taazkareem-clickup-mcp-server-dt-census-1.dt.jsonl
@taazkareem/clickup-mcp-server,npm:@taazkareem/clickup-mcp-server@0.14.5,104320,add_guest_to_task,idempotency,skip,call-failed,"The first call did not succeed, so no retry behaviour could be observed.",runs/census-v5/taazkareem-clickup-mcp-server-dt-census-1.dt.jsonl
@taazkareem/clickup-mcp-server,npm:@taazkareem/clickup-mcp-server@0.14.5,104320,add_guest_to_task,partial-failure,skip,call-failed,"An uninterrupted call did not succeed, so there is no reference effect to interrupt.",runs/census-v5/taazkareem-clickup-mcp-server-dt-census-1.dt.jsonl
@taazkareem/clickup-mcp-server,npm:@taazkareem/clickup-mcp-server@0.14.5,104320,add_guest_to_task,upstream-idempotency,skip,no-upstream-call,"The call sent nothing upstream, so there is no remote side effect to retry.",runs/census-v5/taazkareem-clickup-mcp-server-dt-census-1.dt.jsonl
@taazkareem/clickup-mcp-server,npm:@taazkareem/clickup-mcp-server@0.14.5,104320,add_guest_to_task,concurrency,skip,call-failed,"No call succeeded even one at a time, so there is no correct behaviour to compare against.",runs/census-v5/taazkareem-clickup-mcp-server-dt-census-1.dt.jsonl
@taazkareem/clickup-mcp-server,npm:@taazkareem/clickup-mcp-server@0.14.5,104320,add_tag_to_task,idempotency,skip,call-failed,"The first call did not succeed, so no retry behaviour could be observed.",runs/census-v5/taazkareem-clickup-mcp-server-dt-census-1.dt.jsonl
@taazkareem/clickup-mcp-server,npm:@taazkareem/clickup-mcp-server@0.14.5,104320,add_tag_to_task,partial-failure,skip,call-failed,"An uninterrupted call did not succeed, so there is no reference effect to interrupt.",runs/census-v5/taazkareem-clickup-mcp-server-dt-census-1.dt.jsonl
@taazkareem/clickup-mcp-server,npm:@taazkareem/clickup-mcp-server@0.14.5,104320,add_tag_to_task,upstream-idempotency,skip,no-upstream-call,"The call sent nothing upstream, so there is no remote side effect to retry.",runs/census-v5/taazkareem-clickup-mcp-server-dt-census-1.dt.jsonl
@taazkareem/clickup-mcp-server,npm:@taazkareem/clickup-mcp-server@0.14.5,104320,add_tag_to_task,concurrency,skip,call-failed,"No call succeeded even one at a time, so there is no correct behaviour to compare against.",runs/census-v5/taazkareem-clickup-mcp-server-dt-census-1.dt.jsonl
@taazkareem/clickup-mcp-server,npm:@taazkareem/clickup-mcp-server@0.14.5,104320,add_task_dependency,idempotency,skip,call-failed,"The first call did not succeed, so no retry behaviour could be observed.",runs/census-v5/taazkareem-clickup-mcp-server-dt-census-1.dt.jsonl
@taazkareem/clickup-mcp-server,npm:@taazkareem/clickup-mcp-server@0.14.5,104320,add_task_dependency,partial-failure,skip,call-failed,"An uninterrupted call did not succeed, so there is no reference effect to interrupt.",runs/census-v5/taazkareem-clickup-mcp-server-dt-census-1.dt.jsonl
@taazkareem/clickup-mcp-server,npm:@taazkareem/clickup-mcp-server@0.14.5,104320,add_task_dependency,upstream-idempotency,skip,no-upstream-call,"The call sent nothing upstream, so there is no remote side effect to retry.",runs/census-v5/taazkareem-clickup-mcp-server-dt-census-1.dt.jsonl
@taazkareem/clickup-mcp-server,npm:@taazkareem/clickup-mcp-server@0.14.5,104320,add_task_dependency,concurrency,skip,call-failed,"No call succeeded even one at a time, so there is no correct behaviour to compare against.",runs/census-v5/taazkareem-clickup-mcp-server-dt-census-1.dt.jsonl
@taazkareem/clickup-mcp-server,npm:@taazkareem/clickup-mcp-server@0.14.5,104320,add_task_link,idempotency,skip,call-failed,"The first call did not succeed, so no retry behaviour could be observed.",runs/census-v5/taazkareem-clickup-mcp-server-dt-census-1.dt.jsonl
@taazkareem/clickup-mcp-server,npm:@taazkareem/clickup-mcp-server@0.14.5,104320,add_task_link,partial-failure,skip,call-failed,"An uninterrupted call did not succeed, so there is no reference effect to interrupt.",runs/census-v5/taazkareem-clickup-mcp-server-dt-census-1.dt.jsonl
@taazkareem/clickup-mcp-server,npm:@taazkareem/clickup-mcp-server@0.14.5,104320,add_task_link,upstream-idempotency,skip,no-upstream-call,"The call sent nothing upstream, so there is no remote side effect to retry.",runs/census-v5/taazkareem-clickup-mcp-server-dt-census-1.dt.jsonl
@taazkareem/clickup-mcp-server,npm:@taazkareem/clickup-mcp-server@0.14.5,104320,add_task_link,concurrency,skip,call-failed,"No call succeeded even one at a time, so there is no correct behaviour to compare against.",runs/census-v5/taazkareem-clickup-mcp-server-dt-census-1.dt.jsonl
@aikidosec/mcp,npm:@aikidosec/mcp@1.0.21,99553,aikido_full_scan,idempotency,skip,call-failed,"The first call did not succeed, so no retry behaviour could be observed.",runs/census-v5/aikidosec-mcp-dt-census-1.dt.jsonl
@aikidosec/mcp,npm:@aikidosec/mcp@1.0.21,99553,aikido_full_scan,partial-failure,skip,call-failed,"An uninterrupted call did not succeed, so there is no reference effect to interrupt.",runs/census-v5/aikidosec-mcp-dt-census-1.dt.jsonl
@aikidosec/mcp,npm:@aikidosec/mcp@1.0.21,99553,aikido_full_scan,upstream-idempotency,pass,upstream-reads-only,"The call only reads upstream (GET ide.aikido.dev/api/ide-plugin/token/verify), so a retry cannot duplicate anything, both on the live connection and after a reconnect.",runs/census-v5/aikidosec-mcp-dt-census-1.dt.jsonl
@aikidosec/mcp,npm:@aikidosec/mcp@1.0.21,99553,aikido_full_scan,concurrency,skip,call-failed,"No call succeeded even one at a time, so there is no correct behaviour to compare against.",runs/census-v5/aikidosec-mcp-dt-census-1.dt.jsonl
@aikidosec/mcp,npm:@aikidosec/mcp@1.0.21,99553,aikido_ignore_issue,answer-stability,pass,answer-reproducible,Two identical calls returned identical answers.,runs/census-v5/aikidosec-mcp-dt-census-1.dt.jsonl
@aikidosec/mcp,npm:@aikidosec/mcp@1.0.21,99553,aikido_ignore_issue,idempotency,skip,no-observable-effect,"A successful call produced no observable state change, so retry safety cannot be decided by this oracle.",runs/census-v5/aikidosec-mcp-dt-census-1.dt.jsonl
@aikidosec/mcp,npm:@aikidosec/mcp@1.0.21,99553,aikido_ignore_issue,partial-failure,skip,no-observable-effect,"A clean call produced no observable state change, so an interrupted one cannot be judged by this oracle.",runs/census-v5/aikidosec-mcp-dt-census-1.dt.jsonl
@aikidosec/mcp,npm:@aikidosec/mcp@1.0.21,99553,aikido_ignore_issue,upstream-idempotency,pass,upstream-method-idempotent,"The retry re-sends PUT ide.aikido.dev/api/ide-plugin/issues/dt-5fd769/ignore, but those methods are idempotent by definition in HTTP, so repeating them leaves the same end state, both on the live connection and after a reconnect.",runs/census-v5/aikidosec-mcp-dt-census-1.dt.jsonl
@aikidosec/mcp,npm:@aikidosec/mcp@1.0.21,99553,aikido_ignore_issue,concurrency,pass,concurrent-matches-sequential,4 overlapping calls left the same shape of state as the same 4 calls run one at a time.,runs/census-v5/aikidosec-mcp-dt-census-1.dt.jsonl
@aikidosec/mcp,npm:@aikidosec/mcp@1.0.21,99553,aikido_issues_list,answer-stability,pass,answer-reproducible,Two identical calls returned identical answers.,runs/census-v5/aikidosec-mcp-dt-census-1.dt.jsonl
@aikidosec/mcp,npm:@aikidosec/mcp@1.0.21,99553,aikido_issues_list,idempotency,skip,no-observable-effect,"A successful call produced no observable state change, so retry safety cannot be decided by this oracle.",runs/census-v5/aikidosec-mcp-dt-census-1.dt.jsonl
@aikidosec/mcp,npm:@aikidosec/mcp@1.0.21,99553,aikido_issues_list,partial-failure,skip,no-observable-effect,"A clean call produced no observable state change, so an interrupted one cannot be judged by this oracle.",runs/census-v5/aikidosec-mcp-dt-census-1.dt.jsonl
@aikidosec/mcp,npm:@aikidosec/mcp@1.0.21,99553,aikido_issues_list,upstream-idempotency,pass,upstream-reads-only,"The call only reads upstream (GET ide.aikido.dev/api/ide-plugin/issues/export), so a retry cannot duplicate anything, both on the live connection and after a reconnect.",runs/census-v5/aikidosec-mcp-dt-census-1.dt.jsonl
@aikidosec/mcp,npm:@aikidosec/mcp@1.0.21,99553,aikido_issues_list,concurrency,skip,no-observable-effect,"Calls succeed but leave nothing this oracle can see, so overlapping them cannot be judged.",runs/census-v5/aikidosec-mcp-dt-census-1.dt.jsonl
@aikidosec/mcp,npm:@aikidosec/mcp@1.0.21,99553,aikido_login,idempotency,skip,call-failed,"The first call did not succeed, so no retry behaviour could be observed.",runs/census-v5/aikidosec-mcp-dt-census-1.dt.jsonl
@aikidosec/mcp,npm:@aikidosec/mcp@1.0.21,99553,aikido_login,partial-failure,skip,call-failed,"An uninterrupted call did not succeed, so there is no reference effect to interrupt.",runs/census-v5/aikidosec-mcp-dt-census-1.dt.jsonl
@aikidosec/mcp,npm:@aikidosec/mcp@1.0.21,99553,aikido_login,upstream-idempotency,pass,upstream-reads-only,"The call only reads upstream (GET ide.aikido.dev/api/ide-plugin/token/verify), so a retry cannot duplicate anything, both on the live connection and after a reconnect.",runs/census-v5/aikidosec-mcp-dt-census-1.dt.jsonl
@aikidosec/mcp,npm:@aikidosec/mcp@1.0.21,99553,aikido_login,concurrency,skip,call-failed,"No call succeeded even one at a time, so there is no correct behaviour to compare against.",runs/census-v5/aikidosec-mcp-dt-census-1.dt.jsonl
context-mode,npm:context-mode@1.0.169,78501,ctx_batch_execute,idempotency,skip,call-failed,"The first call did not succeed, so no retry behaviour could be observed.",runs/census-v5/context-mode-dt-census-1.dt.jsonl
context-mode,npm:context-mode@1.0.169,78501,ctx_batch_execute,partial-failure,skip,call-failed,"An uninterrupted call did not succeed, so there is no reference effect to interrupt.",runs/census-v5/context-mode-dt-census-1.dt.jsonl
context-mode,npm:context-mode@1.0.169,78501,ctx_batch_execute,upstream-idempotency,skip,no-upstream-call,"The call sent nothing upstream, so there is no remote side effect to retry.",runs/census-v5/context-mode-dt-census-1.dt.jsonl
context-mode,npm:context-mode@1.0.169,78501,ctx_batch_execute,concurrency,skip,call-failed,"No call succeeded even one at a time, so there is no correct behaviour to compare against.",runs/census-v5/context-mode-dt-census-1.dt.jsonl
context-mode,npm:context-mode@1.0.169,78501,ctx_doctor,answer-stability,pass,answer-reproducible,Two identical calls returned identical answers.,runs/census-v5/context-mode-dt-census-1.dt.jsonl
context-mode,npm:context-mode@1.0.169,78501,ctx_doctor,idempotency,pass,read-only-confirmed,Declares readOnlyHint: true and a successful call left the observable state unchanged.,runs/census-v5/context-mode-dt-census-1.dt.jsonl
context-mode,npm:context-mode@1.0.169,78501,ctx_doctor,partial-failure,skip,read-only-confirmed,"The tool declares readOnlyHint, so there is no effect to leave half done.",runs/census-v5/context-mode-dt-census-1.dt.jsonl
context-mode,npm:context-mode@1.0.169,78501,ctx_doctor,upstream-idempotency,skip,no-upstream-call,"The call sent nothing upstream, so there is no remote side effect to retry.",runs/census-v5/context-mode-dt-census-1.dt.jsonl
context-mode,npm:context-mode@1.0.169,78501,ctx_doctor,concurrency,skip,read-only-confirmed,"The tool declares readOnlyHint, so overlapping calls have nothing to corrupt.",runs/census-v5/context-mode-dt-census-1.dt.jsonl
context-mode,npm:context-mode@1.0.169,78501,ctx_execute,idempotency,skip,call-failed,"The first call did not succeed, so no retry behaviour could be observed.",runs/census-v5/context-mode-dt-census-1.dt.jsonl
context-mode,npm:context-mode@1.0.169,78501,ctx_execute,partial-failure,skip,call-failed,"An uninterrupted call did not succeed, so there is no reference effect to interrupt.",runs/census-v5/context-mode-dt-census-1.dt.jsonl
context-mode,npm:context-mode@1.0.169,78501,ctx_execute,upstream-idempotency,skip,no-upstream-call,"The call sent nothing upstream, so there is no remote side effect to retry.",runs/census-v5/context-mode-dt-census-1.dt.jsonl
context-mode,npm:context-mode@1.0.169,78501,ctx_execute,concurrency,skip,call-failed,"No call succeeded even one at a time, so there is no correct behaviour to compare against.",runs/census-v5/context-mode-dt-census-1.dt.jsonl
context-mode,npm:context-mode@1.0.169,78501,ctx_execute_file,idempotency,skip,call-failed,"The first call did not succeed, so no retry behaviour could be observed.",runs/census-v5/context-mode-dt-census-1.dt.jsonl
context-mode,npm:context-mode@1.0.169,78501,ctx_execute_file,partial-failure,skip,call-failed,"An uninterrupted call did not succeed, so there is no reference effect to interrupt.",runs/census-v5/context-mode-dt-census-1.dt.jsonl
context-mode,npm:context-mode@1.0.169,78501,ctx_execute_file,upstream-idempotency,skip,no-upstream-call,"The call sent nothing upstream, so there is no remote side effect to retry.",runs/census-v5/context-mode-dt-census-1.dt.jsonl
context-mode,npm:context-mode@1.0.169,78501,ctx_execute_file,concurrency,skip,call-failed,"No call succeeded even one at a time, so there is no correct behaviour to compare against.",runs/census-v5/context-mode-dt-census-1.dt.jsonl
context-mode,npm:context-mode@1.0.169,78501,ctx_fetch_and_index,idempotency,skip,call-failed,"The first call did not succeed, so no retry behaviour could be observed.",runs/census-v5/context-mode-dt-census-1.dt.jsonl
context-mode,npm:context-mode@1.0.169,78501,ctx_fetch_and_index,partial-failure,skip,call-failed,"An uninterrupted call did not succeed, so there is no reference effect to interrupt.",runs/census-v5/context-mode-dt-census-1.dt.jsonl
context-mode,npm:context-mode@1.0.169,78501,ctx_fetch_and_index,upstream-idempotency,skip,no-upstream-call,"The call sent nothing upstream, so there is no remote side effect to retry.",runs/census-v5/context-mode-dt-census-1.dt.jsonl
context-mode,npm:context-mode@1.0.169,78501,ctx_fetch_and_index,concurrency,skip,call-failed,"No call succeeded even one at a time, so there is no correct behaviour to compare against.",runs/census-v5/context-mode-dt-census-1.dt.jsonl
context-mode,npm:context-mode@1.0.169,78501,ctx_index,idempotency,skip,call-failed,"The first call did not succeed, so no retry behaviour could be observed.",runs/census-v5/context-mode-dt-census-1.dt.jsonl
context-mode,npm:context-mode@1.0.169,78501,ctx_index,partial-failure,skip,call-failed,"An uninterrupted call did not succeed, so there is no reference effect to interrupt.",runs/census-v5/context-mode-dt-census-1.dt.jsonl
context-mode,npm:context-mode@1.0.169,78501,ctx_index,upstream-idempotency,skip,no-upstream-call,"The call sent nothing upstream, so there is no remote side effect to retry.",runs/census-v5/context-mode-dt-census-1.dt.jsonl
context-mode,npm:context-mode@1.0.169,78501,ctx_index,concurrency,skip,call-failed,"No call succeeded even one at a time, so there is no correct behaviour to compare against.",runs/census-v5/context-mode-dt-census-1.dt.jsonl
context-mode,npm:context-mode@1.0.169,78501,ctx_insight,answer-stability,pass,answer-reproducible,Two identical calls returned identical answers.,runs/census-v5/context-mode-dt-census-1.dt.jsonl
context-mode,npm:context-mode@1.0.169,78501,ctx_insight,idempotency,skip,no-observable-effect,"A successful call produced no observable state change, so retry safety cannot be decided by this oracle.",runs/census-v5/context-mode-dt-census-1.dt.jsonl
context-mode,npm:context-mode@1.0.169,78501,ctx_insight,partial-failure,skip,no-observable-effect,"A clean call produced no observable state change, so an interrupted one cannot be judged by this oracle.",runs/census-v5/context-mode-dt-census-1.dt.jsonl
context-mode,npm:context-mode@1.0.169,78501,ctx_insight,upstream-idempotency,skip,no-upstream-call,"The call sent nothing upstream, so there is no remote side effect to retry.",runs/census-v5/context-mode-dt-census-1.dt.jsonl
context-mode,npm:context-mode@1.0.169,78501,ctx_insight,concurrency,skip,no-observable-effect,"Calls succeed but leave nothing this oracle can see, so overlapping them cannot be judged.",runs/census-v5/context-mode-dt-census-1.dt.jsonl
context-mode,npm:context-mode@1.0.169,78501,ctx_purge,answer-stability,pass,answer-reproducible,Two identical calls returned identical answers.,runs/census-v5/context-mode-dt-census-1.dt.jsonl
context-mode,npm:context-mode@1.0.169,78501,ctx_purge,idempotency,skip,no-observable-effect,"A successful call produced no observable state change, so retry safety cannot be decided by this oracle.",runs/census-v5/context-mode-dt-census-1.dt.jsonl
context-mode,npm:context-mode@1.0.169,78501,ctx_purge,partial-failure,skip,no-observable-effect,"A clean call produced no observable state change, so an interrupted one cannot be judged by this oracle.",runs/census-v5/context-mode-dt-census-1.dt.jsonl
context-mode,npm:context-mode@1.0.169,78501,ctx_purge,upstream-idempotency,skip,no-upstream-call,"The call sent nothing upstream, so there is no remote side effect to retry.",runs/census-v5/context-mode-dt-census-1.dt.jsonl
context-mode,npm:context-mode@1.0.169,78501,ctx_purge,concurrency,skip,no-observable-effect,"Calls succeed but leave nothing this oracle can see, so overlapping them cannot be judged.",runs/census-v5/context-mode-dt-census-1.dt.jsonl
@hubspot/mcp-server,npm:@hubspot/mcp-server@0.4.0,73968,hubspot-batch-create-associations,answer-stability,pass,answer-reproducible,Two identical calls returned identical answers.,runs/census-v5/hubspot-mcp-server-dt-census-1.dt.jsonl
@hubspot/mcp-server,npm:@hubspot/mcp-server@0.4.0,73968,hubspot-batch-create-associations,idempotency,skip,no-observable-effect,"A successful call produced no observable state change, so retry safety cannot be decided by this oracle.",runs/census-v5/hubspot-mcp-server-dt-census-1.dt.jsonl
@hubspot/mcp-server,npm:@hubspot/mcp-server@0.4.0,73968,hubspot-batch-create-associations,partial-failure,skip,no-observable-effect,"A clean call produced no observable state change, so an interrupted one cannot be judged by this oracle.",runs/census-v5/hubspot-mcp-server-dt-census-1.dt.jsonl
@hubspot/mcp-server,npm:@hubspot/mcp-server@0.4.0,73968,hubspot-batch-create-associations,upstream-idempotency,fail,upstream-write-repeated,"The retry re-sends POST <upstream>/crm/v4/associations/dt-62ea3f/dt-62ea3f/batch/create with no idempotency header, and the tool declares no readOnlyHint. Either the retry duplicates a write, or the call is a query and the annotation a gateway would use to know that is missing, both on the live connection and after a reconnect.",runs/census-v5/hubspot-mcp-server-dt-census-1.dt.jsonl
@hubspot/mcp-server,npm:@hubspot/mcp-server@0.4.0,73968,hubspot-batch-create-associations,concurrency,pass,concurrent-matches-sequential,4 overlapping calls left the same shape of state as the same 4 calls run one at a time.,runs/census-v5/hubspot-mcp-server-dt-census-1.dt.jsonl
@hubspot/mcp-server,npm:@hubspot/mcp-server@0.4.0,73968,hubspot-batch-create-objects,idempotency,skip,call-failed,"The first call did not succeed, so no retry behaviour could be observed.",runs/census-v5/hubspot-mcp-server-dt-census-1.dt.jsonl
@hubspot/mcp-server,npm:@hubspot/mcp-server@0.4.0,73968,hubspot-batch-create-objects,partial-failure,skip,call-failed,"An uninterrupted call did not succeed, so there is no reference effect to interrupt.",runs/census-v5/hubspot-mcp-server-dt-census-1.dt.jsonl
@hubspot/mcp-server,npm:@hubspot/mcp-server@0.4.0,73968,hubspot-batch-create-objects,upstream-idempotency,fail,upstream-write-repeated,"The retry re-sends POST <upstream>/crm/v3/objects/dt-496413/batch/create with no idempotency header, and the tool declares no readOnlyHint. Either the retry duplicates a write, or the call is a query and the annotation a gateway would use to know that is missing, both on the live connection and after a reconnect.",runs/census-v5/hubspot-mcp-server-dt-census-1.dt.jsonl
@hubspot/mcp-server,npm:@hubspot/mcp-server@0.4.0,73968,hubspot-batch-create-objects,concurrency,skip,call-failed,"No call succeeded even one at a time, so there is no correct behaviour to compare against.",runs/census-v5/hubspot-mcp-server-dt-census-1.dt.jsonl
@hubspot/mcp-server,npm:@hubspot/mcp-server@0.4.0,73968,hubspot-batch-read-objects,idempotency,skip,call-failed,"The first call did not succeed, so no retry behaviour could be observed.",runs/census-v5/hubspot-mcp-server-dt-census-1.dt.jsonl
@hubspot/mcp-server,npm:@hubspot/mcp-server@0.4.0,73968,hubspot-batch-read-objects,partial-failure,skip,read-only-confirmed,"The tool declares readOnlyHint, so there is no effect to leave half done.",runs/census-v5/hubspot-mcp-server-dt-census-1.dt.jsonl
@hubspot/mcp-server,npm:@hubspot/mcp-server@0.4.0,73968,hubspot-batch-read-objects,upstream-idempotency,pass,upstream-reads-only,"The retry re-sends POST <upstream>/crm/v3/objects/dt-06ef3d/batch/read, but the tool declares readOnlyHint, so the request is a query rather than a write, both on the live connection and after a reconnect.",runs/census-v5/hubspot-mcp-server-dt-census-1.dt.jsonl
@hubspot/mcp-server,npm:@hubspot/mcp-server@0.4.0,73968,hubspot-batch-read-objects,concurrency,skip,read-only-confirmed,"The tool declares readOnlyHint, so overlapping calls have nothing to corrupt.",runs/census-v5/hubspot-mcp-server-dt-census-1.dt.jsonl
@hubspot/mcp-server,npm:@hubspot/mcp-server@0.4.0,73968,hubspot-batch-update-objects,idempotency,skip,call-failed,"The first call did not succeed, so no retry behaviour could be observed.",runs/census-v5/hubspot-mcp-server-dt-census-1.dt.jsonl
@hubspot/mcp-server,npm:@hubspot/mcp-server@0.4.0,73968,hubspot-batch-update-objects,partial-failure,skip,call-failed,"An uninterrupted call did not succeed, so there is no reference effect to interrupt.",runs/census-v5/hubspot-mcp-server-dt-census-1.dt.jsonl
@hubspot/mcp-server,npm:@hubspot/mcp-server@0.4.0,73968,hubspot-batch-update-objects,upstream-idempotency,fail,upstream-write-repeated,"The retry re-sends POST <upstream>/crm/v3/objects/dt-5cbe01/batch/update with no idempotency header, and the tool declares no readOnlyHint. Either the retry duplicates a write, or the call is a query and the annotation a gateway would use to know that is missing, both on the live connection and after a reconnect.",runs/census-v5/hubspot-mcp-server-dt-census-1.dt.jsonl
@hubspot/mcp-server,npm:@hubspot/mcp-server@0.4.0,73968,hubspot-batch-update-objects,concurrency,skip,call-failed,"No call succeeded even one at a time, so there is no correct behaviour to compare against.",runs/census-v5/hubspot-mcp-server-dt-census-1.dt.jsonl
@hubspot/mcp-server,npm:@hubspot/mcp-server@0.4.0,73968,hubspot-create-engagement,idempotency,skip,call-failed,"The first call did not succeed, so no retry behaviour could be observed.",runs/census-v5/hubspot-mcp-server-dt-census-1.dt.jsonl
@hubspot/mcp-server,npm:@hubspot/mcp-server@0.4.0,73968,hubspot-create-engagement,partial-failure,skip,call-failed,"An uninterrupted call did not succeed, so there is no reference effect to interrupt.",runs/census-v5/hubspot-mcp-server-dt-census-1.dt.jsonl
@hubspot/mcp-server,npm:@hubspot/mcp-server@0.4.0,73968,hubspot-create-engagement,upstream-idempotency,skip,no-upstream-call,"The call sent nothing upstream, so there is no remote side effect to retry.",runs/census-v5/hubspot-mcp-server-dt-census-1.dt.jsonl
@hubspot/mcp-server,npm:@hubspot/mcp-server@0.4.0,73968,hubspot-create-engagement,concurrency,skip,call-failed,"No call succeeded even one at a time, so there is no correct behaviour to compare against.",runs/census-v5/hubspot-mcp-server-dt-census-1.dt.jsonl
@hubspot/mcp-server,npm:@hubspot/mcp-server@0.4.0,73968,hubspot-create-property,answer-stability,pass,answer-reproducible,Two identical calls returned identical answers.,runs/census-v5/hubspot-mcp-server-dt-census-1.dt.jsonl
@hubspot/mcp-server,npm:@hubspot/mcp-server@0.4.0,73968,hubspot-create-property,idempotency,skip,no-observable-effect,"A successful call produced no observable state change, so retry safety cannot be decided by this oracle.",runs/census-v5/hubspot-mcp-server-dt-census-1.dt.jsonl
@hubspot/mcp-server,npm:@hubspot/mcp-server@0.4.0,73968,hubspot-create-property,partial-failure,skip,no-observable-effect,"A clean call produced no observable state change, so an interrupted one cannot be judged by this oracle.",runs/census-v5/hubspot-mcp-server-dt-census-1.dt.jsonl
@hubspot/mcp-server,npm:@hubspot/mcp-server@0.4.0,73968,hubspot-create-property,upstream-idempotency,fail,upstream-write-repeated,"The retry re-sends POST <upstream>/crm/v3/properties/dt-d5de8c with no idempotency header, and the tool declares no readOnlyHint. Either the retry duplicates a write, or the call is a query and the annotation a gateway would use to know that is missing, both on the live connection and after a reconnect.",runs/census-v5/hubspot-mcp-server-dt-census-1.dt.jsonl
@hubspot/mcp-server,npm:@hubspot/mcp-server@0.4.0,73968,hubspot-create-property,concurrency,pass,concurrent-matches-sequential,4 overlapping calls left the same shape of state as the same 4 calls run one at a time.,runs/census-v5/hubspot-mcp-server-dt-census-1.dt.jsonl
@hubspot/mcp-server,npm:@hubspot/mcp-server@0.4.0,73968,hubspot-generate-feedback-link,answer-stability,pass,answer-reproducible,Two identical calls returned identical answers.,runs/census-v5/hubspot-mcp-server-dt-census-1.dt.jsonl
@hubspot/mcp-server,npm:@hubspot/mcp-server@0.4.0,73968,hubspot-generate-feedback-link,idempotency,pass,read-only-confirmed,Declares readOnlyHint: true and a successful call left the observable state unchanged.,runs/census-v5/hubspot-mcp-server-dt-census-1.dt.jsonl
@hubspot/mcp-server,npm:@hubspot/mcp-server@0.4.0,73968,hubspot-generate-feedback-link,partial-failure,skip,read-only-confirmed,"The tool declares readOnlyHint, so there is no effect to leave half done.",runs/census-v5/hubspot-mcp-server-dt-census-1.dt.jsonl
@hubspot/mcp-server,npm:@hubspot/mcp-server@0.4.0,73968,hubspot-generate-feedback-link,upstream-idempotency,skip,no-upstream-call,"The call sent nothing upstream, so there is no remote side effect to retry.",runs/census-v5/hubspot-mcp-server-dt-census-1.dt.jsonl
@hubspot/mcp-server,npm:@hubspot/mcp-server@0.4.0,73968,hubspot-generate-feedback-link,concurrency,skip,read-only-confirmed,"The tool declares readOnlyHint, so overlapping calls have nothing to corrupt.",runs/census-v5/hubspot-mcp-server-dt-census-1.dt.jsonl
@hubspot/mcp-server,npm:@hubspot/mcp-server@0.4.0,73968,hubspot-get-association-definitions,answer-stability,pass,answer-reproducible,Two identical calls returned identical answers.,runs/census-v5/hubspot-mcp-server-dt-census-1.dt.jsonl
@hubspot/mcp-server,npm:@hubspot/mcp-server@0.4.0,73968,hubspot-get-association-definitions,idempotency,pass,read-only-confirmed,Declares readOnlyHint: true and a successful call left the observable state unchanged.,runs/census-v5/hubspot-mcp-server-dt-census-1.dt.jsonl
@hubspot/mcp-server,npm:@hubspot/mcp-server@0.4.0,73968,hubspot-get-association-definitions,partial-failure,skip,read-only-confirmed,"The tool declares readOnlyHint, so there is no effect to leave half done.",runs/census-v5/hubspot-mcp-server-dt-census-1.dt.jsonl
@hubspot/mcp-server,npm:@hubspot/mcp-server@0.4.0,73968,hubspot-get-association-definitions,upstream-idempotency,pass,upstream-reads-only,"The call only reads upstream (GET <upstream>/crm/v4/associations/dt-372d1e/dt-372d1e/labels), so a retry cannot duplicate anything, both on the live connection and after a reconnect.",runs/census-v5/hubspot-mcp-server-dt-census-1.dt.jsonl
@hubspot/mcp-server,npm:@hubspot/mcp-server@0.4.0,73968,hubspot-get-association-definitions,concurrency,skip,read-only-confirmed,"The tool declares readOnlyHint, so overlapping calls have nothing to corrupt.",runs/census-v5/hubspot-mcp-server-dt-census-1.dt.jsonl
@bitbonsai/mcpvault,npm:@bitbonsai/mcpvault@0.16.0,67569,delete_note,idempotency,pass,retry-converged,An identical retry left the observable state unchanged.,runs/census-v5/bitbonsai-mcpvault-dt-census-1.dt.jsonl
@bitbonsai/mcpvault,npm:@bitbonsai/mcpvault@0.16.0,67569,delete_note,retry-signal,fail,retry-answer-differs,"The effect was applied once, but the retry reported failure, which tells a retrying client the operation did not happen.",runs/census-v5/bitbonsai-mcpvault-dt-census-1.dt.jsonl
@bitbonsai/mcpvault,npm:@bitbonsai/mcpvault@0.16.0,67569,delete_note,partial-failure,pass,retry-converged,"After a lost acknowledgement and a reconnect, an identical retry converged on the same state.",runs/census-v5/bitbonsai-mcpvault-dt-census-1.dt.jsonl
@bitbonsai/mcpvault,npm:@bitbonsai/mcpvault@0.16.0,67569,delete_note,partial-failure,pass,truncated-frame-ignored,"A request frame cut in half changed nothing, as it must.",runs/census-v5/bitbonsai-mcpvault-dt-census-1.dt.jsonl
@bitbonsai/mcpvault,npm:@bitbonsai/mcpvault@0.16.0,67569,delete_note,upstream-idempotency,skip,no-upstream-call,"The call sent nothing upstream, so there is no remote side effect to retry.",runs/census-v5/bitbonsai-mcpvault-dt-census-1.dt.jsonl
@bitbonsai/mcpvault,npm:@bitbonsai/mcpvault@0.16.0,67569,delete_note,concurrency,pass,concurrent-matches-sequential,4 overlapping calls left the same shape of state as the same 4 calls run one at a time.,runs/census-v5/bitbonsai-mcpvault-dt-census-1.dt.jsonl
@bitbonsai/mcpvault,npm:@bitbonsai/mcpvault@0.16.0,67569,get_frontmatter,answer-stability,pass,answer-reproducible,Two identical calls returned identical answers.,runs/census-v5/bitbonsai-mcpvault-dt-census-1.dt.jsonl
@bitbonsai/mcpvault,npm:@bitbonsai/mcpvault@0.16.0,67569,get_frontmatter,idempotency,skip,no-observable-effect,"A successful call produced no observable state change, so retry safety cannot be decided by this oracle.",runs/census-v5/bitbonsai-mcpvault-dt-census-1.dt.jsonl
@bitbonsai/mcpvault,npm:@bitbonsai/mcpvault@0.16.0,67569,get_frontmatter,partial-failure,skip,no-observable-effect,"A clean call produced no observable state change, so an interrupted one cannot be judged by this oracle.",runs/census-v5/bitbonsai-mcpvault-dt-census-1.dt.jsonl
@bitbonsai/mcpvault,npm:@bitbonsai/mcpvault@0.16.0,67569,get_frontmatter,upstream-idempotency,skip,no-upstream-call,"The call sent nothing upstream, so there is no remote side effect to retry.",runs/census-v5/bitbonsai-mcpvault-dt-census-1.dt.jsonl
@bitbonsai/mcpvault,npm:@bitbonsai/mcpvault@0.16.0,67569,get_frontmatter,concurrency,skip,no-observable-effect,"Calls succeed but leave nothing this oracle can see, so overlapping them cannot be judged.",runs/census-v5/bitbonsai-mcpvault-dt-census-1.dt.jsonl
@bitbonsai/mcpvault,npm:@bitbonsai/mcpvault@0.16.0,67569,get_note_outline,answer-stability,pass,answer-reproducible,Two identical calls returned identical answers.,runs/census-v5/bitbonsai-mcpvault-dt-census-1.dt.jsonl
@bitbonsai/mcpvault,npm:@bitbonsai/mcpvault@0.16.0,67569,get_note_outline,idempotency,skip,no-observable-effect,"A successful call produced no observable state change, so retry safety cannot be decided by this oracle.",runs/census-v5/bitbonsai-mcpvault-dt-census-1.dt.jsonl
@bitbonsai/mcpvault,npm:@bitbonsai/mcpvault@0.16.0,67569,get_note_outline,partial-failure,skip,no-observable-effect,"A clean call produced no observable state change, so an interrupted one cannot be judged by this oracle.",runs/census-v5/bitbonsai-mcpvault-dt-census-1.dt.jsonl
@bitbonsai/mcpvault,npm:@bitbonsai/mcpvault@0.16.0,67569,get_note_outline,upstream-idempotency,skip,no-upstream-call,"The call sent nothing upstream, so there is no remote side effect to retry.",runs/census-v5/bitbonsai-mcpvault-dt-census-1.dt.jsonl
@bitbonsai/mcpvault,npm:@bitbonsai/mcpvault@0.16.0,67569,get_note_outline,concurrency,skip,no-observable-effect,"Calls succeed but leave nothing this oracle can see, so overlapping them cannot be judged.",runs/census-v5/bitbonsai-mcpvault-dt-census-1.dt.jsonl
@bitbonsai/mcpvault,npm:@bitbonsai/mcpvault@0.16.0,67569,get_notes_info,answer-stability,pass,answer-reproducible,Two identical calls returned identical answers.,runs/census-v5/bitbonsai-mcpvault-dt-census-1.dt.jsonl
@bitbonsai/mcpvault,npm:@bitbonsai/mcpvault@0.16.0,67569,get_notes_info,idempotency,skip,no-observable-effect,"A successful call produced no observable state change, so retry safety cannot be decided by this oracle.",runs/census-v5/bitbonsai-mcpvault-dt-census-1.dt.jsonl
@bitbonsai/mcpvault,npm:@bitbonsai/mcpvault@0.16.0,67569,get_notes_info,partial-failure,skip,no-observable-effect,"A clean call produced no observable state change, so an interrupted one cannot be judged by this oracle.",runs/census-v5/bitbonsai-mcpvault-dt-census-1.dt.jsonl
@bitbonsai/mcpvault,npm:@bitbonsai/mcpvault@0.16.0,67569,get_notes_info,upstream-idempotency,skip,no-upstream-call,"The call sent nothing upstream, so there is no remote side effect to retry.",runs/census-v5/bitbonsai-mcpvault-dt-census-1.dt.jsonl
@bitbonsai/mcpvault,npm:@bitbonsai/mcpvault@0.16.0,67569,get_notes_info,concurrency,skip,no-observable-effect,"Calls succeed but leave nothing this oracle can see, so overlapping them cannot be judged.",runs/census-v5/bitbonsai-mcpvault-dt-census-1.dt.jsonl
@bitbonsai/mcpvault,npm:@bitbonsai/mcpvault@0.16.0,67569,get_vault_stats,answer-stability,pass,answer-reproducible,Two identical calls returned identical answers.,runs/census-v5/bitbonsai-mcpvault-dt-census-1.dt.jsonl
@bitbonsai/mcpvault,npm:@bitbonsai/mcpvault@0.16.0,67569,get_vault_stats,idempotency,skip,no-observable-effect,"A successful call produced no observable state change, so retry safety cannot be decided by this oracle.",runs/census-v5/bitbonsai-mcpvault-dt-census-1.dt.jsonl
@bitbonsai/mcpvault,npm:@bitbonsai/mcpvault@0.16.0,67569,get_vault_stats,partial-failure,skip,no-observable-effect,"A clean call produced no observable state change, so an interrupted one cannot be judged by this oracle.",runs/census-v5/bitbonsai-mcpvault-dt-census-1.dt.jsonl
@bitbonsai/mcpvault,npm:@bitbonsai/mcpvault@0.16.0,67569,get_vault_stats,upstream-idempotency,skip,no-upstream-call,"The call sent nothing upstream, so there is no remote side effect to retry.",runs/census-v5/bitbonsai-mcpvault-dt-census-1.dt.jsonl
@bitbonsai/mcpvault,npm:@bitbonsai/mcpvault@0.16.0,67569,get_vault_stats,concurrency,skip,no-observable-effect,"Calls succeed but leave nothing this oracle can see, so overlapping them cannot be judged.",runs/census-v5/bitbonsai-mcpvault-dt-census-1.dt.jsonl
@bitbonsai/mcpvault,npm:@bitbonsai/mcpvault@0.16.0,67569,list_all_tags,answer-stability,pass,answer-reproducible,Two identical calls returned identical answers.,runs/census-v5/bitbonsai-mcpvault-dt-census-1.dt.jsonl
@bitbonsai/mcpvault,npm:@bitbonsai/mcpvault@0.16.0,67569,list_all_tags,idempotency,skip,no-observable-effect,"A successful call produced no observable state change, so retry safety cannot be decided by this oracle.",runs/census-v5/bitbonsai-mcpvault-dt-census-1.dt.jsonl
@bitbonsai/mcpvault,npm:@bitbonsai/mcpvault@0.16.0,67569,list_all_tags,partial-failure,skip,no-observable-effect,"A clean call produced no observable state change, so an interrupted one cannot be judged by this oracle.",runs/census-v5/bitbonsai-mcpvault-dt-census-1.dt.jsonl
@bitbonsai/mcpvault,npm:@bitbonsai/mcpvault@0.16.0,67569,list_all_tags,upstream-idempotency,skip,no-upstream-call,"The call sent nothing upstream, so there is no remote side effect to retry.",runs/census-v5/bitbonsai-mcpvault-dt-census-1.dt.jsonl
@bitbonsai/mcpvault,npm:@bitbonsai/mcpvault@0.16.0,67569,list_all_tags,concurrency,skip,no-observable-effect,"Calls succeed but leave nothing this oracle can see, so overlapping them cannot be judged.",runs/census-v5/bitbonsai-mcpvault-dt-census-1.dt.jsonl
@bitbonsai/mcpvault,npm:@bitbonsai/mcpvault@0.16.0,67569,list_directory,answer-stability,pass,answer-reproducible,Two identical calls returned identical answers.,runs/census-v5/bitbonsai-mcpvault-dt-census-1.dt.jsonl
@bitbonsai/mcpvault,npm:@bitbonsai/mcpvault@0.16.0,67569,list_directory,idempotency,skip,no-observable-effect,"A successful call produced no observable state change, so retry safety cannot be decided by this oracle.",runs/census-v5/bitbonsai-mcpvault-dt-census-1.dt.jsonl
@bitbonsai/mcpvault,npm:@bitbonsai/mcpvault@0.16.0,67569,list_directory,partial-failure,skip,no-observable-effect,"A clean call produced no observable state change, so an interrupted one cannot be judged by this oracle.",runs/census-v5/bitbonsai-mcpvault-dt-census-1.dt.jsonl
@bitbonsai/mcpvault,npm:@bitbonsai/mcpvault@0.16.0,67569,list_directory,upstream-idempotency,skip,no-upstream-call,"The call sent nothing upstream, so there is no remote side effect to retry.",runs/census-v5/bitbonsai-mcpvault-dt-census-1.dt.jsonl
@bitbonsai/mcpvault,npm:@bitbonsai/mcpvault@0.16.0,67569,list_directory,concurrency,skip,no-observable-effect,"Calls succeed but leave nothing this oracle can see, so overlapping them cannot be judged.",runs/census-v5/bitbonsai-mcpvault-dt-census-1.dt.jsonl
@bitbonsai/mcpvault,npm:@bitbonsai/mcpvault@0.16.0,67569,manage_tags,idempotency,skip,call-failed,"The first call did not succeed, so no retry behaviour could be observed.",runs/census-v5/bitbonsai-mcpvault-dt-census-1.dt.jsonl
@bitbonsai/mcpvault,npm:@bitbonsai/mcpvault@0.16.0,67569,manage_tags,partial-failure,skip,call-failed,"An uninterrupted call did not succeed, so there is no reference effect to interrupt.",runs/census-v5/bitbonsai-mcpvault-dt-census-1.dt.jsonl
@bitbonsai/mcpvault,npm:@bitbonsai/mcpvault@0.16.0,67569,manage_tags,upstream-idempotency,skip,no-upstream-call,"The call sent nothing upstream, so there is no remote side effect to retry.",runs/census-v5/bitbonsai-mcpvault-dt-census-1.dt.jsonl
@bitbonsai/mcpvault,npm:@bitbonsai/mcpvault@0.16.0,67569,manage_tags,concurrency,skip,call-failed,"No call succeeded even one at a time, so there is no correct behaviour to compare against.",runs/census-v5/bitbonsai-mcpvault-dt-census-1.dt.jsonl
@transcend-io/mcp-server-docs,npm:@transcend-io/mcp-server-docs@0.4.0,65903,docs_fetch,idempotency,skip,call-failed,"The first call did not succeed, so no retry behaviour could be observed.",runs/census-v5/transcend-io-mcp-server-docs-dt-census-1.dt.jsonl
@transcend-io/mcp-server-docs,npm:@transcend-io/mcp-server-docs@0.4.0,65903,docs_fetch,partial-failure,skip,read-only-confirmed,"The tool declares readOnlyHint, so there is no effect to leave half done.",runs/census-v5/transcend-io-mcp-server-docs-dt-census-1.dt.jsonl
@transcend-io/mcp-server-docs,npm:@transcend-io/mcp-server-docs@0.4.0,65903,docs_fetch,upstream-idempotency,skip,no-upstream-call,"The call sent nothing upstream, so there is no remote side effect to retry.",runs/census-v5/transcend-io-mcp-server-docs-dt-census-1.dt.jsonl
@transcend-io/mcp-server-docs,npm:@transcend-io/mcp-server-docs@0.4.0,65903,docs_fetch,concurrency,skip,read-only-confirmed,"The tool declares readOnlyHint, so overlapping calls have nothing to corrupt.",runs/census-v5/transcend-io-mcp-server-docs-dt-census-1.dt.jsonl
@transcend-io/mcp-server-docs,npm:@transcend-io/mcp-server-docs@0.4.0,65903,docs_list,answer-stability,fail,answer-not-reproducible,"Two identical calls returned different answers at content[*].text, so a retrying client cannot match the second answer to the first.",runs/census-v5/transcend-io-mcp-server-docs-dt-census-1.dt.jsonl
@transcend-io/mcp-server-docs,npm:@transcend-io/mcp-server-docs@0.4.0,65903,docs_list,idempotency,pass,read-only-confirmed,Declares readOnlyHint: true and a successful call left the observable state unchanged.,runs/census-v5/transcend-io-mcp-server-docs-dt-census-1.dt.jsonl
@transcend-io/mcp-server-docs,npm:@transcend-io/mcp-server-docs@0.4.0,65903,docs_list,partial-failure,skip,read-only-confirmed,"The tool declares readOnlyHint, so there is no effect to leave half done.",runs/census-v5/transcend-io-mcp-server-docs-dt-census-1.dt.jsonl
@transcend-io/mcp-server-docs,npm:@transcend-io/mcp-server-docs@0.4.0,65903,docs_list,upstream-idempotency,pass,upstream-reads-only,"The call only reads upstream (GET docs.transcend.io/llms.txt), so a retry cannot duplicate anything, both on the live connection and after a reconnect.",runs/census-v5/transcend-io-mcp-server-docs-dt-census-1.dt.jsonl
@transcend-io/mcp-server-docs,npm:@transcend-io/mcp-server-docs@0.4.0,65903,docs_list,concurrency,skip,read-only-confirmed,"The tool declares readOnlyHint, so overlapping calls have nothing to corrupt.",runs/census-v5/transcend-io-mcp-server-docs-dt-census-1.dt.jsonl
@shortcut/mcp,npm:@shortcut/mcp@0.25.0,65231,custom-fields-list,idempotency,skip,call-failed,"The first call did not succeed, so no retry behaviour could be observed.",runs/census-v5/shortcut-mcp-dt-census-1.dt.jsonl
@shortcut/mcp,npm:@shortcut/mcp@0.25.0,65231,custom-fields-list,partial-failure,skip,read-only-confirmed,"The tool declares readOnlyHint, so there is no effect to leave half done.",runs/census-v5/shortcut-mcp-dt-census-1.dt.jsonl
@shortcut/mcp,npm:@shortcut/mcp@0.25.0,65231,custom-fields-list,upstream-idempotency,pass,upstream-reads-only,"The call only reads upstream (GET api.app.shortcut.com/api/v3/custom-fields), so a retry cannot duplicate anything, both on the live connection and after a reconnect.",runs/census-v5/shortcut-mcp-dt-census-1.dt.jsonl
@shortcut/mcp,npm:@shortcut/mcp@0.25.0,65231,custom-fields-list,concurrency,skip,read-only-confirmed,"The tool declares readOnlyHint, so overlapping calls have nothing to corrupt.",runs/census-v5/shortcut-mcp-dt-census-1.dt.jsonl
@shortcut/mcp,npm:@shortcut/mcp@0.25.0,65231,documents-create,answer-stability,fail,answer-not-reproducible,"Two identical calls returned different answers at content[], so a retrying client cannot match the second answer to the first.",runs/census-v5/shortcut-mcp-dt-census-1.dt.jsonl
@shortcut/mcp,npm:@shortcut/mcp@0.25.0,65231,documents-create,idempotency,skip,no-observable-effect,"A successful call produced no observable state change, so retry safety cannot be decided by this oracle.",runs/census-v5/shortcut-mcp-dt-census-1.dt.jsonl
@shortcut/mcp,npm:@shortcut/mcp@0.25.0,65231,documents-create,partial-failure,skip,no-observable-effect,"A clean call produced no observable state change, so an interrupted one cannot be judged by this oracle.",runs/census-v5/shortcut-mcp-dt-census-1.dt.jsonl
@shortcut/mcp,npm:@shortcut/mcp@0.25.0,65231,documents-create,upstream-idempotency,fail,upstream-write-repeated,"The retry re-sends POST api.app.shortcut.com/api/v3/documents with no idempotency header, and the tool declares no readOnlyHint. Either the retry duplicates a write, or the call is a query and the annotation a gateway would use to know that is missing, both on the live connection and after a reconnect.",runs/census-v5/shortcut-mcp-dt-census-1.dt.jsonl
@shortcut/mcp,npm:@shortcut/mcp@0.25.0,65231,documents-create,concurrency,pass,concurrent-matches-sequential,4 overlapping calls left the same shape of state as the same 4 calls run one at a time.,runs/census-v5/shortcut-mcp-dt-census-1.dt.jsonl
@shortcut/mcp,npm:@shortcut/mcp@0.25.0,65231,documents-get-by-id,answer-stability,fail,answer-not-reproducible,"Two identical calls returned different answers at content[], so a retrying client cannot match the second answer to the first.",runs/census-v5/shortcut-mcp-dt-census-1.dt.jsonl
@shortcut/mcp,npm:@shortcut/mcp@0.25.0,65231,documents-get-by-id,idempotency,pass,read-only-confirmed,Declares readOnlyHint: true and a successful call left the observable state unchanged.,runs/census-v5/shortcut-mcp-dt-census-1.dt.jsonl
@shortcut/mcp,npm:@shortcut/mcp@0.25.0,65231,documents-get-by-id,partial-failure,skip,read-only-confirmed,"The tool declares readOnlyHint, so there is no effect to leave half done.",runs/census-v5/shortcut-mcp-dt-census-1.dt.jsonl
@shortcut/mcp,npm:@shortcut/mcp@0.25.0,65231,documents-get-by-id,upstream-idempotency,pass,upstream-reads-only,"The call only reads upstream (GET api.app.shortcut.com/api/v3/documents/dt-4e1f9d), so a retry cannot duplicate anything, both on the live connection and after a reconnect.",runs/census-v5/shortcut-mcp-dt-census-1.dt.jsonl
@shortcut/mcp,npm:@shortcut/mcp@0.25.0,65231,documents-get-by-id,concurrency,skip,read-only-confirmed,"The tool declares readOnlyHint, so overlapping calls have nothing to corrupt.",runs/census-v5/shortcut-mcp-dt-census-1.dt.jsonl
@shortcut/mcp,npm:@shortcut/mcp@0.25.0,65231,documents-list,answer-stability,fail,answer-not-reproducible,"Two identical calls returned different answers at content[], so a retrying client cannot match the second answer to the first.",runs/census-v5/shortcut-mcp-dt-census-1.dt.jsonl
@shortcut/mcp,npm:@shortcut/mcp@0.25.0,65231,documents-list,idempotency,pass,read-only-confirmed,Declares readOnlyHint: true and a successful call left the observable state unchanged.,runs/census-v5/shortcut-mcp-dt-census-1.dt.jsonl
@shortcut/mcp,npm:@shortcut/mcp@0.25.0,65231,documents-list,partial-failure,skip,read-only-confirmed,"The tool declares readOnlyHint, so there is no effect to leave half done.",runs/census-v5/shortcut-mcp-dt-census-1.dt.jsonl
@shortcut/mcp,npm:@shortcut/mcp@0.25.0,65231,documents-list,upstream-idempotency,pass,upstream-reads-only,"The call only reads upstream (GET api.app.shortcut.com/api/v3/documents), so a retry cannot duplicate anything, both on the live connection and after a reconnect.",runs/census-v5/shortcut-mcp-dt-census-1.dt.jsonl
@shortcut/mcp,npm:@shortcut/mcp@0.25.0,65231,documents-list,concurrency,skip,read-only-confirmed,"The tool declares readOnlyHint, so overlapping calls have nothing to corrupt.",runs/census-v5/shortcut-mcp-dt-census-1.dt.jsonl
@shortcut/mcp,npm:@shortcut/mcp@0.25.0,65231,documents-search,answer-stability,fail,answer-not-reproducible,"Two identical calls returned different answers at content[], so a retrying client cannot match the second answer to the first.",runs/census-v5/shortcut-mcp-dt-census-1.dt.jsonl
@shortcut/mcp,npm:@shortcut/mcp@0.25.0,65231,documents-search,idempotency,pass,read-only-confirmed,Declares readOnlyHint: true and a successful call left the observable state unchanged.,runs/census-v5/shortcut-mcp-dt-census-1.dt.jsonl
@shortcut/mcp,npm:@shortcut/mcp@0.25.0,65231,documents-search,partial-failure,skip,read-only-confirmed,"The tool declares readOnlyHint, so there is no effect to leave half done.",runs/census-v5/shortcut-mcp-dt-census-1.dt.jsonl
@shortcut/mcp,npm:@shortcut/mcp@0.25.0,65231,documents-search,upstream-idempotency,pass,upstream-reads-only,"The call only reads upstream (GET api.app.shortcut.com/api/v3/search/documents), so a retry cannot duplicate anything, both on the live connection and after a reconnect.",runs/census-v5/shortcut-mcp-dt-census-1.dt.jsonl
@shortcut/mcp,npm:@shortcut/mcp@0.25.0,65231,documents-search,concurrency,skip,read-only-confirmed,"The tool declares readOnlyHint, so overlapping calls have nothing to corrupt.",runs/census-v5/shortcut-mcp-dt-census-1.dt.jsonl
@shortcut/mcp,npm:@shortcut/mcp@0.25.0,65231,documents-update,answer-stability,fail,answer-not-reproducible,"Two identical calls returned different answers at content[], so a retrying client cannot match the second answer to the first.",runs/census-v5/shortcut-mcp-dt-census-1.dt.jsonl
@shortcut/mcp,npm:@shortcut/mcp@0.25.0,65231,documents-update,idempotency,skip,no-observable-effect,"A successful call produced no observable state change, so retry safety cannot be decided by this oracle.",runs/census-v5/shortcut-mcp-dt-census-1.dt.jsonl
@shortcut/mcp,npm:@shortcut/mcp@0.25.0,65231,documents-update,partial-failure,skip,no-observable-effect,"A clean call produced no observable state change, so an interrupted one cannot be judged by this oracle.",runs/census-v5/shortcut-mcp-dt-census-1.dt.jsonl
@shortcut/mcp,npm:@shortcut/mcp@0.25.0,65231,documents-update,upstream-idempotency,pass,upstream-method-idempotent,"The retry re-sends PUT api.app.shortcut.com/api/v3/documents/dt-531230, but those methods are idempotent by definition in HTTP, so repeating them leaves the same end state, both on the live connection and after a reconnect.",runs/census-v5/shortcut-mcp-dt-census-1.dt.jsonl
@shortcut/mcp,npm:@shortcut/mcp@0.25.0,65231,documents-update,concurrency,pass,concurrent-matches-sequential,4 overlapping calls left the same shape of state as the same 4 calls run one at a time.,runs/census-v5/shortcut-mcp-dt-census-1.dt.jsonl
@shortcut/mcp,npm:@shortcut/mcp@0.25.0,65231,epics-create,answer-stability,fail,answer-not-reproducible,"Two identical calls returned different answers at content[], so a retrying client cannot match the second answer to the first.",runs/census-v5/shortcut-mcp-dt-census-1.dt.jsonl
@shortcut/mcp,npm:@shortcut/mcp@0.25.0,65231,epics-create,idempotency,skip,no-observable-effect,"A successful call produced no observable state change, so retry safety cannot be decided by this oracle.",runs/census-v5/shortcut-mcp-dt-census-1.dt.jsonl
@shortcut/mcp,npm:@shortcut/mcp@0.25.0,65231,epics-create,partial-failure,skip,no-observable-effect,"A clean call produced no observable state change, so an interrupted one cannot be judged by this oracle.",runs/census-v5/shortcut-mcp-dt-census-1.dt.jsonl
@shortcut/mcp,npm:@shortcut/mcp@0.25.0,65231,epics-create,upstream-idempotency,fail,upstream-write-repeated,"The retry re-sends POST api.app.shortcut.com/api/v3/epics with no idempotency header, and the tool declares no readOnlyHint. Either the retry duplicates a write, or the call is a query and the annotation a gateway would use to know that is missing, both on the live connection and after a reconnect.",runs/census-v5/shortcut-mcp-dt-census-1.dt.jsonl
@shortcut/mcp,npm:@shortcut/mcp@0.25.0,65231,epics-create,concurrency,pass,concurrent-matches-sequential,4 overlapping calls left the same shape of state as the same 4 calls run one at a time.,runs/census-v5/shortcut-mcp-dt-census-1.dt.jsonl
@shortcut/mcp,npm:@shortcut/mcp@0.25.0,65231,epics-create-comment,answer-stability,fail,answer-not-reproducible,"Two identical calls returned different answers at content[], so a retrying client cannot match the second answer to the first.",runs/census-v5/shortcut-mcp-dt-census-1.dt.jsonl
@shortcut/mcp,npm:@shortcut/mcp@0.25.0,65231,epics-create-comment,idempotency,skip,no-observable-effect,"A successful call produced no observable state change, so retry safety cannot be decided by this oracle.",runs/census-v5/shortcut-mcp-dt-census-1.dt.jsonl
@shortcut/mcp,npm:@shortcut/mcp@0.25.0,65231,epics-create-comment,partial-failure,skip,no-observable-effect,"A clean call produced no observable state change, so an interrupted one cannot be judged by this oracle.",runs/census-v5/shortcut-mcp-dt-census-1.dt.jsonl
@shortcut/mcp,npm:@shortcut/mcp@0.25.0,65231,epics-create-comment,upstream-idempotency,fail,upstream-write-repeated,"The retry re-sends POST api.app.shortcut.com/api/v3/epics/9/comments with no idempotency header, and the tool declares no readOnlyHint. Either the retry duplicates a write, or the call is a query and the annotation a gateway would use to know that is missing, both on the live connection and after a reconnect.",runs/census-v5/shortcut-mcp-dt-census-1.dt.jsonl
@shortcut/mcp,npm:@shortcut/mcp@0.25.0,65231,epics-create-comment,concurrency,pass,concurrent-matches-sequential,4 overlapping calls left the same shape of state as the same 4 calls run one at a time.,runs/census-v5/shortcut-mcp-dt-census-1.dt.jsonl
@aashari/mcp-server-atlassian-jira,npm:@aashari/mcp-server-atlassian-jira@3.3.0,58405,jira_delete,answer-stability,pass,answer-reproducible,Two identical calls returned identical answers.,runs/census-v5/aashari-mcp-server-atlassian-jira-dt-census-1.dt.jsonl
@aashari/mcp-server-atlassian-jira,npm:@aashari/mcp-server-atlassian-jira@3.3.0,58405,jira_delete,idempotency,skip,no-observable-effect,"A successful call produced no observable state change, so retry safety cannot be decided by this oracle.",runs/census-v5/aashari-mcp-server-atlassian-jira-dt-census-1.dt.jsonl
@aashari/mcp-server-atlassian-jira,npm:@aashari/mcp-server-atlassian-jira@3.3.0,58405,jira_delete,partial-failure,skip,no-observable-effect,"A clean call produced no observable state change, so an interrupted one cannot be judged by this oracle.",runs/census-v5/aashari-mcp-server-atlassian-jira-dt-census-1.dt.jsonl
@aashari/mcp-server-atlassian-jira,npm:@aashari/mcp-server-atlassian-jira@3.3.0,58405,jira_delete,upstream-idempotency,skip,no-upstream-call,"The call sent nothing upstream, so there is no remote side effect to retry.",runs/census-v5/aashari-mcp-server-atlassian-jira-dt-census-1.dt.jsonl
@aashari/mcp-server-atlassian-jira,npm:@aashari/mcp-server-atlassian-jira@3.3.0,58405,jira_delete,concurrency,skip,no-observable-effect,"Calls succeed but leave nothing this oracle can see, so overlapping them cannot be judged.",runs/census-v5/aashari-mcp-server-atlassian-jira-dt-census-1.dt.jsonl
@aashari/mcp-server-atlassian-jira,npm:@aashari/mcp-server-atlassian-jira@3.3.0,58405,jira_get,answer-stability,pass,answer-reproducible,Two identical calls returned identical answers.,runs/census-v5/aashari-mcp-server-atlassian-jira-dt-census-1.dt.jsonl
@aashari/mcp-server-atlassian-jira,npm:@aashari/mcp-server-atlassian-jira@3.3.0,58405,jira_get,idempotency,skip,no-observable-effect,"A successful call produced no observable state change, so retry safety cannot be decided by this oracle.",runs/census-v5/aashari-mcp-server-atlassian-jira-dt-census-1.dt.jsonl
@aashari/mcp-server-atlassian-jira,npm:@aashari/mcp-server-atlassian-jira@3.3.0,58405,jira_get,partial-failure,skip,no-observable-effect,"A clean call produced no observable state change, so an interrupted one cannot be judged by this oracle.",runs/census-v5/aashari-mcp-server-atlassian-jira-dt-census-1.dt.jsonl
@aashari/mcp-server-atlassian-jira,npm:@aashari/mcp-server-atlassian-jira@3.3.0,58405,jira_get,upstream-idempotency,skip,no-upstream-call,"The call sent nothing upstream, so there is no remote side effect to retry.",runs/census-v5/aashari-mcp-server-atlassian-jira-dt-census-1.dt.jsonl
@aashari/mcp-server-atlassian-jira,npm:@aashari/mcp-server-atlassian-jira@3.3.0,58405,jira_get,concurrency,skip,no-observable-effect,"Calls succeed but leave nothing this oracle can see, so overlapping them cannot be judged.",runs/census-v5/aashari-mcp-server-atlassian-jira-dt-census-1.dt.jsonl
@aashari/mcp-server-atlassian-jira,npm:@aashari/mcp-server-atlassian-jira@3.3.0,58405,jira_patch,answer-stability,pass,answer-reproducible,Two identical calls returned identical answers.,runs/census-v5/aashari-mcp-server-atlassian-jira-dt-census-1.dt.jsonl
@aashari/mcp-server-atlassian-jira,npm:@aashari/mcp-server-atlassian-jira@3.3.0,58405,jira_patch,idempotency,skip,no-observable-effect,"A successful call produced no observable state change, so retry safety cannot be decided by this oracle.",runs/census-v5/aashari-mcp-server-atlassian-jira-dt-census-1.dt.jsonl
@aashari/mcp-server-atlassian-jira,npm:@aashari/mcp-server-atlassian-jira@3.3.0,58405,jira_patch,partial-failure,skip,no-observable-effect,"A clean call produced no observable state change, so an interrupted one cannot be judged by this oracle.",runs/census-v5/aashari-mcp-server-atlassian-jira-dt-census-1.dt.jsonl
@aashari/mcp-server-atlassian-jira,npm:@aashari/mcp-server-atlassian-jira@3.3.0,58405,jira_patch,upstream-idempotency,skip,no-upstream-call,"The call sent nothing upstream, so there is no remote side effect to retry.",runs/census-v5/aashari-mcp-server-atlassian-jira-dt-census-1.dt.jsonl
@aashari/mcp-server-atlassian-jira,npm:@aashari/mcp-server-atlassian-jira@3.3.0,58405,jira_patch,concurrency,skip,no-observable-effect,"Calls succeed but leave nothing this oracle can see, so overlapping them cannot be judged.",runs/census-v5/aashari-mcp-server-atlassian-jira-dt-census-1.dt.jsonl
@aashari/mcp-server-atlassian-jira,npm:@aashari/mcp-server-atlassian-jira@3.3.0,58405,jira_post,answer-stability,pass,answer-reproducible,Two identical calls returned identical answers.,runs/census-v5/aashari-mcp-server-atlassian-jira-dt-census-1.dt.jsonl
@aashari/mcp-server-atlassian-jira,npm:@aashari/mcp-server-atlassian-jira@3.3.0,58405,jira_post,idempotency,skip,no-observable-effect,"A successful call produced no observable state change, so retry safety cannot be decided by this oracle.",runs/census-v5/aashari-mcp-server-atlassian-jira-dt-census-1.dt.jsonl
@aashari/mcp-server-atlassian-jira,npm:@aashari/mcp-server-atlassian-jira@3.3.0,58405,jira_post,partial-failure,skip,no-observable-effect,"A clean call produced no observable state change, so an interrupted one cannot be judged by this oracle.",runs/census-v5/aashari-mcp-server-atlassian-jira-dt-census-1.dt.jsonl
@aashari/mcp-server-atlassian-jira,npm:@aashari/mcp-server-atlassian-jira@3.3.0,58405,jira_post,upstream-idempotency,skip,no-upstream-call,"The call sent nothing upstream, so there is no remote side effect to retry.",runs/census-v5/aashari-mcp-server-atlassian-jira-dt-census-1.dt.jsonl
@aashari/mcp-server-atlassian-jira,npm:@aashari/mcp-server-atlassian-jira@3.3.0,58405,jira_post,concurrency,skip,no-observable-effect,"Calls succeed but leave nothing this oracle can see, so overlapping them cannot be judged.",runs/census-v5/aashari-mcp-server-atlassian-jira-dt-census-1.dt.jsonl
@aashari/mcp-server-atlassian-jira,npm:@aashari/mcp-server-atlassian-jira@3.3.0,58405,jira_put,answer-stability,pass,answer-reproducible,Two identical calls returned identical answers.,runs/census-v5/aashari-mcp-server-atlassian-jira-dt-census-1.dt.jsonl
@aashari/mcp-server-atlassian-jira,npm:@aashari/mcp-server-atlassian-jira@3.3.0,58405,jira_put,idempotency,skip,no-observable-effect,"A successful call produced no observable state change, so retry safety cannot be decided by this oracle.",runs/census-v5/aashari-mcp-server-atlassian-jira-dt-census-1.dt.jsonl
@aashari/mcp-server-atlassian-jira,npm:@aashari/mcp-server-atlassian-jira@3.3.0,58405,jira_put,partial-failure,skip,no-observable-effect,"A clean call produced no observable state change, so an interrupted one cannot be judged by this oracle.",runs/census-v5/aashari-mcp-server-atlassian-jira-dt-census-1.dt.jsonl
@aashari/mcp-server-atlassian-jira,npm:@aashari/mcp-server-atlassian-jira@3.3.0,58405,jira_put,upstream-idempotency,skip,no-upstream-call,"The call sent nothing upstream, so there is no remote side effect to retry.",runs/census-v5/aashari-mcp-server-atlassian-jira-dt-census-1.dt.jsonl
@aashari/mcp-server-atlassian-jira,npm:@aashari/mcp-server-atlassian-jira@3.3.0,58405,jira_put,concurrency,skip,no-observable-effect,"Calls succeed but leave nothing this oracle can see, so overlapping them cannot be judged.",runs/census-v5/aashari-mcp-server-atlassian-jira-dt-census-1.dt.jsonl
@google-cloud/storage-mcp,npm:@google-cloud/storage-mcp@0.6.0,51287,check_iam_permissions,answer-stability,pass,answer-reproducible,Two identical calls returned identical answers.,runs/census-v5/google-cloud-storage-mcp-dt-census-1.dt.jsonl
@google-cloud/storage-mcp,npm:@google-cloud/storage-mcp@0.6.0,51287,check_iam_permissions,idempotency,skip,no-observable-effect,"A successful call produced no observable state change, so retry safety cannot be decided by this oracle.",runs/census-v5/google-cloud-storage-mcp-dt-census-1.dt.jsonl
@google-cloud/storage-mcp,npm:@google-cloud/storage-mcp@0.6.0,51287,check_iam_permissions,partial-failure,skip,no-observable-effect,"A clean call produced no observable state change, so an interrupted one cannot be judged by this oracle.",runs/census-v5/google-cloud-storage-mcp-dt-census-1.dt.jsonl
@google-cloud/storage-mcp,npm:@google-cloud/storage-mcp@0.6.0,51287,check_iam_permissions,upstream-idempotency,pass,upstream-reads-only,"The call only reads upstream (GET 169.254.169.254/computeMetadata/v1/instance, GET metadata.google.internal./computeMetadata/v1/instance, GET storage.googleapis.com/storage/v1/b/dt-7acb13/iam/testPermissions), so a retry cannot duplicate anything, both on the live connection and after a reconnect.",runs/census-v5/google-cloud-storage-mcp-dt-census-1.dt.jsonl
@google-cloud/storage-mcp,npm:@google-cloud/storage-mcp@0.6.0,51287,check_iam_permissions,concurrency,skip,no-observable-effect,"Calls succeed but leave nothing this oracle can see, so overlapping them cannot be judged.",runs/census-v5/google-cloud-storage-mcp-dt-census-1.dt.jsonl
@google-cloud/storage-mcp,npm:@google-cloud/storage-mcp@0.6.0,51287,copy_object_safe,answer-stability,pass,answer-reproducible,Two identical calls returned identical answers.,runs/census-v5/google-cloud-storage-mcp-dt-census-1.dt.jsonl
@google-cloud/storage-mcp,npm:@google-cloud/storage-mcp@0.6.0,51287,copy_object_safe,idempotency,skip,no-observable-effect,"A successful call produced no observable state change, so retry safety cannot be decided by this oracle.",runs/census-v5/google-cloud-storage-mcp-dt-census-1.dt.jsonl
@google-cloud/storage-mcp,npm:@google-cloud/storage-mcp@0.6.0,51287,copy_object_safe,partial-failure,skip,no-observable-effect,"A clean call produced no observable state change, so an interrupted one cannot be judged by this oracle.",runs/census-v5/google-cloud-storage-mcp-dt-census-1.dt.jsonl
@google-cloud/storage-mcp,npm:@google-cloud/storage-mcp@0.6.0,51287,copy_object_safe,upstream-idempotency,fail,upstream-write-repeated,"The retry re-sends POST storage.googleapis.com/storage/v1/b<sandbox>/workspace/note.txt/o/%2Fprivate%2Fvar%2Ffolders%2Fsk%2F2dc6gxhx2sx95bx90x1hbg7h0000gn%2FT%2Fdoubletap-google-cloud-storage-mcp-upstream-same-copy_object_safe-ZG3tDT%2Fworkspace%2Fnote.txt/rewriteTo/b/<sandbox>/workspace/dt-2ce213.txt/o/%2Fprivate%2Fvar%2Ffolders%2Fsk%2F2dc6gxhx2sx95bx90x1hbg7h0000gn%2FT%2Fdoubletap-google-cloud-storage-mcp-upstream-same-copy_object_safe-ZG3tDT%2Fworkspace%2Fdt-2ce213.txt with no idempotency header, and the tool declares no readOnlyHint. Either the retry duplicates a write, or the call is a query and the annotation a gateway would use to know that is missing, both on the live connection and after a reconnect.",runs/census-v5/google-cloud-storage-mcp-dt-census-1.dt.jsonl
@google-cloud/storage-mcp,npm:@google-cloud/storage-mcp@0.6.0,51287,copy_object_safe,concurrency,pass,concurrent-matches-sequential,4 overlapping calls left the same shape of state as the same 4 calls run one at a time.,runs/census-v5/google-cloud-storage-mcp-dt-census-1.dt.jsonl
@google-cloud/storage-mcp,npm:@google-cloud/storage-mcp@0.6.0,51287,create_bucket,answer-stability,pass,answer-reproducible,Two identical calls returned identical answers.,runs/census-v5/google-cloud-storage-mcp-dt-census-1.dt.jsonl
@google-cloud/storage-mcp,npm:@google-cloud/storage-mcp@0.6.0,51287,create_bucket,idempotency,skip,no-observable-effect,"A successful call produced no observable state change, so retry safety cannot be decided by this oracle.",runs/census-v5/google-cloud-storage-mcp-dt-census-1.dt.jsonl
@google-cloud/storage-mcp,npm:@google-cloud/storage-mcp@0.6.0,51287,create_bucket,partial-failure,skip,no-observable-effect,"A clean call produced no observable state change, so an interrupted one cannot be judged by this oracle.",runs/census-v5/google-cloud-storage-mcp-dt-census-1.dt.jsonl
@google-cloud/storage-mcp,npm:@google-cloud/storage-mcp@0.6.0,51287,create_bucket,upstream-idempotency,fail,upstream-write-repeated,"The retry re-sends POST storage.googleapis.com/storage/v1/b with no idempotency header, and the tool declares no readOnlyHint. Either the retry duplicates a write, or the call is a query and the annotation a gateway would use to know that is missing, both on the live connection and after a reconnect.",runs/census-v5/google-cloud-storage-mcp-dt-census-1.dt.jsonl
@google-cloud/storage-mcp,npm:@google-cloud/storage-mcp@0.6.0,51287,create_bucket,concurrency,pass,concurrent-matches-sequential,4 overlapping calls left the same shape of state as the same 4 calls run one at a time.,runs/census-v5/google-cloud-storage-mcp-dt-census-1.dt.jsonl
@google-cloud/storage-mcp,npm:@google-cloud/storage-mcp@0.6.0,51287,execute_insights_query,answer-stability,pass,answer-reproducible,Two identical calls returned identical answers.,runs/census-v5/google-cloud-storage-mcp-dt-census-1.dt.jsonl
@google-cloud/storage-mcp,npm:@google-cloud/storage-mcp@0.6.0,51287,execute_insights_query,idempotency,skip,no-observable-effect,"A successful call produced no observable state change, so retry safety cannot be decided by this oracle.",runs/census-v5/google-cloud-storage-mcp-dt-census-1.dt.jsonl
@google-cloud/storage-mcp,npm:@google-cloud/storage-mcp@0.6.0,51287,execute_insights_query,partial-failure,skip,no-observable-effect,"A clean call produced no observable state change, so an interrupted one cannot be judged by this oracle.",runs/census-v5/google-cloud-storage-mcp-dt-census-1.dt.jsonl
@google-cloud/storage-mcp,npm:@google-cloud/storage-mcp@0.6.0,51287,execute_insights_query,upstream-idempotency,skip,no-upstream-call,"The call sent nothing upstream, so there is no remote side effect to retry.",runs/census-v5/google-cloud-storage-mcp-dt-census-1.dt.jsonl
@google-cloud/storage-mcp,npm:@google-cloud/storage-mcp@0.6.0,51287,execute_insights_query,concurrency,skip,no-observable-effect,"Calls succeed but leave nothing this oracle can see, so overlapping them cannot be judged.",runs/census-v5/google-cloud-storage-mcp-dt-census-1.dt.jsonl
@google-cloud/storage-mcp,npm:@google-cloud/storage-mcp@0.6.0,51287,get_bucket_location,answer-stability,pass,answer-reproducible,Two identical calls returned identical answers.,runs/census-v5/google-cloud-storage-mcp-dt-census-1.dt.jsonl
@google-cloud/storage-mcp,npm:@google-cloud/storage-mcp@0.6.0,51287,get_bucket_location,idempotency,skip,no-observable-effect,"A successful call produced no observable state change, so retry safety cannot be decided by this oracle.",runs/census-v5/google-cloud-storage-mcp-dt-census-1.dt.jsonl
@google-cloud/storage-mcp,npm:@google-cloud/storage-mcp@0.6.0,51287,get_bucket_location,partial-failure,skip,no-observable-effect,"A clean call produced no observable state change, so an interrupted one cannot be judged by this oracle.",runs/census-v5/google-cloud-storage-mcp-dt-census-1.dt.jsonl
@google-cloud/storage-mcp,npm:@google-cloud/storage-mcp@0.6.0,51287,get_bucket_location,upstream-idempotency,pass,upstream-reads-only,"The call only reads upstream (GET 169.254.169.254/computeMetadata/v1/instance, GET metadata.google.internal./computeMetadata/v1/instance, GET storage.googleapis.com/storage/v1/b/dt-654a53), so a retry cannot duplicate anything, both on the live connection and after a reconnect.",runs/census-v5/google-cloud-storage-mcp-dt-census-1.dt.jsonl
@google-cloud/storage-mcp,npm:@google-cloud/storage-mcp@0.6.0,51287,get_bucket_location,concurrency,skip,no-observable-effect,"Calls succeed but leave nothing this oracle can see, so overlapping them cannot be judged.",runs/census-v5/google-cloud-storage-mcp-dt-census-1.dt.jsonl
@google-cloud/storage-mcp,npm:@google-cloud/storage-mcp@0.6.0,51287,get_bucket_metadata,answer-stability,pass,answer-reproducible,Two identical calls returned identical answers.,runs/census-v5/google-cloud-storage-mcp-dt-census-1.dt.jsonl
@google-cloud/storage-mcp,npm:@google-cloud/storage-mcp@0.6.0,51287,get_bucket_metadata,idempotency,skip,no-observable-effect,"A successful call produced no observable state change, so retry safety cannot be decided by this oracle.",runs/census-v5/google-cloud-storage-mcp-dt-census-1.dt.jsonl
@google-cloud/storage-mcp,npm:@google-cloud/storage-mcp@0.6.0,51287,get_bucket_metadata,partial-failure,skip,no-observable-effect,"A clean call produced no observable state change, so an interrupted one cannot be judged by this oracle.",runs/census-v5/google-cloud-storage-mcp-dt-census-1.dt.jsonl
@google-cloud/storage-mcp,npm:@google-cloud/storage-mcp@0.6.0,51287,get_bucket_metadata,upstream-idempotency,pass,upstream-reads-only,"The call only reads upstream (GET 169.254.169.254/computeMetadata/v1/instance, GET metadata.google.internal./computeMetadata/v1/instance, GET storage.googleapis.com/storage/v1/b/dt-13a68a), so a retry cannot duplicate anything, both on the live connection and after a reconnect.",runs/census-v5/google-cloud-storage-mcp-dt-census-1.dt.jsonl
@google-cloud/storage-mcp,npm:@google-cloud/storage-mcp@0.6.0,51287,get_bucket_metadata,concurrency,skip,no-observable-effect,"Calls succeed but leave nothing this oracle can see, so overlapping them cannot be judged.",runs/census-v5/google-cloud-storage-mcp-dt-census-1.dt.jsonl
@google-cloud/storage-mcp,npm:@google-cloud/storage-mcp@0.6.0,51287,get_metadata_table_schema,idempotency,skip,call-failed,"The first call did not succeed, so no retry behaviour could be observed.",runs/census-v5/google-cloud-storage-mcp-dt-census-1.dt.jsonl
@google-cloud/storage-mcp,npm:@google-cloud/storage-mcp@0.6.0,51287,get_metadata_table_schema,partial-failure,skip,call-failed,"An uninterrupted call did not succeed, so there is no reference effect to interrupt.",runs/census-v5/google-cloud-storage-mcp-dt-census-1.dt.jsonl
@google-cloud/storage-mcp,npm:@google-cloud/storage-mcp@0.6.0,51287,get_metadata_table_schema,upstream-idempotency,pass,upstream-reads-only,"The call only reads upstream (GET 169.254.169.254/computeMetadata/v1/instance, GET metadata.google.internal./computeMetadata/v1/instance), so a retry cannot duplicate anything, both on the live connection and after a reconnect.",runs/census-v5/google-cloud-storage-mcp-dt-census-1.dt.jsonl
@google-cloud/storage-mcp,npm:@google-cloud/storage-mcp@0.6.0,51287,get_metadata_table_schema,concurrency,skip,call-failed,"No call succeeded even one at a time, so there is no correct behaviour to compare against.",runs/census-v5/google-cloud-storage-mcp-dt-census-1.dt.jsonl
@google-cloud/storage-mcp,npm:@google-cloud/storage-mcp@0.6.0,51287,list_buckets,answer-stability,pass,answer-reproducible,Two identical calls returned identical answers.,runs/census-v5/google-cloud-storage-mcp-dt-census-1.dt.jsonl
@google-cloud/storage-mcp,npm:@google-cloud/storage-mcp@0.6.0,51287,list_buckets,idempotency,skip,no-observable-effect,"A successful call produced no observable state change, so retry safety cannot be decided by this oracle.",runs/census-v5/google-cloud-storage-mcp-dt-census-1.dt.jsonl
@google-cloud/storage-mcp,npm:@google-cloud/storage-mcp@0.6.0,51287,list_buckets,partial-failure,skip,no-observable-effect,"A clean call produced no observable state change, so an interrupted one cannot be judged by this oracle.",runs/census-v5/google-cloud-storage-mcp-dt-census-1.dt.jsonl
@google-cloud/storage-mcp,npm:@google-cloud/storage-mcp@0.6.0,51287,list_buckets,upstream-idempotency,pass,upstream-reads-only,"The call only reads upstream (GET 169.254.169.254/computeMetadata/v1/instance, GET metadata.google.internal./computeMetadata/v1/instance, GET storage.googleapis.com/storage/v1/b), so a retry cannot duplicate anything, both on the live connection and after a reconnect.",runs/census-v5/google-cloud-storage-mcp-dt-census-1.dt.jsonl
@google-cloud/storage-mcp,npm:@google-cloud/storage-mcp@0.6.0,51287,list_buckets,concurrency,skip,no-observable-effect,"Calls succeed but leave nothing this oracle can see, so overlapping them cannot be judged.",runs/census-v5/google-cloud-storage-mcp-dt-census-1.dt.jsonl
@felores/airtable-mcp-server,npm:@felores/airtable-mcp-server@0.3.0,50799,create_field,answer-stability,pass,answer-reproducible,Two identical calls returned identical answers.,runs/census-v5/felores-airtable-mcp-server-dt-census-1.dt.jsonl
@felores/airtable-mcp-server,npm:@felores/airtable-mcp-server@0.3.0,50799,create_field,idempotency,skip,no-observable-effect,"A successful call produced no observable state change, so retry safety cannot be decided by this oracle.",runs/census-v5/felores-airtable-mcp-server-dt-census-1.dt.jsonl
@felores/airtable-mcp-server,npm:@felores/airtable-mcp-server@0.3.0,50799,create_field,partial-failure,skip,no-observable-effect,"A clean call produced no observable state change, so an interrupted one cannot be judged by this oracle.",runs/census-v5/felores-airtable-mcp-server-dt-census-1.dt.jsonl
@felores/airtable-mcp-server,npm:@felores/airtable-mcp-server@0.3.0,50799,create_field,upstream-idempotency,fail,upstream-write-repeated,"The retry re-sends POST api.airtable.com/v0/meta/bases/dt-139d6d/tables/dt-139d6d/fields with no idempotency header, and the tool declares no readOnlyHint. Either the retry duplicates a write, or the call is a query and the annotation a gateway would use to know that is missing, both on the live connection and after a reconnect.",runs/census-v5/felores-airtable-mcp-server-dt-census-1.dt.jsonl
@felores/airtable-mcp-server,npm:@felores/airtable-mcp-server@0.3.0,50799,create_field,concurrency,pass,concurrent-matches-sequential,4 overlapping calls left the same shape of state as the same 4 calls run one at a time.,runs/census-v5/felores-airtable-mcp-server-dt-census-1.dt.jsonl
@felores/airtable-mcp-server,npm:@felores/airtable-mcp-server@0.3.0,50799,create_record,answer-stability,pass,answer-reproducible,Two identical calls returned identical answers.,runs/census-v5/felores-airtable-mcp-server-dt-census-1.dt.jsonl
@felores/airtable-mcp-server,npm:@felores/airtable-mcp-server@0.3.0,50799,create_record,idempotency,skip,no-observable-effect,"A successful call produced no observable state change, so retry safety cannot be decided by this oracle.",runs/census-v5/felores-airtable-mcp-server-dt-census-1.dt.jsonl
@felores/airtable-mcp-server,npm:@felores/airtable-mcp-server@0.3.0,50799,create_record,partial-failure,skip,no-observable-effect,"A clean call produced no observable state change, so an interrupted one cannot be judged by this oracle.",runs/census-v5/felores-airtable-mcp-server-dt-census-1.dt.jsonl
@felores/airtable-mcp-server,npm:@felores/airtable-mcp-server@0.3.0,50799,create_record,upstream-idempotency,fail,upstream-write-repeated,"The retry re-sends POST api.airtable.com/v0/dt-a4de2f/dt-a4de2f with no idempotency header, and the tool declares no readOnlyHint. Either the retry duplicates a write, or the call is a query and the annotation a gateway would use to know that is missing, both on the live connection and after a reconnect.",runs/census-v5/felores-airtable-mcp-server-dt-census-1.dt.jsonl
@felores/airtable-mcp-server,npm:@felores/airtable-mcp-server@0.3.0,50799,create_record,concurrency,pass,concurrent-matches-sequential,4 overlapping calls left the same shape of state as the same 4 calls run one at a time.,runs/census-v5/felores-airtable-mcp-server-dt-census-1.dt.jsonl
@felores/airtable-mcp-server,npm:@felores/airtable-mcp-server@0.3.0,50799,create_table,answer-stability,pass,answer-reproducible,Two identical calls returned identical answers.,runs/census-v5/felores-airtable-mcp-server-dt-census-1.dt.jsonl
@felores/airtable-mcp-server,npm:@felores/airtable-mcp-server@0.3.0,50799,create_table,idempotency,skip,no-observable-effect,"A successful call produced no observable state change, so retry safety cannot be decided by this oracle.",runs/census-v5/felores-airtable-mcp-server-dt-census-1.dt.jsonl
@felores/airtable-mcp-server,npm:@felores/airtable-mcp-server@0.3.0,50799,create_table,partial-failure,skip,no-observable-effect,"A clean call produced no observable state change, so an interrupted one cannot be judged by this oracle.",runs/census-v5/felores-airtable-mcp-server-dt-census-1.dt.jsonl
@felores/airtable-mcp-server,npm:@felores/airtable-mcp-server@0.3.0,50799,create_table,upstream-idempotency,fail,upstream-write-repeated,"The retry re-sends POST api.airtable.com/v0/meta/bases/dt-fe4c47/tables with no idempotency header, and the tool declares no readOnlyHint. Either the retry duplicates a write, or the call is a query and the annotation a gateway would use to know that is missing, both on the live connection and after a reconnect.",runs/census-v5/felores-airtable-mcp-server-dt-census-1.dt.jsonl
@felores/airtable-mcp-server,npm:@felores/airtable-mcp-server@0.3.0,50799,create_table,concurrency,pass,concurrent-matches-sequential,4 overlapping calls left the same shape of state as the same 4 calls run one at a time.,runs/census-v5/felores-airtable-mcp-server-dt-census-1.dt.jsonl
@felores/airtable-mcp-server,npm:@felores/airtable-mcp-server@0.3.0,50799,delete_record,answer-stability,pass,answer-reproducible,Two identical calls returned identical answers.,runs/census-v5/felores-airtable-mcp-server-dt-census-1.dt.jsonl
@felores/airtable-mcp-server,npm:@felores/airtable-mcp-server@0.3.0,50799,delete_record,idempotency,skip,no-observable-effect,"A successful call produced no observable state change, so retry safety cannot be decided by this oracle.",runs/census-v5/felores-airtable-mcp-server-dt-census-1.dt.jsonl
@felores/airtable-mcp-server,npm:@felores/airtable-mcp-server@0.3.0,50799,delete_record,partial-failure,skip,no-observable-effect,"A clean call produced no observable state change, so an interrupted one cannot be judged by this oracle.",runs/census-v5/felores-airtable-mcp-server-dt-census-1.dt.jsonl
@felores/airtable-mcp-server,npm:@felores/airtable-mcp-server@0.3.0,50799,delete_record,upstream-idempotency,pass,upstream-method-idempotent,"The retry re-sends DELETE api.airtable.com/v0/dt-e2e408/dt-e2e408/dt-e2e408, but those methods are idempotent by definition in HTTP, so repeating them leaves the same end state, both on the live connection and after a reconnect.",runs/census-v5/felores-airtable-mcp-server-dt-census-1.dt.jsonl
@felores/airtable-mcp-server,npm:@felores/airtable-mcp-server@0.3.0,50799,delete_record,concurrency,pass,concurrent-matches-sequential,4 overlapping calls left the same shape of state as the same 4 calls run one at a time.,runs/census-v5/felores-airtable-mcp-server-dt-census-1.dt.jsonl
@felores/airtable-mcp-server,npm:@felores/airtable-mcp-server@0.3.0,50799,get_record,answer-stability,pass,answer-reproducible,Two identical calls returned identical answers.,runs/census-v5/felores-airtable-mcp-server-dt-census-1.dt.jsonl
@felores/airtable-mcp-server,npm:@felores/airtable-mcp-server@0.3.0,50799,get_record,idempotency,skip,no-observable-effect,"A successful call produced no observable state change, so retry safety cannot be decided by this oracle.",runs/census-v5/felores-airtable-mcp-server-dt-census-1.dt.jsonl
@felores/airtable-mcp-server,npm:@felores/airtable-mcp-server@0.3.0,50799,get_record,partial-failure,skip,no-observable-effect,"A clean call produced no observable state change, so an interrupted one cannot be judged by this oracle.",runs/census-v5/felores-airtable-mcp-server-dt-census-1.dt.jsonl
@felores/airtable-mcp-server,npm:@felores/airtable-mcp-server@0.3.0,50799,get_record,upstream-idempotency,pass,upstream-reads-only,"The call only reads upstream (GET api.airtable.com/v0/dt-4f4c41/dt-4f4c41/dt-4f4c41), so a retry cannot duplicate anything, both on the live connection and after a reconnect.",runs/census-v5/felores-airtable-mcp-server-dt-census-1.dt.jsonl
@felores/airtable-mcp-server,npm:@felores/airtable-mcp-server@0.3.0,50799,get_record,concurrency,skip,no-observable-effect,"Calls succeed but leave nothing this oracle can see, so overlapping them cannot be judged.",runs/census-v5/felores-airtable-mcp-server-dt-census-1.dt.jsonl
@felores/airtable-mcp-server,npm:@felores/airtable-mcp-server@0.3.0,50799,list_bases,answer-stability,pass,answer-reproducible,Two identical calls returned identical answers.,runs/census-v5/felores-airtable-mcp-server-dt-census-1.dt.jsonl
@felores/airtable-mcp-server,npm:@felores/airtable-mcp-server@0.3.0,50799,list_bases,idempotency,skip,no-observable-effect,"A successful call produced no observable state change, so retry safety cannot be decided by this oracle.",runs/census-v5/felores-airtable-mcp-server-dt-census-1.dt.jsonl
@felores/airtable-mcp-server,npm:@felores/airtable-mcp-server@0.3.0,50799,list_bases,partial-failure,skip,no-observable-effect,"A clean call produced no observable state change, so an interrupted one cannot be judged by this oracle.",runs/census-v5/felores-airtable-mcp-server-dt-census-1.dt.jsonl
@felores/airtable-mcp-server,npm:@felores/airtable-mcp-server@0.3.0,50799,list_bases,upstream-idempotency,pass,upstream-reads-only,"The call only reads upstream (GET api.airtable.com/v0/meta/bases), so a retry cannot duplicate anything, both on the live connection and after a reconnect.",runs/census-v5/felores-airtable-mcp-server-dt-census-1.dt.jsonl
@felores/airtable-mcp-server,npm:@felores/airtable-mcp-server@0.3.0,50799,list_bases,concurrency,skip,no-observable-effect,"Calls succeed but leave nothing this oracle can see, so overlapping them cannot be judged.",runs/census-v5/felores-airtable-mcp-server-dt-census-1.dt.jsonl
@felores/airtable-mcp-server,npm:@felores/airtable-mcp-server@0.3.0,50799,list_records,answer-stability,pass,answer-reproducible,Two identical calls returned identical answers.,runs/census-v5/felores-airtable-mcp-server-dt-census-1.dt.jsonl
@felores/airtable-mcp-server,npm:@felores/airtable-mcp-server@0.3.0,50799,list_records,idempotency,skip,no-observable-effect,"A successful call produced no observable state change, so retry safety cannot be decided by this oracle.",runs/census-v5/felores-airtable-mcp-server-dt-census-1.dt.jsonl
@felores/airtable-mcp-server,npm:@felores/airtable-mcp-server@0.3.0,50799,list_records,partial-failure,skip,no-observable-effect,"A clean call produced no observable state change, so an interrupted one cannot be judged by this oracle.",runs/census-v5/felores-airtable-mcp-server-dt-census-1.dt.jsonl
@felores/airtable-mcp-server,npm:@felores/airtable-mcp-server@0.3.0,50799,list_records,upstream-idempotency,pass,upstream-reads-only,"The call only reads upstream (GET api.airtable.com/v0/dt-da9fcc/dt-da9fcc), so a retry cannot duplicate anything, both on the live connection and after a reconnect.",runs/census-v5/felores-airtable-mcp-server-dt-census-1.dt.jsonl
@felores/airtable-mcp-server,npm:@felores/airtable-mcp-server@0.3.0,50799,list_records,concurrency,skip,no-observable-effect,"Calls succeed but leave nothing this oracle can see, so overlapping them cannot be judged.",runs/census-v5/felores-airtable-mcp-server-dt-census-1.dt.jsonl
@felores/airtable-mcp-server,npm:@felores/airtable-mcp-server@0.3.0,50799,list_tables,answer-stability,pass,answer-reproducible,Two identical calls returned identical answers.,runs/census-v5/felores-airtable-mcp-server-dt-census-1.dt.jsonl
@felores/airtable-mcp-server,npm:@felores/airtable-mcp-server@0.3.0,50799,list_tables,idempotency,skip,no-observable-effect,"A successful call produced no observable state change, so retry safety cannot be decided by this oracle.",runs/census-v5/felores-airtable-mcp-server-dt-census-1.dt.jsonl
@felores/airtable-mcp-server,npm:@felores/airtable-mcp-server@0.3.0,50799,list_tables,partial-failure,skip,no-observable-effect,"A clean call produced no observable state change, so an interrupted one cannot be judged by this oracle.",runs/census-v5/felores-airtable-mcp-server-dt-census-1.dt.jsonl
@felores/airtable-mcp-server,npm:@felores/airtable-mcp-server@0.3.0,50799,list_tables,upstream-idempotency,pass,upstream-reads-only,"The call only reads upstream (GET api.airtable.com/v0/meta/bases/dt-a407f7/tables), so a retry cannot duplicate anything, both on the live connection and after a reconnect.",runs/census-v5/felores-airtable-mcp-server-dt-census-1.dt.jsonl
@felores/airtable-mcp-server,npm:@felores/airtable-mcp-server@0.3.0,50799,list_tables,concurrency,skip,no-observable-effect,"Calls succeed but leave nothing this oracle can see, so overlapping them cannot be judged.",runs/census-v5/felores-airtable-mcp-server-dt-census-1.dt.jsonl
@ironbee-ai/devtools,npm:@ironbee-ai/devtools@0.45.0,46365,a11y_take-aria-snapshot,idempotency,skip,call-failed,"The first call did not succeed, so no retry behaviour could be observed.",runs/census-v5/ironbee-ai-devtools-dt-census-1.dt.jsonl
@ironbee-ai/devtools,npm:@ironbee-ai/devtools@0.45.0,46365,a11y_take-aria-snapshot,partial-failure,skip,call-failed,"An uninterrupted call did not succeed, so there is no reference effect to interrupt.",runs/census-v5/ironbee-ai-devtools-dt-census-1.dt.jsonl
@ironbee-ai/devtools,npm:@ironbee-ai/devtools@0.45.0,46365,a11y_take-aria-snapshot,upstream-idempotency,pass,upstream-reads-only,"The call only reads upstream (GET <upstream>:443/json/version, GET <upstream>:443/json/list, GET <upstream>/devtools/browser), so a retry cannot duplicate anything, both on the live connection and after a reconnect.",runs/census-v5/ironbee-ai-devtools-dt-census-1.dt.jsonl
@ironbee-ai/devtools,npm:@ironbee-ai/devtools@0.45.0,46365,a11y_take-aria-snapshot,concurrency,skip,call-failed,"No call succeeded even one at a time, so there is no correct behaviour to compare against.",runs/census-v5/ironbee-ai-devtools-dt-census-1.dt.jsonl
@ironbee-ai/devtools,npm:@ironbee-ai/devtools@0.45.0,46365,a11y_take-ax-tree-snapshot,idempotency,skip,call-failed,"The first call did not succeed, so no retry behaviour could be observed.",runs/census-v5/ironbee-ai-devtools-dt-census-1.dt.jsonl
@ironbee-ai/devtools,npm:@ironbee-ai/devtools@0.45.0,46365,a11y_take-ax-tree-snapshot,partial-failure,skip,call-failed,"An uninterrupted call did not succeed, so there is no reference effect to interrupt.",runs/census-v5/ironbee-ai-devtools-dt-census-1.dt.jsonl
@ironbee-ai/devtools,npm:@ironbee-ai/devtools@0.45.0,46365,a11y_take-ax-tree-snapshot,upstream-idempotency,pass,upstream-reads-only,"The call only reads upstream (GET <upstream>:443/json/version, GET <upstream>:443/json/list, GET <upstream>/devtools/browser), so a retry cannot duplicate anything, both on the live connection and after a reconnect.",runs/census-v5/ironbee-ai-devtools-dt-census-1.dt.jsonl
@ironbee-ai/devtools,npm:@ironbee-ai/devtools@0.45.0,46365,a11y_take-ax-tree-snapshot,concurrency,skip,call-failed,"No call succeeded even one at a time, so there is no correct behaviour to compare against.",runs/census-v5/ironbee-ai-devtools-dt-census-1.dt.jsonl
@ironbee-ai/devtools,npm:@ironbee-ai/devtools@0.45.0,46365,content_get-as-html,idempotency,skip,call-failed,"The first call did not succeed, so no retry behaviour could be observed.",runs/census-v5/ironbee-ai-devtools-dt-census-1.dt.jsonl
@ironbee-ai/devtools,npm:@ironbee-ai/devtools@0.45.0,46365,content_get-as-html,partial-failure,skip,call-failed,"An uninterrupted call did not succeed, so there is no reference effect to interrupt.",runs/census-v5/ironbee-ai-devtools-dt-census-1.dt.jsonl
@ironbee-ai/devtools,npm:@ironbee-ai/devtools@0.45.0,46365,content_get-as-html,upstream-idempotency,pass,upstream-reads-only,"The call only reads upstream (GET <upstream>:443/json/version, GET <upstream>:443/json/list, GET <upstream>/devtools/browser), so a retry cannot duplicate anything, both on the live connection and after a reconnect.",runs/census-v5/ironbee-ai-devtools-dt-census-1.dt.jsonl
@ironbee-ai/devtools,npm:@ironbee-ai/devtools@0.45.0,46365,content_get-as-html,concurrency,skip,call-failed,"No call succeeded even one at a time, so there is no correct behaviour to compare against.",runs/census-v5/ironbee-ai-devtools-dt-census-1.dt.jsonl
@ironbee-ai/devtools,npm:@ironbee-ai/devtools@0.45.0,46365,content_get-as-text,idempotency,skip,call-failed,"The first call did not succeed, so no retry behaviour could be observed.",runs/census-v5/ironbee-ai-devtools-dt-census-1.dt.jsonl
@ironbee-ai/devtools,npm:@ironbee-ai/devtools@0.45.0,46365,content_get-as-text,partial-failure,skip,call-failed,"An uninterrupted call did not succeed, so there is no reference effect to interrupt.",runs/census-v5/ironbee-ai-devtools-dt-census-1.dt.jsonl
@ironbee-ai/devtools,npm:@ironbee-ai/devtools@0.45.0,46365,content_get-as-text,upstream-idempotency,pass,upstream-reads-only,"The call only reads upstream (GET <upstream>:443/json/version, GET <upstream>:443/json/list, GET <upstream>/devtools/browser), so a retry cannot duplicate anything, both on the live connection and after a reconnect.",runs/census-v5/ironbee-ai-devtools-dt-census-1.dt.jsonl
@ironbee-ai/devtools,npm:@ironbee-ai/devtools@0.45.0,46365,content_get-as-text,concurrency,skip,call-failed,"No call succeeded even one at a time, so there is no correct behaviour to compare against.",runs/census-v5/ironbee-ai-devtools-dt-census-1.dt.jsonl
@ironbee-ai/devtools,npm:@ironbee-ai/devtools@0.45.0,46365,content_save-as-pdf,idempotency,skip,call-failed,"The first call did not succeed, so no retry behaviour could be observed.",runs/census-v5/ironbee-ai-devtools-dt-census-1.dt.jsonl
@ironbee-ai/devtools,npm:@ironbee-ai/devtools@0.45.0,46365,content_save-as-pdf,partial-failure,skip,call-failed,"An uninterrupted call did not succeed, so there is no reference effect to interrupt.",runs/census-v5/ironbee-ai-devtools-dt-census-1.dt.jsonl
@ironbee-ai/devtools,npm:@ironbee-ai/devtools@0.45.0,46365,content_save-as-pdf,upstream-idempotency,pass,upstream-reads-only,"The call only reads upstream (GET <upstream>:443/json/version, GET <upstream>:443/json/list, GET <upstream>/devtools/browser), so a retry cannot duplicate anything, both on the live connection and after a reconnect.",runs/census-v5/ironbee-ai-devtools-dt-census-1.dt.jsonl
@ironbee-ai/devtools,npm:@ironbee-ai/devtools@0.45.0,46365,content_save-as-pdf,concurrency,skip,call-failed,"No call succeeded even one at a time, so there is no correct behaviour to compare against.",runs/census-v5/ironbee-ai-devtools-dt-census-1.dt.jsonl
@ironbee-ai/devtools,npm:@ironbee-ai/devtools@0.45.0,46365,content_start-recording,idempotency,skip,call-failed,"The first call did not succeed, so no retry behaviour could be observed.",runs/census-v5/ironbee-ai-devtools-dt-census-1.dt.jsonl
@ironbee-ai/devtools,npm:@ironbee-ai/devtools@0.45.0,46365,content_start-recording,partial-failure,skip,call-failed,"An uninterrupted call did not succeed, so there is no reference effect to interrupt.",runs/census-v5/ironbee-ai-devtools-dt-census-1.dt.jsonl
@ironbee-ai/devtools,npm:@ironbee-ai/devtools@0.45.0,46365,content_start-recording,upstream-idempotency,pass,upstream-reads-only,"The call only reads upstream (GET <upstream>:443/json/version, GET <upstream>:443/json/list, GET <upstream>/devtools/browser), so a retry cannot duplicate anything, both on the live connection and after a reconnect.",runs/census-v5/ironbee-ai-devtools-dt-census-1.dt.jsonl
@ironbee-ai/devtools,npm:@ironbee-ai/devtools@0.45.0,46365,content_start-recording,concurrency,skip,call-failed,"No call succeeded even one at a time, so there is no correct behaviour to compare against.",runs/census-v5/ironbee-ai-devtools-dt-census-1.dt.jsonl
@ironbee-ai/devtools,npm:@ironbee-ai/devtools@0.45.0,46365,content_stop-recording,idempotency,skip,call-failed,"The first call did not succeed, so no retry behaviour could be observed.",runs/census-v5/ironbee-ai-devtools-dt-census-1.dt.jsonl
@ironbee-ai/devtools,npm:@ironbee-ai/devtools@0.45.0,46365,content_stop-recording,partial-failure,skip,call-failed,"An uninterrupted call did not succeed, so there is no reference effect to interrupt.",runs/census-v5/ironbee-ai-devtools-dt-census-1.dt.jsonl
@ironbee-ai/devtools,npm:@ironbee-ai/devtools@0.45.0,46365,content_stop-recording,upstream-idempotency,pass,upstream-reads-only,"The call only reads upstream (GET <upstream>:443/json/version, GET <upstream>:443/json/list, GET <upstream>/devtools/browser), so a retry cannot duplicate anything, both on the live connection and after a reconnect.",runs/census-v5/ironbee-ai-devtools-dt-census-1.dt.jsonl
@ironbee-ai/devtools,npm:@ironbee-ai/devtools@0.45.0,46365,content_stop-recording,concurrency,skip,call-failed,"No call succeeded even one at a time, so there is no correct behaviour to compare against.",runs/census-v5/ironbee-ai-devtools-dt-census-1.dt.jsonl
@ironbee-ai/devtools,npm:@ironbee-ai/devtools@0.45.0,46365,content_take-screenshot,idempotency,skip,call-failed,"The first call did not succeed, so no retry behaviour could be observed.",runs/census-v5/ironbee-ai-devtools-dt-census-1.dt.jsonl
@ironbee-ai/devtools,npm:@ironbee-ai/devtools@0.45.0,46365,content_take-screenshot,partial-failure,skip,call-failed,"An uninterrupted call did not succeed, so there is no reference effect to interrupt.",runs/census-v5/ironbee-ai-devtools-dt-census-1.dt.jsonl
@ironbee-ai/devtools,npm:@ironbee-ai/devtools@0.45.0,46365,content_take-screenshot,upstream-idempotency,pass,upstream-reads-only,"The call only reads upstream (GET <upstream>:443/json/version, GET <upstream>:443/json/list, GET <upstream>/devtools/browser), so a retry cannot duplicate anything, both on the live connection and after a reconnect.",runs/census-v5/ironbee-ai-devtools-dt-census-1.dt.jsonl
@ironbee-ai/devtools,npm:@ironbee-ai/devtools@0.45.0,46365,content_take-screenshot,concurrency,skip,call-failed,"No call succeeded even one at a time, so there is no correct behaviour to compare against.",runs/census-v5/ironbee-ai-devtools-dt-census-1.dt.jsonl
@drawio/mcp,npm:@drawio/mcp@1.5.0,45206,get_page,idempotency,skip,call-failed,"The first call did not succeed, so no retry behaviour could be observed.",runs/census-v5/drawio-mcp-dt-census-1.dt.jsonl
@drawio/mcp,npm:@drawio/mcp@1.5.0,45206,get_page,partial-failure,skip,call-failed,"An uninterrupted call did not succeed, so there is no reference effect to interrupt.",runs/census-v5/drawio-mcp-dt-census-1.dt.jsonl
@drawio/mcp,npm:@drawio/mcp@1.5.0,45206,get_page,upstream-idempotency,skip,no-upstream-call,"The call sent nothing upstream, so there is no remote side effect to retry.",runs/census-v5/drawio-mcp-dt-census-1.dt.jsonl
@drawio/mcp,npm:@drawio/mcp@1.5.0,45206,get_page,concurrency,skip,call-failed,"No call succeeded even one at a time, so there is no correct behaviour to compare against.",runs/census-v5/drawio-mcp-dt-census-1.dt.jsonl
@drawio/mcp,npm:@drawio/mcp@1.5.0,45206,list_pages,idempotency,skip,call-failed,"The first call did not succeed, so no retry behaviour could be observed.",runs/census-v5/drawio-mcp-dt-census-1.dt.jsonl
@drawio/mcp,npm:@drawio/mcp@1.5.0,45206,list_pages,partial-failure,skip,call-failed,"An uninterrupted call did not succeed, so there is no reference effect to interrupt.",runs/census-v5/drawio-mcp-dt-census-1.dt.jsonl
@drawio/mcp,npm:@drawio/mcp@1.5.0,45206,list_pages,upstream-idempotency,skip,no-upstream-call,"The call sent nothing upstream, so there is no remote side effect to retry.",runs/census-v5/drawio-mcp-dt-census-1.dt.jsonl
@drawio/mcp,npm:@drawio/mcp@1.5.0,45206,list_pages,concurrency,skip,call-failed,"No call succeeded even one at a time, so there is no correct behaviour to compare against.",runs/census-v5/drawio-mcp-dt-census-1.dt.jsonl
@drawio/mcp,npm:@drawio/mcp@1.5.0,45206,open_drawio_csv,idempotency,skip,call-failed,"The first call did not succeed, so no retry behaviour could be observed.",runs/census-v5/drawio-mcp-dt-census-1.dt.jsonl
@drawio/mcp,npm:@drawio/mcp@1.5.0,45206,open_drawio_csv,partial-failure,skip,call-failed,"An uninterrupted call did not succeed, so there is no reference effect to interrupt.",runs/census-v5/drawio-mcp-dt-census-1.dt.jsonl
@drawio/mcp,npm:@drawio/mcp@1.5.0,45206,open_drawio_csv,upstream-idempotency,skip,no-upstream-call,"The call sent nothing upstream, so there is no remote side effect to retry.",runs/census-v5/drawio-mcp-dt-census-1.dt.jsonl
@drawio/mcp,npm:@drawio/mcp@1.5.0,45206,open_drawio_csv,concurrency,skip,call-failed,"No call succeeded even one at a time, so there is no correct behaviour to compare against.",runs/census-v5/drawio-mcp-dt-census-1.dt.jsonl
@drawio/mcp,npm:@drawio/mcp@1.5.0,45206,open_drawio_mermaid,idempotency,skip,call-failed,"The first call did not succeed, so no retry behaviour could be observed.",runs/census-v5/drawio-mcp-dt-census-1.dt.jsonl
@drawio/mcp,npm:@drawio/mcp@1.5.0,45206,open_drawio_mermaid,partial-failure,skip,call-failed,"An uninterrupted call did not succeed, so there is no reference effect to interrupt.",runs/census-v5/drawio-mcp-dt-census-1.dt.jsonl
@drawio/mcp,npm:@drawio/mcp@1.5.0,45206,open_drawio_mermaid,upstream-idempotency,skip,no-upstream-call,"The call sent nothing upstream, so there is no remote side effect to retry.",runs/census-v5/drawio-mcp-dt-census-1.dt.jsonl
@drawio/mcp,npm:@drawio/mcp@1.5.0,45206,open_drawio_mermaid,concurrency,skip,call-failed,"No call succeeded even one at a time, so there is no correct behaviour to compare against.",runs/census-v5/drawio-mcp-dt-census-1.dt.jsonl
@drawio/mcp,npm:@drawio/mcp@1.5.0,45206,open_drawio_xml,idempotency,skip,call-failed,"The first call did not succeed, so no retry behaviour could be observed.",runs/census-v5/drawio-mcp-dt-census-1.dt.jsonl
@drawio/mcp,npm:@drawio/mcp@1.5.0,45206,open_drawio_xml,partial-failure,skip,call-failed,"An uninterrupted call did not succeed, so there is no reference effect to interrupt.",runs/census-v5/drawio-mcp-dt-census-1.dt.jsonl
@drawio/mcp,npm:@drawio/mcp@1.5.0,45206,open_drawio_xml,upstream-idempotency,skip,no-upstream-call,"The call sent nothing upstream, so there is no remote side effect to retry.",runs/census-v5/drawio-mcp-dt-census-1.dt.jsonl
@drawio/mcp,npm:@drawio/mcp@1.5.0,45206,open_drawio_xml,concurrency,skip,call-failed,"No call succeeded even one at a time, so there is no correct behaviour to compare against.",runs/census-v5/drawio-mcp-dt-census-1.dt.jsonl
@drawio/mcp,npm:@drawio/mcp@1.5.0,45206,search_shapes,answer-stability,pass,answer-reproducible,Two identical calls returned identical answers.,runs/census-v5/drawio-mcp-dt-census-1.dt.jsonl
@drawio/mcp,npm:@drawio/mcp@1.5.0,45206,search_shapes,idempotency,skip,no-observable-effect,"A successful call produced no observable state change, so retry safety cannot be decided by this oracle.",runs/census-v5/drawio-mcp-dt-census-1.dt.jsonl
@drawio/mcp,npm:@drawio/mcp@1.5.0,45206,search_shapes,partial-failure,skip,no-observable-effect,"A clean call produced no observable state change, so an interrupted one cannot be judged by this oracle.",runs/census-v5/drawio-mcp-dt-census-1.dt.jsonl
@drawio/mcp,npm:@drawio/mcp@1.5.0,45206,search_shapes,upstream-idempotency,pass,upstream-reads-only,"The call only reads upstream (GET cdn.jsdelivr.net/gh/jgraph/drawio-mcp@main/shape-search/search-index.json, GET icons.diagrams.net/api/icons/search), so a retry cannot duplicate anything, both on the live connection and after a reconnect.",runs/census-v5/drawio-mcp-dt-census-1.dt.jsonl
@drawio/mcp,npm:@drawio/mcp@1.5.0,45206,search_shapes,concurrency,skip,no-observable-effect,"Calls succeed but leave nothing this oracle can see, so overlapping them cannot be judged.",runs/census-v5/drawio-mcp-dt-census-1.dt.jsonl
@drawio/mcp,npm:@drawio/mcp@1.5.0,45206,set_page,idempotency,skip,call-failed,"The first call did not succeed, so no retry behaviour could be observed.",runs/census-v5/drawio-mcp-dt-census-1.dt.jsonl
@drawio/mcp,npm:@drawio/mcp@1.5.0,45206,set_page,partial-failure,skip,call-failed,"An uninterrupted call did not succeed, so there is no reference effect to interrupt.",runs/census-v5/drawio-mcp-dt-census-1.dt.jsonl
@drawio/mcp,npm:@drawio/mcp@1.5.0,45206,set_page,upstream-idempotency,skip,no-upstream-call,"The call sent nothing upstream, so there is no remote side effect to retry.",runs/census-v5/drawio-mcp-dt-census-1.dt.jsonl
@drawio/mcp,npm:@drawio/mcp@1.5.0,45206,set_page,concurrency,skip,call-failed,"No call succeeded even one at a time, so there is no correct behaviour to compare against.",runs/census-v5/drawio-mcp-dt-census-1.dt.jsonl
igniteui-theming,npm:igniteui-theming@28.1.1,45080,create_component_theme,idempotency,skip,call-failed,"The first call did not succeed, so no retry behaviour could be observed.",runs/census-v5/igniteui-theming-dt-census-1.dt.jsonl
igniteui-theming,npm:igniteui-theming@28.1.1,45080,create_component_theme,partial-failure,skip,call-failed,"An uninterrupted call did not succeed, so there is no reference effect to interrupt.",runs/census-v5/igniteui-theming-dt-census-1.dt.jsonl
igniteui-theming,npm:igniteui-theming@28.1.1,45080,create_component_theme,upstream-idempotency,skip,no-upstream-call,"The call sent nothing upstream, so there is no remote side effect to retry.",runs/census-v5/igniteui-theming-dt-census-1.dt.jsonl
igniteui-theming,npm:igniteui-theming@28.1.1,45080,create_component_theme,concurrency,skip,call-failed,"No call succeeded even one at a time, so there is no correct behaviour to compare against.",runs/census-v5/igniteui-theming-dt-census-1.dt.jsonl
igniteui-theming,npm:igniteui-theming@28.1.1,45080,create_custom_palette,idempotency,skip,call-failed,"The first call did not succeed, so no retry behaviour could be observed.",runs/census-v5/igniteui-theming-dt-census-1.dt.jsonl
igniteui-theming,npm:igniteui-theming@28.1.1,45080,create_custom_palette,partial-failure,skip,call-failed,"An uninterrupted call did not succeed, so there is no reference effect to interrupt.",runs/census-v5/igniteui-theming-dt-census-1.dt.jsonl
igniteui-theming,npm:igniteui-theming@28.1.1,45080,create_custom_palette,upstream-idempotency,skip,no-upstream-call,"The call sent nothing upstream, so there is no remote side effect to retry.",runs/census-v5/igniteui-theming-dt-census-1.dt.jsonl
igniteui-theming,npm:igniteui-theming@28.1.1,45080,create_custom_palette,concurrency,skip,call-failed,"No call succeeded even one at a time, so there is no correct behaviour to compare against.",runs/census-v5/igniteui-theming-dt-census-1.dt.jsonl
igniteui-theming,npm:igniteui-theming@28.1.1,45080,create_elevations,idempotency,skip,call-failed,"The first call did not succeed, so no retry behaviour could be observed.",runs/census-v5/igniteui-theming-dt-census-1.dt.jsonl
igniteui-theming,npm:igniteui-theming@28.1.1,45080,create_elevations,partial-failure,skip,call-failed,"An uninterrupted call did not succeed, so there is no reference effect to interrupt.",runs/census-v5/igniteui-theming-dt-census-1.dt.jsonl
igniteui-theming,npm:igniteui-theming@28.1.1,45080,create_elevations,upstream-idempotency,skip,no-upstream-call,"The call sent nothing upstream, so there is no remote side effect to retry.",runs/census-v5/igniteui-theming-dt-census-1.dt.jsonl
igniteui-theming,npm:igniteui-theming@28.1.1,45080,create_elevations,concurrency,skip,call-failed,"No call succeeded even one at a time, so there is no correct behaviour to compare against.",runs/census-v5/igniteui-theming-dt-census-1.dt.jsonl
igniteui-theming,npm:igniteui-theming@28.1.1,45080,create_palette,idempotency,skip,call-failed,"The first call did not succeed, so no retry behaviour could be observed.",runs/census-v5/igniteui-theming-dt-census-1.dt.jsonl
igniteui-theming,npm:igniteui-theming@28.1.1,45080,create_palette,partial-failure,skip,call-failed,"An uninterrupted call did not succeed, so there is no reference effect to interrupt.",runs/census-v5/igniteui-theming-dt-census-1.dt.jsonl
igniteui-theming,npm:igniteui-theming@28.1.1,45080,create_palette,upstream-idempotency,skip,no-upstream-call,"The call sent nothing upstream, so there is no remote side effect to retry.",runs/census-v5/igniteui-theming-dt-census-1.dt.jsonl
igniteui-theming,npm:igniteui-theming@28.1.1,45080,create_palette,concurrency,skip,call-failed,"No call succeeded even one at a time, so there is no correct behaviour to compare against.",runs/census-v5/igniteui-theming-dt-census-1.dt.jsonl
igniteui-theming,npm:igniteui-theming@28.1.1,45080,create_theme,idempotency,skip,call-failed,"The first call did not succeed, so no retry behaviour could be observed.",runs/census-v5/igniteui-theming-dt-census-1.dt.jsonl
igniteui-theming,npm:igniteui-theming@28.1.1,45080,create_theme,partial-failure,skip,call-failed,"An uninterrupted call did not succeed, so there is no reference effect to interrupt.",runs/census-v5/igniteui-theming-dt-census-1.dt.jsonl
igniteui-theming,npm:igniteui-theming@28.1.1,45080,create_theme,upstream-idempotency,skip,no-upstream-call,"The call sent nothing upstream, so there is no remote side effect to retry.",runs/census-v5/igniteui-theming-dt-census-1.dt.jsonl
igniteui-theming,npm:igniteui-theming@28.1.1,45080,create_theme,concurrency,skip,call-failed,"No call succeeded even one at a time, so there is no correct behaviour to compare against.",runs/census-v5/igniteui-theming-dt-census-1.dt.jsonl
igniteui-theming,npm:igniteui-theming@28.1.1,45080,create_typography,idempotency,skip,call-failed,"The first call did not succeed, so no retry behaviour could be observed.",runs/census-v5/igniteui-theming-dt-census-1.dt.jsonl
igniteui-theming,npm:igniteui-theming@28.1.1,45080,create_typography,partial-failure,skip,call-failed,"An uninterrupted call did not succeed, so there is no reference effect to interrupt.",runs/census-v5/igniteui-theming-dt-census-1.dt.jsonl
igniteui-theming,npm:igniteui-theming@28.1.1,45080,create_typography,upstream-idempotency,skip,no-upstream-call,"The call sent nothing upstream, so there is no remote side effect to retry.",runs/census-v5/igniteui-theming-dt-census-1.dt.jsonl
igniteui-theming,npm:igniteui-theming@28.1.1,45080,create_typography,concurrency,skip,call-failed,"No call succeeded even one at a time, so there is no correct behaviour to compare against.",runs/census-v5/igniteui-theming-dt-census-1.dt.jsonl
igniteui-theming,npm:igniteui-theming@28.1.1,45080,detect_platform,answer-stability,pass,answer-reproducible,Two identical calls returned identical answers.,runs/census-v5/igniteui-theming-dt-census-1.dt.jsonl
igniteui-theming,npm:igniteui-theming@28.1.1,45080,detect_platform,idempotency,skip,no-observable-effect,"A successful call produced no observable state change, so retry safety cannot be decided by this oracle.",runs/census-v5/igniteui-theming-dt-census-1.dt.jsonl
igniteui-theming,npm:igniteui-theming@28.1.1,45080,detect_platform,partial-failure,skip,no-observable-effect,"A clean call produced no observable state change, so an interrupted one cannot be judged by this oracle.",runs/census-v5/igniteui-theming-dt-census-1.dt.jsonl
igniteui-theming,npm:igniteui-theming@28.1.1,45080,detect_platform,upstream-idempotency,skip,no-upstream-call,"The call sent nothing upstream, so there is no remote side effect to retry.",runs/census-v5/igniteui-theming-dt-census-1.dt.jsonl
igniteui-theming,npm:igniteui-theming@28.1.1,45080,detect_platform,concurrency,skip,no-observable-effect,"Calls succeed but leave nothing this oracle can see, so overlapping them cannot be judged.",runs/census-v5/igniteui-theming-dt-census-1.dt.jsonl
igniteui-theming,npm:igniteui-theming@28.1.1,45080,get_chart_series_colors,answer-stability,pass,answer-reproducible,Two identical calls returned identical answers.,runs/census-v5/igniteui-theming-dt-census-1.dt.jsonl
igniteui-theming,npm:igniteui-theming@28.1.1,45080,get_chart_series_colors,idempotency,skip,no-observable-effect,"A successful call produced no observable state change, so retry safety cannot be decided by this oracle.",runs/census-v5/igniteui-theming-dt-census-1.dt.jsonl
igniteui-theming,npm:igniteui-theming@28.1.1,45080,get_chart_series_colors,partial-failure,skip,no-observable-effect,"A clean call produced no observable state change, so an interrupted one cannot be judged by this oracle.",runs/census-v5/igniteui-theming-dt-census-1.dt.jsonl
igniteui-theming,npm:igniteui-theming@28.1.1,45080,get_chart_series_colors,upstream-idempotency,skip,no-upstream-call,"The call sent nothing upstream, so there is no remote side effect to retry.",runs/census-v5/igniteui-theming-dt-census-1.dt.jsonl
igniteui-theming,npm:igniteui-theming@28.1.1,45080,get_chart_series_colors,concurrency,skip,no-observable-effect,"Calls succeed but leave nothing this oracle can see, so overlapping them cannot be judged.",runs/census-v5/igniteui-theming-dt-census-1.dt.jsonl
@sellable/mcp,npm:@sellable/mcp@0.1.920,44522,add_column,answer-stability,pass,answer-reproducible,Two identical calls returned identical answers.,runs/census-v5/sellable-mcp-dt-census-1.dt.jsonl
@sellable/mcp,npm:@sellable/mcp@0.1.920,44522,add_column,idempotency,skip,no-observable-effect,"A successful call produced no observable state change, so retry safety cannot be decided by this oracle.",runs/census-v5/sellable-mcp-dt-census-1.dt.jsonl
@sellable/mcp,npm:@sellable/mcp@0.1.920,44522,add_column,partial-failure,skip,no-observable-effect,"A clean call produced no observable state change, so an interrupted one cannot be judged by this oracle.",runs/census-v5/sellable-mcp-dt-census-1.dt.jsonl
@sellable/mcp,npm:@sellable/mcp@0.1.920,44522,add_column,upstream-idempotency,skip,no-upstream-call,"The call sent nothing upstream, so there is no remote side effect to retry.",runs/census-v5/sellable-mcp-dt-census-1.dt.jsonl
@sellable/mcp,npm:@sellable/mcp@0.1.920,44522,add_column,concurrency,skip,no-observable-effect,"Calls succeed but leave nothing this oracle can see, so overlapping them cannot be judged.",runs/census-v5/sellable-mcp-dt-census-1.dt.jsonl
@sellable/mcp,npm:@sellable/mcp@0.1.920,44522,add_on_demand_leads,idempotency,skip,call-failed,"The first call did not succeed, so no retry behaviour could be observed.",runs/census-v5/sellable-mcp-dt-census-1.dt.jsonl
@sellable/mcp,npm:@sellable/mcp@0.1.920,44522,add_on_demand_leads,partial-failure,skip,call-failed,"An uninterrupted call did not succeed, so there is no reference effect to interrupt.",runs/census-v5/sellable-mcp-dt-census-1.dt.jsonl
@sellable/mcp,npm:@sellable/mcp@0.1.920,44522,add_on_demand_leads,upstream-idempotency,skip,no-upstream-call,"The call sent nothing upstream, so there is no remote side effect to retry.",runs/census-v5/sellable-mcp-dt-census-1.dt.jsonl
@sellable/mcp,npm:@sellable/mcp@0.1.920,44522,add_on_demand_leads,concurrency,skip,call-failed,"No call succeeded even one at a time, so there is no correct behaviour to compare against.",runs/census-v5/sellable-mcp-dt-census-1.dt.jsonl
@sellable/mcp,npm:@sellable/mcp@0.1.920,44522,add_rubric_item,idempotency,skip,call-failed,"The first call did not succeed, so no retry behaviour could be observed.",runs/census-v5/sellable-mcp-dt-census-1.dt.jsonl
@sellable/mcp,npm:@sellable/mcp@0.1.920,44522,add_rubric_item,partial-failure,skip,call-failed,"An uninterrupted call did not succeed, so there is no reference effect to interrupt.",runs/census-v5/sellable-mcp-dt-census-1.dt.jsonl
@sellable/mcp,npm:@sellable/mcp@0.1.920,44522,add_rubric_item,upstream-idempotency,skip,no-upstream-call,"The call sent nothing upstream, so there is no remote side effect to retry.",runs/census-v5/sellable-mcp-dt-census-1.dt.jsonl
@sellable/mcp,npm:@sellable/mcp@0.1.920,44522,add_rubric_item,concurrency,skip,call-failed,"No call succeeded even one at a time, so there is no correct behaviour to compare against.",runs/census-v5/sellable-mcp-dt-census-1.dt.jsonl
@sellable/mcp,npm:@sellable/mcp@0.1.920,44522,add_teammate,idempotency,skip,call-failed,"The first call did not succeed, so no retry behaviour could be observed.",runs/census-v5/sellable-mcp-dt-census-1.dt.jsonl
@sellable/mcp,npm:@sellable/mcp@0.1.920,44522,add_teammate,partial-failure,skip,call-failed,"An uninterrupted call did not succeed, so there is no reference effect to interrupt.",runs/census-v5/sellable-mcp-dt-census-1.dt.jsonl
@sellable/mcp,npm:@sellable/mcp@0.1.920,44522,add_teammate,upstream-idempotency,skip,no-upstream-call,"The call sent nothing upstream, so there is no remote side effect to retry.",runs/census-v5/sellable-mcp-dt-census-1.dt.jsonl
@sellable/mcp,npm:@sellable/mcp@0.1.920,44522,add_teammate,concurrency,skip,call-failed,"No call succeeded even one at a time, so there is no correct behaviour to compare against.",runs/census-v5/sellable-mcp-dt-census-1.dt.jsonl
@sellable/mcp,npm:@sellable/mcp@0.1.920,44522,add_to_comment_campaign,idempotency,skip,call-failed,"The first call did not succeed, so no retry behaviour could be observed.",runs/census-v5/sellable-mcp-dt-census-1.dt.jsonl
@sellable/mcp,npm:@sellable/mcp@0.1.920,44522,add_to_comment_campaign,partial-failure,skip,call-failed,"An uninterrupted call did not succeed, so there is no reference effect to interrupt.",runs/census-v5/sellable-mcp-dt-census-1.dt.jsonl
@sellable/mcp,npm:@sellable/mcp@0.1.920,44522,add_to_comment_campaign,upstream-idempotency,skip,no-upstream-call,"The call sent nothing upstream, so there is no remote side effect to retry.",runs/census-v5/sellable-mcp-dt-census-1.dt.jsonl
@sellable/mcp,npm:@sellable/mcp@0.1.920,44522,add_to_comment_campaign,concurrency,skip,call-failed,"No call succeeded even one at a time, so there is no correct behaviour to compare against.",runs/census-v5/sellable-mcp-dt-census-1.dt.jsonl
@sellable/mcp,npm:@sellable/mcp@0.1.920,44522,add_to_connection_campaign,idempotency,skip,call-failed,"The first call did not succeed, so no retry behaviour could be observed.",runs/census-v5/sellable-mcp-dt-census-1.dt.jsonl
@sellable/mcp,npm:@sellable/mcp@0.1.920,44522,add_to_connection_campaign,partial-failure,skip,call-failed,"An uninterrupted call did not succeed, so there is no reference effect to interrupt.",runs/census-v5/sellable-mcp-dt-census-1.dt.jsonl
@sellable/mcp,npm:@sellable/mcp@0.1.920,44522,add_to_connection_campaign,upstream-idempotency,skip,no-upstream-call,"The call sent nothing upstream, so there is no remote side effect to retry.",runs/census-v5/sellable-mcp-dt-census-1.dt.jsonl
@sellable/mcp,npm:@sellable/mcp@0.1.920,44522,add_to_connection_campaign,concurrency,skip,call-failed,"No call succeeded even one at a time, so there is no correct behaviour to compare against.",runs/census-v5/sellable-mcp-dt-census-1.dt.jsonl
@sellable/mcp,npm:@sellable/mcp@0.1.920,44522,add_to_inmail_campaign,idempotency,skip,call-failed,"The first call did not succeed, so no retry behaviour could be observed.",runs/census-v5/sellable-mcp-dt-census-1.dt.jsonl
@sellable/mcp,npm:@sellable/mcp@0.1.920,44522,add_to_inmail_campaign,partial-failure,skip,call-failed,"An uninterrupted call did not succeed, so there is no reference effect to interrupt.",runs/census-v5/sellable-mcp-dt-census-1.dt.jsonl
@sellable/mcp,npm:@sellable/mcp@0.1.920,44522,add_to_inmail_campaign,upstream-idempotency,skip,no-upstream-call,"The call sent nothing upstream, so there is no remote side effect to retry.",runs/census-v5/sellable-mcp-dt-census-1.dt.jsonl
@sellable/mcp,npm:@sellable/mcp@0.1.920,44522,add_to_inmail_campaign,concurrency,skip,call-failed,"No call succeeded even one at a time, so there is no correct behaviour to compare against.",runs/census-v5/sellable-mcp-dt-census-1.dt.jsonl
@sellable/mcp,npm:@sellable/mcp@0.1.920,44522,add_to_post_campaign,idempotency,skip,call-failed,"The first call did not succeed, so no retry behaviour could be observed.",runs/census-v5/sellable-mcp-dt-census-1.dt.jsonl
@sellable/mcp,npm:@sellable/mcp@0.1.920,44522,add_to_post_campaign,partial-failure,skip,call-failed,"An uninterrupted call did not succeed, so there is no reference effect to interrupt.",runs/census-v5/sellable-mcp-dt-census-1.dt.jsonl
@sellable/mcp,npm:@sellable/mcp@0.1.920,44522,add_to_post_campaign,upstream-idempotency,skip,no-upstream-call,"The call sent nothing upstream, so there is no remote side effect to retry.",runs/census-v5/sellable-mcp-dt-census-1.dt.jsonl
@sellable/mcp,npm:@sellable/mcp@0.1.920,44522,add_to_post_campaign,concurrency,skip,call-failed,"No call succeeded even one at a time, so there is no correct behaviour to compare against.",runs/census-v5/sellable-mcp-dt-census-1.dt.jsonl
@productbrain/mcp,npm:@productbrain/mcp@0.0.1-beta.5290,43231,capture,idempotency,skip,call-failed,"The first call did not succeed, so no retry behaviour could be observed.",runs/census-v5/productbrain-mcp-dt-census-1.dt.jsonl
@productbrain/mcp,npm:@productbrain/mcp@0.0.1-beta.5290,43231,capture,partial-failure,skip,call-failed,"An uninterrupted call did not succeed, so there is no reference effect to interrupt.",runs/census-v5/productbrain-mcp-dt-census-1.dt.jsonl
@productbrain/mcp,npm:@productbrain/mcp@0.0.1-beta.5290,43231,capture,upstream-idempotency,skip,no-upstream-call,"The call sent nothing upstream, so there is no remote side effect to retry.",runs/census-v5/productbrain-mcp-dt-census-1.dt.jsonl
@productbrain/mcp,npm:@productbrain/mcp@0.0.1-beta.5290,43231,capture,concurrency,skip,call-failed,"No call succeeded even one at a time, so there is no correct behaviour to compare against.",runs/census-v5/productbrain-mcp-dt-census-1.dt.jsonl
@productbrain/mcp,npm:@productbrain/mcp@0.0.1-beta.5290,43231,collections,idempotency,skip,call-failed,"The first call did not succeed, so no retry behaviour could be observed.",runs/census-v5/productbrain-mcp-dt-census-1.dt.jsonl
@productbrain/mcp,npm:@productbrain/mcp@0.0.1-beta.5290,43231,collections,partial-failure,skip,call-failed,"An uninterrupted call did not succeed, so there is no reference effect to interrupt.",runs/census-v5/productbrain-mcp-dt-census-1.dt.jsonl
@productbrain/mcp,npm:@productbrain/mcp@0.0.1-beta.5290,43231,collections,upstream-idempotency,fail,upstream-write-repeated,"The retry re-sends POST gateway.productbrain.io/api/aki with no idempotency header, and the tool declares no readOnlyHint. Either the retry duplicates a write, or the call is a query and the annotation a gateway would use to know that is missing, both on the live connection and after a reconnect.",runs/census-v5/productbrain-mcp-dt-census-1.dt.jsonl
@productbrain/mcp,npm:@productbrain/mcp@0.0.1-beta.5290,43231,collections,concurrency,skip,call-failed,"No call succeeded even one at a time, so there is no correct behaviour to compare against.",runs/census-v5/productbrain-mcp-dt-census-1.dt.jsonl
@productbrain/mcp,npm:@productbrain/mcp@0.0.1-beta.5290,43231,context,idempotency,skip,call-failed,"The first call did not succeed, so no retry behaviour could be observed.",runs/census-v5/productbrain-mcp-dt-census-1.dt.jsonl
@productbrain/mcp,npm:@productbrain/mcp@0.0.1-beta.5290,43231,context,partial-failure,skip,read-only-confirmed,"The tool declares readOnlyHint, so there is no effect to leave half done.",runs/census-v5/productbrain-mcp-dt-census-1.dt.jsonl
@productbrain/mcp,npm:@productbrain/mcp@0.0.1-beta.5290,43231,context,upstream-idempotency,skip,no-upstream-call,"The call sent nothing upstream, so there is no remote side effect to retry.",runs/census-v5/productbrain-mcp-dt-census-1.dt.jsonl
@productbrain/mcp,npm:@productbrain/mcp@0.0.1-beta.5290,43231,context,concurrency,skip,read-only-confirmed,"The tool declares readOnlyHint, so overlapping calls have nothing to corrupt.",runs/census-v5/productbrain-mcp-dt-census-1.dt.jsonl
@productbrain/mcp,npm:@productbrain/mcp@0.0.1-beta.5290,43231,entries,idempotency,skip,call-failed,"The first call did not succeed, so no retry behaviour could be observed.",runs/census-v5/productbrain-mcp-dt-census-1.dt.jsonl
@productbrain/mcp,npm:@productbrain/mcp@0.0.1-beta.5290,43231,entries,partial-failure,skip,call-failed,"An uninterrupted call did not succeed, so there is no reference effect to interrupt.",runs/census-v5/productbrain-mcp-dt-census-1.dt.jsonl
@productbrain/mcp,npm:@productbrain/mcp@0.0.1-beta.5290,43231,entries,upstream-idempotency,fail,upstream-write-repeated,"The retry re-sends POST gateway.productbrain.io/api/aki with no idempotency header, and the tool declares no readOnlyHint. Either the retry duplicates a write, or the call is a query and the annotation a gateway would use to know that is missing, both on the live connection and after a reconnect.",runs/census-v5/productbrain-mcp-dt-census-1.dt.jsonl
@productbrain/mcp,npm:@productbrain/mcp@0.0.1-beta.5290,43231,entries,concurrency,skip,call-failed,"No call succeeded even one at a time, so there is no correct behaviour to compare against.",runs/census-v5/productbrain-mcp-dt-census-1.dt.jsonl
@productbrain/mcp,npm:@productbrain/mcp@0.0.1-beta.5290,43231,feedback,idempotency,skip,call-failed,"The first call did not succeed, so no retry behaviour could be observed.",runs/census-v5/productbrain-mcp-dt-census-1.dt.jsonl
@productbrain/mcp,npm:@productbrain/mcp@0.0.1-beta.5290,43231,feedback,partial-failure,skip,call-failed,"An uninterrupted call did not succeed, so there is no reference effect to interrupt.",runs/census-v5/productbrain-mcp-dt-census-1.dt.jsonl
@productbrain/mcp,npm:@productbrain/mcp@0.0.1-beta.5290,43231,feedback,upstream-idempotency,skip,no-upstream-call,"The call sent nothing upstream, so there is no remote side effect to retry.",runs/census-v5/productbrain-mcp-dt-census-1.dt.jsonl
@productbrain/mcp,npm:@productbrain/mcp@0.0.1-beta.5290,43231,feedback,concurrency,skip,call-failed,"No call succeeded even one at a time, so there is no correct behaviour to compare against.",runs/census-v5/productbrain-mcp-dt-census-1.dt.jsonl
@productbrain/mcp,npm:@productbrain/mcp@0.0.1-beta.5290,43231,orient,answer-stability,fail,answer-not-reproducible,"Two identical calls returned different answers at structuredContent._meta.durationMs, so a retrying client cannot match the second answer to the first.",runs/census-v5/productbrain-mcp-dt-census-1.dt.jsonl
@productbrain/mcp,npm:@productbrain/mcp@0.0.1-beta.5290,43231,orient,idempotency,skip,no-observable-effect,"A successful call produced no observable state change, so retry safety cannot be decided by this oracle.",runs/census-v5/productbrain-mcp-dt-census-1.dt.jsonl
@productbrain/mcp,npm:@productbrain/mcp@0.0.1-beta.5290,43231,orient,partial-failure,skip,no-observable-effect,"A clean call produced no observable state change, so an interrupted one cannot be judged by this oracle.",runs/census-v5/productbrain-mcp-dt-census-1.dt.jsonl
@productbrain/mcp,npm:@productbrain/mcp@0.0.1-beta.5290,43231,orient,upstream-idempotency,fail,upstream-write-repeated,"The retry re-sends POST gateway.productbrain.io/api/aki with no idempotency header, and the tool declares no readOnlyHint. Either the retry duplicates a write, or the call is a query and the annotation a gateway would use to know that is missing, both on the live connection and after a reconnect.",runs/census-v5/productbrain-mcp-dt-census-1.dt.jsonl
@productbrain/mcp,npm:@productbrain/mcp@0.0.1-beta.5290,43231,orient,concurrency,pass,concurrent-matches-sequential,4 overlapping calls left the same shape of state as the same 4 calls run one at a time.,runs/census-v5/productbrain-mcp-dt-census-1.dt.jsonl
@productbrain/mcp,npm:@productbrain/mcp@0.0.1-beta.5290,43231,quality,idempotency,skip,call-failed,"The first call did not succeed, so no retry behaviour could be observed.",runs/census-v5/productbrain-mcp-dt-census-1.dt.jsonl
@productbrain/mcp,npm:@productbrain/mcp@0.0.1-beta.5290,43231,quality,partial-failure,skip,call-failed,"An uninterrupted call did not succeed, so there is no reference effect to interrupt.",runs/census-v5/productbrain-mcp-dt-census-1.dt.jsonl
@productbrain/mcp,npm:@productbrain/mcp@0.0.1-beta.5290,43231,quality,upstream-idempotency,skip,no-upstream-call,"The call sent nothing upstream, so there is no remote side effect to retry.",runs/census-v5/productbrain-mcp-dt-census-1.dt.jsonl
@productbrain/mcp,npm:@productbrain/mcp@0.0.1-beta.5290,43231,quality,concurrency,skip,call-failed,"No call succeeded even one at a time, so there is no correct behaviour to compare against.",runs/census-v5/productbrain-mcp-dt-census-1.dt.jsonl
@productbrain/mcp,npm:@productbrain/mcp@0.0.1-beta.5290,43231,question,idempotency,skip,call-failed,"The first call did not succeed, so no retry behaviour could be observed.",runs/census-v5/productbrain-mcp-dt-census-1.dt.jsonl
@productbrain/mcp,npm:@productbrain/mcp@0.0.1-beta.5290,43231,question,partial-failure,skip,call-failed,"An uninterrupted call did not succeed, so there is no reference effect to interrupt.",runs/census-v5/productbrain-mcp-dt-census-1.dt.jsonl
@productbrain/mcp,npm:@productbrain/mcp@0.0.1-beta.5290,43231,question,upstream-idempotency,skip,no-upstream-call,"The call sent nothing upstream, so there is no remote side effect to retry.",runs/census-v5/productbrain-mcp-dt-census-1.dt.jsonl
@productbrain/mcp,npm:@productbrain/mcp@0.0.1-beta.5290,43231,question,concurrency,skip,call-failed,"No call succeeded even one at a time, so there is no correct behaviour to compare against.",runs/census-v5/productbrain-mcp-dt-census-1.dt.jsonl
fetcher-mcp,npm:fetcher-mcp@0.3.9,38939,browser_install,answer-stability,pass,answer-reproducible,Two identical calls returned identical answers.,runs/census-v5/fetcher-mcp-dt-census-1.dt.jsonl
fetcher-mcp,npm:fetcher-mcp@0.3.9,38939,browser_install,idempotency,skip,no-observable-effect,"A successful call produced no observable state change, so retry safety cannot be decided by this oracle.",runs/census-v5/fetcher-mcp-dt-census-1.dt.jsonl
fetcher-mcp,npm:fetcher-mcp@0.3.9,38939,browser_install,partial-failure,skip,no-observable-effect,"A clean call produced no observable state change, so an interrupted one cannot be judged by this oracle.",runs/census-v5/fetcher-mcp-dt-census-1.dt.jsonl
fetcher-mcp,npm:fetcher-mcp@0.3.9,38939,browser_install,upstream-idempotency,pass,upstream-reads-only,"The call only reads upstream (GET cdn.playwright.dev/builds/cft/151.0.7922.34/mac-x64/chrome-mac-x64.zip), so a retry cannot duplicate anything, both on the live connection and after a reconnect.",runs/census-v5/fetcher-mcp-dt-census-1.dt.jsonl
fetcher-mcp,npm:fetcher-mcp@0.3.9,38939,browser_install,concurrency,skip,no-observable-effect,"Calls succeed but leave nothing this oracle can see, so overlapping them cannot be judged.",runs/census-v5/fetcher-mcp-dt-census-1.dt.jsonl
fetcher-mcp,npm:fetcher-mcp@0.3.9,38939,fetch_url,idempotency,skip,call-failed,"The first call did not succeed, so no retry behaviour could be observed.",runs/census-v5/fetcher-mcp-dt-census-1.dt.jsonl
fetcher-mcp,npm:fetcher-mcp@0.3.9,38939,fetch_url,partial-failure,skip,read-only-confirmed,"The tool declares readOnlyHint, so there is no effect to leave half done.",runs/census-v5/fetcher-mcp-dt-census-1.dt.jsonl
fetcher-mcp,npm:fetcher-mcp@0.3.9,38939,fetch_url,upstream-idempotency,skip,no-upstream-call,"The call sent nothing upstream, so there is no remote side effect to retry.",runs/census-v5/fetcher-mcp-dt-census-1.dt.jsonl
fetcher-mcp,npm:fetcher-mcp@0.3.9,38939,fetch_url,concurrency,skip,read-only-confirmed,"The tool declares readOnlyHint, so overlapping calls have nothing to corrupt.",runs/census-v5/fetcher-mcp-dt-census-1.dt.jsonl
fetcher-mcp,npm:fetcher-mcp@0.3.9,38939,fetch_urls,idempotency,skip,call-failed,"The first call did not succeed, so no retry behaviour could be observed.",runs/census-v5/fetcher-mcp-dt-census-1.dt.jsonl
fetcher-mcp,npm:fetcher-mcp@0.3.9,38939,fetch_urls,partial-failure,skip,read-only-confirmed,"The tool declares readOnlyHint, so there is no effect to leave half done.",runs/census-v5/fetcher-mcp-dt-census-1.dt.jsonl
fetcher-mcp,npm:fetcher-mcp@0.3.9,38939,fetch_urls,upstream-idempotency,skip,no-upstream-call,"The call sent nothing upstream, so there is no remote side effect to retry.",runs/census-v5/fetcher-mcp-dt-census-1.dt.jsonl
fetcher-mcp,npm:fetcher-mcp@0.3.9,38939,fetch_urls,concurrency,skip,read-only-confirmed,"The tool declares readOnlyHint, so overlapping calls have nothing to corrupt.",runs/census-v5/fetcher-mcp-dt-census-1.dt.jsonl
@primer/mcp,npm:@primer/mcp@1.0.0,37582,find_tokens,answer-stability,pass,answer-reproducible,Two identical calls returned identical answers.,runs/census-v5/primer-mcp-dt-census-1.dt.jsonl
@primer/mcp,npm:@primer/mcp@1.0.0,37582,find_tokens,idempotency,pass,read-only-confirmed,Declares readOnlyHint: true and a successful call left the observable state unchanged.,runs/census-v5/primer-mcp-dt-census-1.dt.jsonl
@primer/mcp,npm:@primer/mcp@1.0.0,37582,find_tokens,partial-failure,skip,read-only-confirmed,"The tool declares readOnlyHint, so there is no effect to leave half done.",runs/census-v5/primer-mcp-dt-census-1.dt.jsonl
@primer/mcp,npm:@primer/mcp@1.0.0,37582,find_tokens,upstream-idempotency,skip,no-upstream-call,"The call sent nothing upstream, so there is no remote side effect to retry.",runs/census-v5/primer-mcp-dt-census-1.dt.jsonl
@primer/mcp,npm:@primer/mcp@1.0.0,37582,find_tokens,concurrency,skip,read-only-confirmed,"The tool declares readOnlyHint, so overlapping calls have nothing to corrupt.",runs/census-v5/primer-mcp-dt-census-1.dt.jsonl
@primer/mcp,npm:@primer/mcp@1.0.0,37582,get_color_usage,answer-stability,pass,answer-reproducible,Two identical calls returned identical answers.,runs/census-v5/primer-mcp-dt-census-1.dt.jsonl
@primer/mcp,npm:@primer/mcp@1.0.0,37582,get_color_usage,idempotency,pass,read-only-confirmed,Declares readOnlyHint: true and a successful call left the observable state unchanged.,runs/census-v5/primer-mcp-dt-census-1.dt.jsonl
@primer/mcp,npm:@primer/mcp@1.0.0,37582,get_color_usage,partial-failure,skip,read-only-confirmed,"The tool declares readOnlyHint, so there is no effect to leave half done.",runs/census-v5/primer-mcp-dt-census-1.dt.jsonl
@primer/mcp,npm:@primer/mcp@1.0.0,37582,get_color_usage,upstream-idempotency,pass,upstream-reads-only,"The call only reads upstream (GET primer.style/product/getting-started/foundations/color-usage), so a retry cannot duplicate anything, both on the live connection and after a reconnect.",runs/census-v5/primer-mcp-dt-census-1.dt.jsonl
@primer/mcp,npm:@primer/mcp@1.0.0,37582,get_color_usage,concurrency,skip,read-only-confirmed,"The tool declares readOnlyHint, so overlapping calls have nothing to corrupt.",runs/census-v5/primer-mcp-dt-census-1.dt.jsonl
@primer/mcp,npm:@primer/mcp@1.0.0,37582,get_component,idempotency,skip,call-failed,"The first call did not succeed, so no retry behaviour could be observed.",runs/census-v5/primer-mcp-dt-census-1.dt.jsonl
@primer/mcp,npm:@primer/mcp@1.0.0,37582,get_component,partial-failure,skip,read-only-confirmed,"The tool declares readOnlyHint, so there is no effect to leave half done.",runs/census-v5/primer-mcp-dt-census-1.dt.jsonl
@primer/mcp,npm:@primer/mcp@1.0.0,37582,get_component,upstream-idempotency,skip,no-upstream-call,"The call sent nothing upstream, so there is no remote side effect to retry.",runs/census-v5/primer-mcp-dt-census-1.dt.jsonl
@primer/mcp,npm:@primer/mcp@1.0.0,37582,get_component,concurrency,skip,read-only-confirmed,"The tool declares readOnlyHint, so overlapping calls have nothing to corrupt.",runs/census-v5/primer-mcp-dt-census-1.dt.jsonl
@primer/mcp,npm:@primer/mcp@1.0.0,37582,get_component_accessibility_guidelines,answer-stability,pass,answer-reproducible,Two identical calls returned identical answers.,runs/census-v5/primer-mcp-dt-census-1.dt.jsonl
@primer/mcp,npm:@primer/mcp@1.0.0,37582,get_component_accessibility_guidelines,idempotency,pass,read-only-confirmed,Declares readOnlyHint: true and a successful call left the observable state unchanged.,runs/census-v5/primer-mcp-dt-census-1.dt.jsonl
@primer/mcp,npm:@primer/mcp@1.0.0,37582,get_component_accessibility_guidelines,partial-failure,skip,read-only-confirmed,"The tool declares readOnlyHint, so there is no effect to leave half done.",runs/census-v5/primer-mcp-dt-census-1.dt.jsonl
@primer/mcp,npm:@primer/mcp@1.0.0,37582,get_component_accessibility_guidelines,upstream-idempotency,skip,no-upstream-call,"The call sent nothing upstream, so there is no remote side effect to retry.",runs/census-v5/primer-mcp-dt-census-1.dt.jsonl
@primer/mcp,npm:@primer/mcp@1.0.0,37582,get_component_accessibility_guidelines,concurrency,skip,read-only-confirmed,"The tool declares readOnlyHint, so overlapping calls have nothing to corrupt.",runs/census-v5/primer-mcp-dt-census-1.dt.jsonl
@primer/mcp,npm:@primer/mcp@1.0.0,37582,get_component_batch,answer-stability,pass,answer-reproducible,Two identical calls returned identical answers.,runs/census-v5/primer-mcp-dt-census-1.dt.jsonl
@primer/mcp,npm:@primer/mcp@1.0.0,37582,get_component_batch,idempotency,pass,read-only-confirmed,Declares readOnlyHint: true and a successful call left the observable state unchanged.,runs/census-v5/primer-mcp-dt-census-1.dt.jsonl
@primer/mcp,npm:@primer/mcp@1.0.0,37582,get_component_batch,partial-failure,skip,read-only-confirmed,"The tool declares readOnlyHint, so there is no effect to leave half done.",runs/census-v5/primer-mcp-dt-census-1.dt.jsonl
@primer/mcp,npm:@primer/mcp@1.0.0,37582,get_component_batch,upstream-idempotency,skip,no-upstream-call,"The call sent nothing upstream, so there is no remote side effect to retry.",runs/census-v5/primer-mcp-dt-census-1.dt.jsonl
@primer/mcp,npm:@primer/mcp@1.0.0,37582,get_component_batch,concurrency,skip,read-only-confirmed,"The tool declares readOnlyHint, so overlapping calls have nothing to corrupt.",runs/census-v5/primer-mcp-dt-census-1.dt.jsonl
@primer/mcp,npm:@primer/mcp@1.0.0,37582,get_component_examples,answer-stability,pass,answer-reproducible,Two identical calls returned identical answers.,runs/census-v5/primer-mcp-dt-census-1.dt.jsonl
@primer/mcp,npm:@primer/mcp@1.0.0,37582,get_component_examples,idempotency,pass,read-only-confirmed,Declares readOnlyHint: true and a successful call left the observable state unchanged.,runs/census-v5/primer-mcp-dt-census-1.dt.jsonl
@primer/mcp,npm:@primer/mcp@1.0.0,37582,get_component_examples,partial-failure,skip,read-only-confirmed,"The tool declares readOnlyHint, so there is no effect to leave half done.",runs/census-v5/primer-mcp-dt-census-1.dt.jsonl
@primer/mcp,npm:@primer/mcp@1.0.0,37582,get_component_examples,upstream-idempotency,skip,no-upstream-call,"The call sent nothing upstream, so there is no remote side effect to retry.",runs/census-v5/primer-mcp-dt-census-1.dt.jsonl
@primer/mcp,npm:@primer/mcp@1.0.0,37582,get_component_examples,concurrency,skip,read-only-confirmed,"The tool declares readOnlyHint, so overlapping calls have nothing to corrupt.",runs/census-v5/primer-mcp-dt-census-1.dt.jsonl
@primer/mcp,npm:@primer/mcp@1.0.0,37582,get_component_usage_guidelines,answer-stability,pass,answer-reproducible,Two identical calls returned identical answers.,runs/census-v5/primer-mcp-dt-census-1.dt.jsonl
@primer/mcp,npm:@primer/mcp@1.0.0,37582,get_component_usage_guidelines,idempotency,pass,read-only-confirmed,Declares readOnlyHint: true and a successful call left the observable state unchanged.,runs/census-v5/primer-mcp-dt-census-1.dt.jsonl
@primer/mcp,npm:@primer/mcp@1.0.0,37582,get_component_usage_guidelines,partial-failure,skip,read-only-confirmed,"The tool declares readOnlyHint, so there is no effect to leave half done.",runs/census-v5/primer-mcp-dt-census-1.dt.jsonl
@primer/mcp,npm:@primer/mcp@1.0.0,37582,get_component_usage_guidelines,upstream-idempotency,skip,no-upstream-call,"The call sent nothing upstream, so there is no remote side effect to retry.",runs/census-v5/primer-mcp-dt-census-1.dt.jsonl
@primer/mcp,npm:@primer/mcp@1.0.0,37582,get_component_usage_guidelines,concurrency,skip,read-only-confirmed,"The tool declares readOnlyHint, so overlapping calls have nothing to corrupt.",runs/census-v5/primer-mcp-dt-census-1.dt.jsonl
@primer/mcp,npm:@primer/mcp@1.0.0,37582,get_design_token_specs,answer-stability,pass,answer-reproducible,Two identical calls returned identical answers.,runs/census-v5/primer-mcp-dt-census-1.dt.jsonl
@primer/mcp,npm:@primer/mcp@1.0.0,37582,get_design_token_specs,idempotency,pass,read-only-confirmed,Declares readOnlyHint: true and a successful call left the observable state unchanged.,runs/census-v5/primer-mcp-dt-census-1.dt.jsonl
@primer/mcp,npm:@primer/mcp@1.0.0,37582,get_design_token_specs,partial-failure,skip,read-only-confirmed,"The tool declares readOnlyHint, so there is no effect to leave half done.",runs/census-v5/primer-mcp-dt-census-1.dt.jsonl
@primer/mcp,npm:@primer/mcp@1.0.0,37582,get_design_token_specs,upstream-idempotency,skip,no-upstream-call,"The call sent nothing upstream, so there is no remote side effect to retry.",runs/census-v5/primer-mcp-dt-census-1.dt.jsonl
@primer/mcp,npm:@primer/mcp@1.0.0,37582,get_design_token_specs,concurrency,skip,read-only-confirmed,"The tool declares readOnlyHint, so overlapping calls have nothing to corrupt.",runs/census-v5/primer-mcp-dt-census-1.dt.jsonl
nexus-agents,npm:nexus-agents@7.0.0,36481,cancel_job,answer-stability,pass,answer-reproducible,Two identical calls returned identical answers.,runs/census-v5/nexus-agents-dt-census-1.dt.jsonl
nexus-agents,npm:nexus-agents@7.0.0,36481,cancel_job,idempotency,skip,no-observable-effect,"A successful call produced no observable state change, so retry safety cannot be decided by this oracle.",runs/census-v5/nexus-agents-dt-census-1.dt.jsonl
nexus-agents,npm:nexus-agents@7.0.0,36481,cancel_job,partial-failure,skip,no-observable-effect,"A clean call produced no observable state change, so an interrupted one cannot be judged by this oracle.",runs/census-v5/nexus-agents-dt-census-1.dt.jsonl
nexus-agents,npm:nexus-agents@7.0.0,36481,cancel_job,upstream-idempotency,skip,no-upstream-call,"The call sent nothing upstream, so there is no remote side effect to retry.",runs/census-v5/nexus-agents-dt-census-1.dt.jsonl
nexus-agents,npm:nexus-agents@7.0.0,36481,cancel_job,concurrency,skip,no-observable-effect,"Calls succeed but leave nothing this oracle can see, so overlapping them cannot be judged.",runs/census-v5/nexus-agents-dt-census-1.dt.jsonl
nexus-agents,npm:nexus-agents@7.0.0,36481,ci_health_check,idempotency,fail,retry-doubled,An identical retry applied the effect a second time (~.nexus-agents/ci-health/events.jsonl).,runs/census-v5/nexus-agents-dt-census-1.dt.jsonl
nexus-agents,npm:nexus-agents@7.0.0,36481,ci_health_check,partial-failure,fail,retry-doubled,"After a lost acknowledgement and a reconnect, an identical retry applied the effect a second time (~.nexus-agents/ci-health/events.jsonl).",runs/census-v5/nexus-agents-dt-census-1.dt.jsonl
nexus-agents,npm:nexus-agents@7.0.0,36481,ci_health_check,partial-failure,pass,truncated-frame-ignored,"A request frame cut in half changed nothing, as it must.",runs/census-v5/nexus-agents-dt-census-1.dt.jsonl
nexus-agents,npm:nexus-agents@7.0.0,36481,ci_health_check,upstream-idempotency,pass,upstream-reads-only,"The call only reads upstream (GET www.githubstatus.com/api/v2/components.json), so a retry cannot duplicate anything, both on the live connection and after a reconnect.",runs/census-v5/nexus-agents-dt-census-1.dt.jsonl
nexus-agents,npm:nexus-agents@7.0.0,36481,ci_health_check,concurrency,pass,concurrent-matches-sequential,4 overlapping calls left the same shape of state as the same 4 calls run one at a time.,runs/census-v5/nexus-agents-dt-census-1.dt.jsonl
nexus-agents,npm:nexus-agents@7.0.0,36481,compare_data_feeds,idempotency,skip,call-failed,"The first call did not succeed, so no retry behaviour could be observed.",runs/census-v5/nexus-agents-dt-census-1.dt.jsonl
nexus-agents,npm:nexus-agents@7.0.0,36481,compare_data_feeds,partial-failure,skip,read-only-confirmed,"The tool declares readOnlyHint, so there is no effect to leave half done.",runs/census-v5/nexus-agents-dt-census-1.dt.jsonl
nexus-agents,npm:nexus-agents@7.0.0,36481,compare_data_feeds,upstream-idempotency,skip,no-upstream-call,"The call sent nothing upstream, so there is no remote side effect to retry.",runs/census-v5/nexus-agents-dt-census-1.dt.jsonl
nexus-agents,npm:nexus-agents@7.0.0,36481,compare_data_feeds,concurrency,skip,read-only-confirmed,"The tool declares readOnlyHint, so overlapping calls have nothing to corrupt.",runs/census-v5/nexus-agents-dt-census-1.dt.jsonl
nexus-agents,npm:nexus-agents@7.0.0,36481,consensus_vote,idempotency,skip,call-failed,"The first call did not succeed, so no retry behaviour could be observed.",runs/census-v5/nexus-agents-dt-census-1.dt.jsonl
nexus-agents,npm:nexus-agents@7.0.0,36481,consensus_vote,partial-failure,skip,call-failed,"An uninterrupted call did not succeed, so there is no reference effect to interrupt.",runs/census-v5/nexus-agents-dt-census-1.dt.jsonl
nexus-agents,npm:nexus-agents@7.0.0,36481,consensus_vote,upstream-idempotency,fail,upstream-write-repeated,"The retry re-sends POST api.anthropic.com/v1/messages with no idempotency header, and the tool declares no readOnlyHint. Either the retry duplicates a write, or the call is a query and the annotation a gateway would use to know that is missing, both on the live connection and after a reconnect.",runs/census-v5/nexus-agents-dt-census-1.dt.jsonl
nexus-agents,npm:nexus-agents@7.0.0,36481,consensus_vote,concurrency,skip,call-failed,"No call succeeded even one at a time, so there is no correct behaviour to compare against.",runs/census-v5/nexus-agents-dt-census-1.dt.jsonl
nexus-agents,npm:nexus-agents@7.0.0,36481,create_expert,idempotency,pass,retry-converged,An identical retry left the observable state unchanged.,runs/census-v5/nexus-agents-dt-census-1.dt.jsonl
nexus-agents,npm:nexus-agents@7.0.0,36481,create_expert,partial-failure,pass,retry-converged,"After a lost acknowledgement and a reconnect, an identical retry converged on the same state.",runs/census-v5/nexus-agents-dt-census-1.dt.jsonl
nexus-agents,npm:nexus-agents@7.0.0,36481,create_expert,partial-failure,pass,truncated-frame-ignored,"A request frame cut in half changed nothing, as it must.",runs/census-v5/nexus-agents-dt-census-1.dt.jsonl
nexus-agents,npm:nexus-agents@7.0.0,36481,create_expert,upstream-idempotency,skip,no-upstream-call,"The call sent nothing upstream, so there is no remote side effect to retry.",runs/census-v5/nexus-agents-dt-census-1.dt.jsonl
nexus-agents,npm:nexus-agents@7.0.0,36481,create_expert,concurrency,pass,concurrent-matches-sequential,4 overlapping calls left the same shape of state as the same 4 calls run one at a time.,runs/census-v5/nexus-agents-dt-census-1.dt.jsonl
nexus-agents,npm:nexus-agents@7.0.0,36481,delegate_to_model,idempotency,violation,declared-idempotent-but-not,"Declares idempotentHint: true, but an identical retry changed the state again (+.nexus-agents/runs/delegate-dfb2d37f/, +.nexus-agents/runs/delegate-dfb2d37f/index.md, +.nexus-agents/runs/delegate-dfb2d37f/trace.jsonl).",runs/census-v5/nexus-agents-dt-census-1.dt.jsonl
nexus-agents,npm:nexus-agents@7.0.0,36481,delegate_to_model,partial-failure,fail,retry-doubled,"After a lost acknowledgement and a reconnect, an identical retry applied the effect a second time (+.nexus-agents/runs/delegate-e0d8b2b3/, +.nexus-agents/runs/delegate-e0d8b2b3/index.md, +.nexus-agents/runs/delegate-e0d8b2b3/trace.jsonl).",runs/census-v5/nexus-agents-dt-census-1.dt.jsonl
nexus-agents,npm:nexus-agents@7.0.0,36481,delegate_to_model,partial-failure,pass,truncated-frame-ignored,"A request frame cut in half changed nothing, as it must.",runs/census-v5/nexus-agents-dt-census-1.dt.jsonl
nexus-agents,npm:nexus-agents@7.0.0,36481,delegate_to_model,upstream-idempotency,skip,no-upstream-call,"The call sent nothing upstream, so there is no remote side effect to retry.",runs/census-v5/nexus-agents-dt-census-1.dt.jsonl
nexus-agents,npm:nexus-agents@7.0.0,36481,delegate_to_model,concurrency,pass,concurrent-matches-sequential,4 overlapping calls left the same shape of state as the same 4 calls run one at a time.,runs/census-v5/nexus-agents-dt-census-1.dt.jsonl
nexus-agents,npm:nexus-agents@7.0.0,36481,execute_expert,idempotency,skip,call-failed,"The first call did not succeed, so no retry behaviour could be observed.",runs/census-v5/nexus-agents-dt-census-1.dt.jsonl
nexus-agents,npm:nexus-agents@7.0.0,36481,execute_expert,partial-failure,skip,call-failed,"An uninterrupted call did not succeed, so there is no reference effect to interrupt.",runs/census-v5/nexus-agents-dt-census-1.dt.jsonl
nexus-agents,npm:nexus-agents@7.0.0,36481,execute_expert,upstream-idempotency,skip,no-upstream-call,"The call sent nothing upstream, so there is no remote side effect to retry.",runs/census-v5/nexus-agents-dt-census-1.dt.jsonl
nexus-agents,npm:nexus-agents@7.0.0,36481,execute_expert,concurrency,skip,call-failed,"No call succeeded even one at a time, so there is no correct behaviour to compare against.",runs/census-v5/nexus-agents-dt-census-1.dt.jsonl
nexus-agents,npm:nexus-agents@7.0.0,36481,execute_spec,idempotency,skip,call-failed,"The first call did not succeed, so no retry behaviour could be observed.",runs/census-v5/nexus-agents-dt-census-1.dt.jsonl
nexus-agents,npm:nexus-agents@7.0.0,36481,execute_spec,partial-failure,skip,call-failed,"An uninterrupted call did not succeed, so there is no reference effect to interrupt.",runs/census-v5/nexus-agents-dt-census-1.dt.jsonl
nexus-agents,npm:nexus-agents@7.0.0,36481,execute_spec,upstream-idempotency,skip,no-upstream-call,"The call sent nothing upstream, so there is no remote side effect to retry.",runs/census-v5/nexus-agents-dt-census-1.dt.jsonl
nexus-agents,npm:nexus-agents@7.0.0,36481,execute_spec,concurrency,skip,call-failed,"No call succeeded even one at a time, so there is no correct behaviour to compare against.",runs/census-v5/nexus-agents-dt-census-1.dt.jsonl
document-mcp,npm:document-mcp@4.2.2,35054,convert_document,idempotency,skip,call-failed,"The first call did not succeed, so no retry behaviour could be observed.",runs/census-v5/document-mcp-dt-census-1.dt.jsonl
document-mcp,npm:document-mcp@4.2.2,35054,convert_document,partial-failure,skip,call-failed,"An uninterrupted call did not succeed, so there is no reference effect to interrupt.",runs/census-v5/document-mcp-dt-census-1.dt.jsonl
document-mcp,npm:document-mcp@4.2.2,35054,convert_document,upstream-idempotency,skip,no-upstream-call,"The call sent nothing upstream, so there is no remote side effect to retry.",runs/census-v5/document-mcp-dt-census-1.dt.jsonl
document-mcp,npm:document-mcp@4.2.2,35054,convert_document,concurrency,skip,call-failed,"No call succeeded even one at a time, so there is no correct behaviour to compare against.",runs/census-v5/document-mcp-dt-census-1.dt.jsonl
document-mcp,npm:document-mcp@4.2.2,35054,describe_font_file,idempotency,skip,call-failed,"The first call did not succeed, so no retry behaviour could be observed.",runs/census-v5/document-mcp-dt-census-1.dt.jsonl
document-mcp,npm:document-mcp@4.2.2,35054,describe_font_file,partial-failure,skip,call-failed,"An uninterrupted call did not succeed, so there is no reference effect to interrupt.",runs/census-v5/document-mcp-dt-census-1.dt.jsonl
document-mcp,npm:document-mcp@4.2.2,35054,describe_font_file,upstream-idempotency,skip,no-upstream-call,"The call sent nothing upstream, so there is no remote side effect to retry.",runs/census-v5/document-mcp-dt-census-1.dt.jsonl
document-mcp,npm:document-mcp@4.2.2,35054,describe_font_file,concurrency,skip,call-failed,"No call succeeded even one at a time, so there is no correct behaviour to compare against.",runs/census-v5/document-mcp-dt-census-1.dt.jsonl
document-mcp,npm:document-mcp@4.2.2,35054,docx_extras,idempotency,skip,call-failed,"The first call did not succeed, so no retry behaviour could be observed.",runs/census-v5/document-mcp-dt-census-1.dt.jsonl
document-mcp,npm:document-mcp@4.2.2,35054,docx_extras,partial-failure,skip,call-failed,"An uninterrupted call did not succeed, so there is no reference effect to interrupt.",runs/census-v5/document-mcp-dt-census-1.dt.jsonl
document-mcp,npm:document-mcp@4.2.2,35054,docx_extras,upstream-idempotency,skip,no-upstream-call,"The call sent nothing upstream, so there is no remote side effect to retry.",runs/census-v5/document-mcp-dt-census-1.dt.jsonl
document-mcp,npm:document-mcp@4.2.2,35054,docx_extras,concurrency,skip,call-failed,"No call succeeded even one at a time, so there is no correct behaviour to compare against.",runs/census-v5/document-mcp-dt-census-1.dt.jsonl
document-mcp,npm:document-mcp@4.2.2,35054,fonts,idempotency,skip,call-failed,"The first call did not succeed, so no retry behaviour could be observed.",runs/census-v5/document-mcp-dt-census-1.dt.jsonl
document-mcp,npm:document-mcp@4.2.2,35054,fonts,partial-failure,skip,call-failed,"An uninterrupted call did not succeed, so there is no reference effect to interrupt.",runs/census-v5/document-mcp-dt-census-1.dt.jsonl
document-mcp,npm:document-mcp@4.2.2,35054,fonts,upstream-idempotency,skip,no-upstream-call,"The call sent nothing upstream, so there is no remote side effect to retry.",runs/census-v5/document-mcp-dt-census-1.dt.jsonl
document-mcp,npm:document-mcp@4.2.2,35054,fonts,concurrency,skip,call-failed,"No call succeeded even one at a time, so there is no correct behaviour to compare against.",runs/census-v5/document-mcp-dt-census-1.dt.jsonl
document-mcp,npm:document-mcp@4.2.2,35054,from_package,idempotency,skip,call-failed,"The first call did not succeed, so no retry behaviour could be observed.",runs/census-v5/document-mcp-dt-census-1.dt.jsonl
document-mcp,npm:document-mcp@4.2.2,35054,from_package,partial-failure,skip,call-failed,"An uninterrupted call did not succeed, so there is no reference effect to interrupt.",runs/census-v5/document-mcp-dt-census-1.dt.jsonl
document-mcp,npm:document-mcp@4.2.2,35054,from_package,upstream-idempotency,skip,no-upstream-call,"The call sent nothing upstream, so there is no remote side effect to retry.",runs/census-v5/document-mcp-dt-census-1.dt.jsonl
document-mcp,npm:document-mcp@4.2.2,35054,from_package,concurrency,skip,call-failed,"No call succeeded even one at a time, so there is no correct behaviour to compare against.",runs/census-v5/document-mcp-dt-census-1.dt.jsonl
document-mcp,npm:document-mcp@4.2.2,35054,list_document_conversions,answer-stability,pass,answer-reproducible,Two identical calls returned identical answers.,runs/census-v5/document-mcp-dt-census-1.dt.jsonl
document-mcp,npm:document-mcp@4.2.2,35054,list_document_conversions,idempotency,skip,no-observable-effect,"A successful call produced no observable state change, so retry safety cannot be decided by this oracle.",runs/census-v5/document-mcp-dt-census-1.dt.jsonl
document-mcp,npm:document-mcp@4.2.2,35054,list_document_conversions,partial-failure,skip,no-observable-effect,"A clean call produced no observable state change, so an interrupted one cannot be judged by this oracle.",runs/census-v5/document-mcp-dt-census-1.dt.jsonl
document-mcp,npm:document-mcp@4.2.2,35054,list_document_conversions,upstream-idempotency,skip,no-upstream-call,"The call sent nothing upstream, so there is no remote side effect to retry.",runs/census-v5/document-mcp-dt-census-1.dt.jsonl
document-mcp,npm:document-mcp@4.2.2,35054,list_document_conversions,concurrency,skip,no-observable-effect,"Calls succeed but leave nothing this oracle can see, so overlapping them cannot be judged.",runs/census-v5/document-mcp-dt-census-1.dt.jsonl
document-mcp,npm:document-mcp@4.2.2,35054,metadata_read,idempotency,skip,call-failed,"The first call did not succeed, so no retry behaviour could be observed.",runs/census-v5/document-mcp-dt-census-1.dt.jsonl
document-mcp,npm:document-mcp@4.2.2,35054,metadata_read,partial-failure,skip,call-failed,"An uninterrupted call did not succeed, so there is no reference effect to interrupt.",runs/census-v5/document-mcp-dt-census-1.dt.jsonl
document-mcp,npm:document-mcp@4.2.2,35054,metadata_read,upstream-idempotency,skip,no-upstream-call,"The call sent nothing upstream, so there is no remote side effect to retry.",runs/census-v5/document-mcp-dt-census-1.dt.jsonl
document-mcp,npm:document-mcp@4.2.2,35054,metadata_read,concurrency,skip,call-failed,"No call succeeded even one at a time, so there is no correct behaviour to compare against.",runs/census-v5/document-mcp-dt-census-1.dt.jsonl
document-mcp,npm:document-mcp@4.2.2,35054,metadata_write,idempotency,skip,call-failed,"The first call did not succeed, so no retry behaviour could be observed.",runs/census-v5/document-mcp-dt-census-1.dt.jsonl
document-mcp,npm:document-mcp@4.2.2,35054,metadata_write,partial-failure,skip,call-failed,"An uninterrupted call did not succeed, so there is no reference effect to interrupt.",runs/census-v5/document-mcp-dt-census-1.dt.jsonl
document-mcp,npm:document-mcp@4.2.2,35054,metadata_write,upstream-idempotency,skip,no-upstream-call,"The call sent nothing upstream, so there is no remote side effect to retry.",runs/census-v5/document-mcp-dt-census-1.dt.jsonl
document-mcp,npm:document-mcp@4.2.2,35054,metadata_write,concurrency,skip,call-failed,"No call succeeded even one at a time, so there is no correct behaviour to compare against.",runs/census-v5/document-mcp-dt-census-1.dt.jsonl
@growthbook/mcp,npm:@growthbook/mcp@2.1.0,34475,growthbook_api_read,answer-stability,pass,answer-reproducible,Two identical calls returned identical answers.,runs/census-v5/growthbook-mcp-dt-census-1.dt.jsonl
@growthbook/mcp,npm:@growthbook/mcp@2.1.0,34475,growthbook_api_read,idempotency,pass,read-only-confirmed,Declares readOnlyHint: true and a successful call left the observable state unchanged.,runs/census-v5/growthbook-mcp-dt-census-1.dt.jsonl
@growthbook/mcp,npm:@growthbook/mcp@2.1.0,34475,growthbook_api_read,partial-failure,skip,read-only-confirmed,"The tool declares readOnlyHint, so there is no effect to leave half done.",runs/census-v5/growthbook-mcp-dt-census-1.dt.jsonl
@growthbook/mcp,npm:@growthbook/mcp@2.1.0,34475,growthbook_api_read,upstream-idempotency,pass,upstream-reads-only,"The call only reads upstream (GET <upstream><sandbox>/workspace/note.txt), so a retry cannot duplicate anything, both on the live connection and after a reconnect.",runs/census-v5/growthbook-mcp-dt-census-1.dt.jsonl
@growthbook/mcp,npm:@growthbook/mcp@2.1.0,34475,growthbook_api_read,concurrency,skip,read-only-confirmed,"The tool declares readOnlyHint, so overlapping calls have nothing to corrupt.",runs/census-v5/growthbook-mcp-dt-census-1.dt.jsonl
@growthbook/mcp,npm:@growthbook/mcp@2.1.0,34475,growthbook_api_write,answer-stability,pass,answer-reproducible,Two identical calls returned identical answers.,runs/census-v5/growthbook-mcp-dt-census-1.dt.jsonl
@growthbook/mcp,npm:@growthbook/mcp@2.1.0,34475,growthbook_api_write,idempotency,skip,no-observable-effect,"A successful call produced no observable state change, so retry safety cannot be decided by this oracle.",runs/census-v5/growthbook-mcp-dt-census-1.dt.jsonl
@growthbook/mcp,npm:@growthbook/mcp@2.1.0,34475,growthbook_api_write,partial-failure,skip,no-observable-effect,"A clean call produced no observable state change, so an interrupted one cannot be judged by this oracle.",runs/census-v5/growthbook-mcp-dt-census-1.dt.jsonl
@growthbook/mcp,npm:@growthbook/mcp@2.1.0,34475,growthbook_api_write,upstream-idempotency,fail,upstream-write-repeated,"The retry re-sends POST <upstream><sandbox>/workspace/dt-b9f57e.txt with no idempotency header, and the tool declares no readOnlyHint. Either the retry duplicates a write, or the call is a query and the annotation a gateway would use to know that is missing, both on the live connection and after a reconnect.",runs/census-v5/growthbook-mcp-dt-census-1.dt.jsonl
@growthbook/mcp,npm:@growthbook/mcp@2.1.0,34475,growthbook_api_write,concurrency,pass,concurrent-matches-sequential,4 overlapping calls left the same shape of state as the same 4 calls run one at a time.,runs/census-v5/growthbook-mcp-dt-census-1.dt.jsonl
@growthbook/mcp,npm:@growthbook/mcp@2.1.0,34475,growthbook_list_skills,answer-stability,pass,answer-reproducible,Two identical calls returned identical answers.,runs/census-v5/growthbook-mcp-dt-census-1.dt.jsonl
@growthbook/mcp,npm:@growthbook/mcp@2.1.0,34475,growthbook_list_skills,idempotency,pass,read-only-confirmed,Declares readOnlyHint: true and a successful call left the observable state unchanged.,runs/census-v5/growthbook-mcp-dt-census-1.dt.jsonl
@growthbook/mcp,npm:@growthbook/mcp@2.1.0,34475,growthbook_list_skills,partial-failure,skip,read-only-confirmed,"The tool declares readOnlyHint, so there is no effect to leave half done.",runs/census-v5/growthbook-mcp-dt-census-1.dt.jsonl
@growthbook/mcp,npm:@growthbook/mcp@2.1.0,34475,growthbook_list_skills,upstream-idempotency,skip,no-upstream-call,"The call sent nothing upstream, so there is no remote side effect to retry.",runs/census-v5/growthbook-mcp-dt-census-1.dt.jsonl
@growthbook/mcp,npm:@growthbook/mcp@2.1.0,34475,growthbook_list_skills,concurrency,skip,read-only-confirmed,"The tool declares readOnlyHint, so overlapping calls have nothing to corrupt.",runs/census-v5/growthbook-mcp-dt-census-1.dt.jsonl
@growthbook/mcp,npm:@growthbook/mcp@2.1.0,34475,growthbook_read_skill,idempotency,skip,call-failed,"The first call did not succeed, so no retry behaviour could be observed.",runs/census-v5/growthbook-mcp-dt-census-1.dt.jsonl
@growthbook/mcp,npm:@growthbook/mcp@2.1.0,34475,growthbook_read_skill,partial-failure,skip,read-only-confirmed,"The tool declares readOnlyHint, so there is no effect to leave half done.",runs/census-v5/growthbook-mcp-dt-census-1.dt.jsonl
@growthbook/mcp,npm:@growthbook/mcp@2.1.0,34475,growthbook_read_skill,upstream-idempotency,skip,no-upstream-call,"The call sent nothing upstream, so there is no remote side effect to retry.",runs/census-v5/growthbook-mcp-dt-census-1.dt.jsonl
@growthbook/mcp,npm:@growthbook/mcp@2.1.0,34475,growthbook_read_skill,concurrency,skip,read-only-confirmed,"The tool declares readOnlyHint, so overlapping calls have nothing to corrupt.",runs/census-v5/growthbook-mcp-dt-census-1.dt.jsonl
@mui/mcp,npm:@mui/mcp@0.1.4,33120,fetchDocs,answer-stability,pass,answer-reproducible,Two identical calls returned identical answers.,runs/census-v5/mui-mcp-dt-census-1.dt.jsonl
@mui/mcp,npm:@mui/mcp@0.1.4,33120,fetchDocs,idempotency,skip,no-observable-effect,"A successful call produced no observable state change, so retry safety cannot be decided by this oracle.",runs/census-v5/mui-mcp-dt-census-1.dt.jsonl
@mui/mcp,npm:@mui/mcp@0.1.4,33120,fetchDocs,partial-failure,skip,no-observable-effect,"A clean call produced no observable state change, so an interrupted one cannot be judged by this oracle.",runs/census-v5/mui-mcp-dt-census-1.dt.jsonl
@mui/mcp,npm:@mui/mcp@0.1.4,33120,fetchDocs,upstream-idempotency,skip,no-upstream-call,"The call sent nothing upstream, so there is no remote side effect to retry.",runs/census-v5/mui-mcp-dt-census-1.dt.jsonl
@mui/mcp,npm:@mui/mcp@0.1.4,33120,fetchDocs,concurrency,skip,no-observable-effect,"Calls succeed but leave nothing this oracle can see, so overlapping them cannot be judged.",runs/census-v5/mui-mcp-dt-census-1.dt.jsonl
@mui/mcp,npm:@mui/mcp@0.1.4,33120,generateReactCode,idempotency,skip,call-failed,"The first call did not succeed, so no retry behaviour could be observed.",runs/census-v5/mui-mcp-dt-census-1.dt.jsonl
@mui/mcp,npm:@mui/mcp@0.1.4,33120,generateReactCode,partial-failure,skip,call-failed,"An uninterrupted call did not succeed, so there is no reference effect to interrupt.",runs/census-v5/mui-mcp-dt-census-1.dt.jsonl
@mui/mcp,npm:@mui/mcp@0.1.4,33120,generateReactCode,upstream-idempotency,skip,no-upstream-call,"The call sent nothing upstream, so there is no remote side effect to retry.",runs/census-v5/mui-mcp-dt-census-1.dt.jsonl
@mui/mcp,npm:@mui/mcp@0.1.4,33120,generateReactCode,concurrency,skip,call-failed,"No call succeeded even one at a time, so there is no correct behaviour to compare against.",runs/census-v5/mui-mcp-dt-census-1.dt.jsonl
@isaacphi/mcp-gdrive,npm:@isaacphi/mcp-gdrive@0.2.0,31291,gdrive_read_file,answer-stability,pass,answer-reproducible,Two identical calls returned identical answers.,runs/census-v5/isaacphi-mcp-gdrive-dt-census-1.dt.jsonl
@isaacphi/mcp-gdrive,npm:@isaacphi/mcp-gdrive@0.2.0,31291,gdrive_read_file,idempotency,skip,no-observable-effect,"A successful call produced no observable state change, so retry safety cannot be decided by this oracle.",runs/census-v5/isaacphi-mcp-gdrive-dt-census-1.dt.jsonl
@isaacphi/mcp-gdrive,npm:@isaacphi/mcp-gdrive@0.2.0,31291,gdrive_read_file,partial-failure,skip,no-observable-effect,"A clean call produced no observable state change, so an interrupted one cannot be judged by this oracle.",runs/census-v5/isaacphi-mcp-gdrive-dt-census-1.dt.jsonl
@isaacphi/mcp-gdrive,npm:@isaacphi/mcp-gdrive@0.2.0,31291,gdrive_read_file,upstream-idempotency,pass,upstream-reads-only,"The call only reads upstream (GET www.googleapis.com/drive/v3/files/%2Fprivate%2Fvar%2Ffolders%2Fsk%2F2dc6gxhx2sx95bx90x1hbg7h0000gn%2FT%2Fdoubletap-isaacphi-mcp-gdrive-upstream-same-gdrive_read_file-vzY56A%2Fworkspace%2Fnote.txt, GET www.googleapis.com/drive/v3/files/%2Fprivate%2Fvar%2Ffolders%2Fsk%2F2dc6gxhx2sx95bx90x1hbg7h0000gn%2FT%2Fdoubletap-isaacphi-mcp-gdrive-upstream-same-gdrive_read_file-vzY56A%2Fworkspace%2Fnote.txt), so a retry cannot duplicate anything, both on the live connection and after a reconnect.",runs/census-v5/isaacphi-mcp-gdrive-dt-census-1.dt.jsonl
@isaacphi/mcp-gdrive,npm:@isaacphi/mcp-gdrive@0.2.0,31291,gdrive_read_file,concurrency,skip,no-observable-effect,"Calls succeed but leave nothing this oracle can see, so overlapping them cannot be judged.",runs/census-v5/isaacphi-mcp-gdrive-dt-census-1.dt.jsonl
@isaacphi/mcp-gdrive,npm:@isaacphi/mcp-gdrive@0.2.0,31291,gdrive_search,answer-stability,pass,answer-reproducible,Two identical calls returned identical answers.,runs/census-v5/isaacphi-mcp-gdrive-dt-census-1.dt.jsonl
@isaacphi/mcp-gdrive,npm:@isaacphi/mcp-gdrive@0.2.0,31291,gdrive_search,idempotency,skip,no-observable-effect,"A successful call produced no observable state change, so retry safety cannot be decided by this oracle.",runs/census-v5/isaacphi-mcp-gdrive-dt-census-1.dt.jsonl
@isaacphi/mcp-gdrive,npm:@isaacphi/mcp-gdrive@0.2.0,31291,gdrive_search,partial-failure,skip,no-observable-effect,"A clean call produced no observable state change, so an interrupted one cannot be judged by this oracle.",runs/census-v5/isaacphi-mcp-gdrive-dt-census-1.dt.jsonl
@isaacphi/mcp-gdrive,npm:@isaacphi/mcp-gdrive@0.2.0,31291,gdrive_search,upstream-idempotency,pass,upstream-reads-only,"The call only reads upstream (GET www.googleapis.com/drive/v3/files), so a retry cannot duplicate anything, both on the live connection and after a reconnect.",runs/census-v5/isaacphi-mcp-gdrive-dt-census-1.dt.jsonl
@isaacphi/mcp-gdrive,npm:@isaacphi/mcp-gdrive@0.2.0,31291,gdrive_search,concurrency,skip,no-observable-effect,"Calls succeed but leave nothing this oracle can see, so overlapping them cannot be judged.",runs/census-v5/isaacphi-mcp-gdrive-dt-census-1.dt.jsonl
@isaacphi/mcp-gdrive,npm:@isaacphi/mcp-gdrive@0.2.0,31291,gsheets_read,answer-stability,pass,answer-reproducible,Two identical calls returned identical answers.,runs/census-v5/isaacphi-mcp-gdrive-dt-census-1.dt.jsonl
@isaacphi/mcp-gdrive,npm:@isaacphi/mcp-gdrive@0.2.0,31291,gsheets_read,idempotency,skip,no-observable-effect,"A successful call produced no observable state change, so retry safety cannot be decided by this oracle.",runs/census-v5/isaacphi-mcp-gdrive-dt-census-1.dt.jsonl
@isaacphi/mcp-gdrive,npm:@isaacphi/mcp-gdrive@0.2.0,31291,gsheets_read,partial-failure,skip,no-observable-effect,"A clean call produced no observable state change, so an interrupted one cannot be judged by this oracle.",runs/census-v5/isaacphi-mcp-gdrive-dt-census-1.dt.jsonl
@isaacphi/mcp-gdrive,npm:@isaacphi/mcp-gdrive@0.2.0,31291,gsheets_read,upstream-idempotency,pass,upstream-reads-only,"The call only reads upstream (GET sheets.googleapis.com/v4/spreadsheets/dt-429bab/values/A%3AZZ), so a retry cannot duplicate anything, both on the live connection and after a reconnect.",runs/census-v5/isaacphi-mcp-gdrive-dt-census-1.dt.jsonl
@isaacphi/mcp-gdrive,npm:@isaacphi/mcp-gdrive@0.2.0,31291,gsheets_read,concurrency,skip,no-observable-effect,"Calls succeed but leave nothing this oracle can see, so overlapping them cannot be judged.",runs/census-v5/isaacphi-mcp-gdrive-dt-census-1.dt.jsonl
@isaacphi/mcp-gdrive,npm:@isaacphi/mcp-gdrive@0.2.0,31291,gsheets_update_cell,answer-stability,pass,answer-reproducible,Two identical calls returned identical answers.,runs/census-v5/isaacphi-mcp-gdrive-dt-census-1.dt.jsonl
@isaacphi/mcp-gdrive,npm:@isaacphi/mcp-gdrive@0.2.0,31291,gsheets_update_cell,idempotency,skip,no-observable-effect,"A successful call produced no observable state change, so retry safety cannot be decided by this oracle.",runs/census-v5/isaacphi-mcp-gdrive-dt-census-1.dt.jsonl
@isaacphi/mcp-gdrive,npm:@isaacphi/mcp-gdrive@0.2.0,31291,gsheets_update_cell,partial-failure,skip,no-observable-effect,"A clean call produced no observable state change, so an interrupted one cannot be judged by this oracle.",runs/census-v5/isaacphi-mcp-gdrive-dt-census-1.dt.jsonl
@isaacphi/mcp-gdrive,npm:@isaacphi/mcp-gdrive@0.2.0,31291,gsheets_update_cell,upstream-idempotency,pass,upstream-method-idempotent,"The retry re-sends PUT sheets.googleapis.com/v4/spreadsheets/%2Fprivate%2Fvar%2Ffolders%2Fsk%2F2dc6gxhx2sx95bx90x1hbg7h0000gn%2FT%2Fdoubletap-isaacphi-mcp-gdrive-upstream-same-gsheets_update_cell-zljb4k%2Fworkspace%2Fnote.txt/values/dt-3bb7cf, but those methods are idempotent by definition in HTTP, so repeating them leaves the same end state, both on the live connection and after a reconnect.",runs/census-v5/isaacphi-mcp-gdrive-dt-census-1.dt.jsonl
@isaacphi/mcp-gdrive,npm:@isaacphi/mcp-gdrive@0.2.0,31291,gsheets_update_cell,concurrency,pass,concurrent-matches-sequential,4 overlapping calls left the same shape of state as the same 4 calls run one at a time.,runs/census-v5/isaacphi-mcp-gdrive-dt-census-1.dt.jsonl
@instantdb/mcp,npm:@instantdb/mcp@1.0.67,30494,get-perms,idempotency,skip,call-failed,"The first call did not succeed, so no retry behaviour could be observed.",runs/census-v5/instantdb-mcp-dt-census-1.dt.jsonl
@instantdb/mcp,npm:@instantdb/mcp@1.0.67,30494,get-perms,partial-failure,skip,call-failed,"An uninterrupted call did not succeed, so there is no reference effect to interrupt.",runs/census-v5/instantdb-mcp-dt-census-1.dt.jsonl
@instantdb/mcp,npm:@instantdb/mcp@1.0.67,30494,get-perms,upstream-idempotency,skip,no-upstream-call,"The call sent nothing upstream, so there is no remote side effect to retry.",runs/census-v5/instantdb-mcp-dt-census-1.dt.jsonl
@instantdb/mcp,npm:@instantdb/mcp@1.0.67,30494,get-perms,concurrency,skip,call-failed,"No call succeeded even one at a time, so there is no correct behaviour to compare against.",runs/census-v5/instantdb-mcp-dt-census-1.dt.jsonl
@instantdb/mcp,npm:@instantdb/mcp@1.0.67,30494,get-schema,idempotency,skip,call-failed,"The first call did not succeed, so no retry behaviour could be observed.",runs/census-v5/instantdb-mcp-dt-census-1.dt.jsonl
@instantdb/mcp,npm:@instantdb/mcp@1.0.67,30494,get-schema,partial-failure,skip,call-failed,"An uninterrupted call did not succeed, so there is no reference effect to interrupt.",runs/census-v5/instantdb-mcp-dt-census-1.dt.jsonl
@instantdb/mcp,npm:@instantdb/mcp@1.0.67,30494,get-schema,upstream-idempotency,skip,no-upstream-call,"The call sent nothing upstream, so there is no remote side effect to retry.",runs/census-v5/instantdb-mcp-dt-census-1.dt.jsonl
@instantdb/mcp,npm:@instantdb/mcp@1.0.67,30494,get-schema,concurrency,skip,call-failed,"No call succeeded even one at a time, so there is no correct behaviour to compare against.",runs/census-v5/instantdb-mcp-dt-census-1.dt.jsonl
@instantdb/mcp,npm:@instantdb/mcp@1.0.67,30494,learn,answer-stability,pass,answer-reproducible,Two identical calls returned identical answers.,runs/census-v5/instantdb-mcp-dt-census-1.dt.jsonl
@instantdb/mcp,npm:@instantdb/mcp@1.0.67,30494,learn,idempotency,skip,no-observable-effect,"A successful call produced no observable state change, so retry safety cannot be decided by this oracle.",runs/census-v5/instantdb-mcp-dt-census-1.dt.jsonl
@instantdb/mcp,npm:@instantdb/mcp@1.0.67,30494,learn,partial-failure,skip,no-observable-effect,"A clean call produced no observable state change, so an interrupted one cannot be judged by this oracle.",runs/census-v5/instantdb-mcp-dt-census-1.dt.jsonl
@instantdb/mcp,npm:@instantdb/mcp@1.0.67,30494,learn,upstream-idempotency,skip,no-upstream-call,"The call sent nothing upstream, so there is no remote side effect to retry.",runs/census-v5/instantdb-mcp-dt-census-1.dt.jsonl
@instantdb/mcp,npm:@instantdb/mcp@1.0.67,30494,learn,concurrency,skip,no-observable-effect,"Calls succeed but leave nothing this oracle can see, so overlapping them cannot be judged.",runs/census-v5/instantdb-mcp-dt-census-1.dt.jsonl
@instantdb/mcp,npm:@instantdb/mcp@1.0.67,30494,push-perms,idempotency,skip,call-failed,"The first call did not succeed, so no retry behaviour could be observed.",runs/census-v5/instantdb-mcp-dt-census-1.dt.jsonl
@instantdb/mcp,npm:@instantdb/mcp@1.0.67,30494,push-perms,partial-failure,skip,call-failed,"An uninterrupted call did not succeed, so there is no reference effect to interrupt.",runs/census-v5/instantdb-mcp-dt-census-1.dt.jsonl
@instantdb/mcp,npm:@instantdb/mcp@1.0.67,30494,push-perms,upstream-idempotency,skip,no-upstream-call,"The call sent nothing upstream, so there is no remote side effect to retry.",runs/census-v5/instantdb-mcp-dt-census-1.dt.jsonl
@instantdb/mcp,npm:@instantdb/mcp@1.0.67,30494,push-perms,concurrency,skip,call-failed,"No call succeeded even one at a time, so there is no correct behaviour to compare against.",runs/census-v5/instantdb-mcp-dt-census-1.dt.jsonl
@instantdb/mcp,npm:@instantdb/mcp@1.0.67,30494,push-schema,idempotency,skip,call-failed,"The first call did not succeed, so no retry behaviour could be observed.",runs/census-v5/instantdb-mcp-dt-census-1.dt.jsonl
@instantdb/mcp,npm:@instantdb/mcp@1.0.67,30494,push-schema,partial-failure,skip,call-failed,"An uninterrupted call did not succeed, so there is no reference effect to interrupt.",runs/census-v5/instantdb-mcp-dt-census-1.dt.jsonl
@instantdb/mcp,npm:@instantdb/mcp@1.0.67,30494,push-schema,upstream-idempotency,skip,no-upstream-call,"The call sent nothing upstream, so there is no remote side effect to retry.",runs/census-v5/instantdb-mcp-dt-census-1.dt.jsonl
@instantdb/mcp,npm:@instantdb/mcp@1.0.67,30494,push-schema,concurrency,skip,call-failed,"No call succeeded even one at a time, so there is no correct behaviour to compare against.",runs/census-v5/instantdb-mcp-dt-census-1.dt.jsonl
@instantdb/mcp,npm:@instantdb/mcp@1.0.67,30494,query,idempotency,skip,call-failed,"The first call did not succeed, so no retry behaviour could be observed.",runs/census-v5/instantdb-mcp-dt-census-1.dt.jsonl
@instantdb/mcp,npm:@instantdb/mcp@1.0.67,30494,query,partial-failure,skip,call-failed,"An uninterrupted call did not succeed, so there is no reference effect to interrupt.",runs/census-v5/instantdb-mcp-dt-census-1.dt.jsonl
@instantdb/mcp,npm:@instantdb/mcp@1.0.67,30494,query,upstream-idempotency,skip,no-upstream-call,"The call sent nothing upstream, so there is no remote side effect to retry.",runs/census-v5/instantdb-mcp-dt-census-1.dt.jsonl
@instantdb/mcp,npm:@instantdb/mcp@1.0.67,30494,query,concurrency,skip,call-failed,"No call succeeded even one at a time, so there is no correct behaviour to compare against.",runs/census-v5/instantdb-mcp-dt-census-1.dt.jsonl
@instantdb/mcp,npm:@instantdb/mcp@1.0.67,30494,transact,idempotency,skip,call-failed,"The first call did not succeed, so no retry behaviour could be observed.",runs/census-v5/instantdb-mcp-dt-census-1.dt.jsonl
@instantdb/mcp,npm:@instantdb/mcp@1.0.67,30494,transact,partial-failure,skip,call-failed,"An uninterrupted call did not succeed, so there is no reference effect to interrupt.",runs/census-v5/instantdb-mcp-dt-census-1.dt.jsonl
@instantdb/mcp,npm:@instantdb/mcp@1.0.67,30494,transact,upstream-idempotency,skip,no-upstream-call,"The call sent nothing upstream, so there is no remote side effect to retry.",runs/census-v5/instantdb-mcp-dt-census-1.dt.jsonl
@instantdb/mcp,npm:@instantdb/mcp@1.0.67,30494,transact,concurrency,skip,call-failed,"No call succeeded even one at a time, so there is no correct behaviour to compare against.",runs/census-v5/instantdb-mcp-dt-census-1.dt.jsonl
@microsoft/clarity-mcp-server,npm:@microsoft/clarity-mcp-server@2.0.1,29647,list-session-recordings,idempotency,skip,call-failed,"The first call did not succeed, so no retry behaviour could be observed.",runs/census-v5/microsoft-clarity-mcp-server-dt-census-1.dt.jsonl
@microsoft/clarity-mcp-server,npm:@microsoft/clarity-mcp-server@2.0.1,29647,list-session-recordings,partial-failure,skip,read-only-confirmed,"The tool declares readOnlyHint, so there is no effect to leave half done.",runs/census-v5/microsoft-clarity-mcp-server-dt-census-1.dt.jsonl
@microsoft/clarity-mcp-server,npm:@microsoft/clarity-mcp-server@2.0.1,29647,list-session-recordings,upstream-idempotency,skip,no-upstream-call,"The call sent nothing upstream, so there is no remote side effect to retry.",runs/census-v5/microsoft-clarity-mcp-server-dt-census-1.dt.jsonl
@microsoft/clarity-mcp-server,npm:@microsoft/clarity-mcp-server@2.0.1,29647,list-session-recordings,concurrency,skip,read-only-confirmed,"The tool declares readOnlyHint, so overlapping calls have nothing to corrupt.",runs/census-v5/microsoft-clarity-mcp-server-dt-census-1.dt.jsonl
@microsoft/clarity-mcp-server,npm:@microsoft/clarity-mcp-server@2.0.1,29647,query-analytics-dashboard,answer-stability,pass,answer-reproducible,Two identical calls returned identical answers.,runs/census-v5/microsoft-clarity-mcp-server-dt-census-1.dt.jsonl
@microsoft/clarity-mcp-server,npm:@microsoft/clarity-mcp-server@2.0.1,29647,query-analytics-dashboard,idempotency,pass,read-only-confirmed,Declares readOnlyHint: true and a successful call left the observable state unchanged.,runs/census-v5/microsoft-clarity-mcp-server-dt-census-1.dt.jsonl
@microsoft/clarity-mcp-server,npm:@microsoft/clarity-mcp-server@2.0.1,29647,query-analytics-dashboard,partial-failure,skip,read-only-confirmed,"The tool declares readOnlyHint, so there is no effect to leave half done.",runs/census-v5/microsoft-clarity-mcp-server-dt-census-1.dt.jsonl
@microsoft/clarity-mcp-server,npm:@microsoft/clarity-mcp-server@2.0.1,29647,query-analytics-dashboard,upstream-idempotency,skip,no-upstream-call,"The call sent nothing upstream, so there is no remote side effect to retry.",runs/census-v5/microsoft-clarity-mcp-server-dt-census-1.dt.jsonl
@microsoft/clarity-mcp-server,npm:@microsoft/clarity-mcp-server@2.0.1,29647,query-analytics-dashboard,concurrency,skip,read-only-confirmed,"The tool declares readOnlyHint, so overlapping calls have nothing to corrupt.",runs/census-v5/microsoft-clarity-mcp-server-dt-census-1.dt.jsonl
@microsoft/clarity-mcp-server,npm:@microsoft/clarity-mcp-server@2.0.1,29647,query-documentation-resources,answer-stability,pass,answer-reproducible,Two identical calls returned identical answers.,runs/census-v5/microsoft-clarity-mcp-server-dt-census-1.dt.jsonl
@microsoft/clarity-mcp-server,npm:@microsoft/clarity-mcp-server@2.0.1,29647,query-documentation-resources,idempotency,pass,read-only-confirmed,Declares readOnlyHint: true and a successful call left the observable state unchanged.,runs/census-v5/microsoft-clarity-mcp-server-dt-census-1.dt.jsonl
@microsoft/clarity-mcp-server,npm:@microsoft/clarity-mcp-server@2.0.1,29647,query-documentation-resources,partial-failure,skip,read-only-confirmed,"The tool declares readOnlyHint, so there is no effect to leave half done.",runs/census-v5/microsoft-clarity-mcp-server-dt-census-1.dt.jsonl
@microsoft/clarity-mcp-server,npm:@microsoft/clarity-mcp-server@2.0.1,29647,query-documentation-resources,upstream-idempotency,skip,no-upstream-call,"The call sent nothing upstream, so there is no remote side effect to retry.",runs/census-v5/microsoft-clarity-mcp-server-dt-census-1.dt.jsonl
@microsoft/clarity-mcp-server,npm:@microsoft/clarity-mcp-server@2.0.1,29647,query-documentation-resources,concurrency,skip,read-only-confirmed,"The tool declares readOnlyHint, so overlapping calls have nothing to corrupt.",runs/census-v5/microsoft-clarity-mcp-server-dt-census-1.dt.jsonl
@brightdata/mcp,npm:@brightdata/mcp@2.11.1,29455,discover,idempotency,skip,call-failed,"The first call did not succeed, so no retry behaviour could be observed.",runs/census-v5/brightdata-mcp-dt-census-1.dt.jsonl
@brightdata/mcp,npm:@brightdata/mcp@2.11.1,29455,discover,partial-failure,skip,read-only-confirmed,"The tool declares readOnlyHint, so there is no effect to leave half done.",runs/census-v5/brightdata-mcp-dt-census-1.dt.jsonl
@brightdata/mcp,npm:@brightdata/mcp@2.11.1,29455,discover,upstream-idempotency,pass,upstream-reads-only,"The retry re-sends POST api.brightdata.com/discover, but the tool declares readOnlyHint, so the request is a query rather than a write, both on the live connection and after a reconnect.",runs/census-v5/brightdata-mcp-dt-census-1.dt.jsonl
@brightdata/mcp,npm:@brightdata/mcp@2.11.1,29455,discover,concurrency,skip,read-only-confirmed,"The tool declares readOnlyHint, so overlapping calls have nothing to corrupt.",runs/census-v5/brightdata-mcp-dt-census-1.dt.jsonl
@brightdata/mcp,npm:@brightdata/mcp@2.11.1,29455,scrape_as_markdown,answer-stability,pass,answer-reproducible,Two identical calls returned identical answers.,runs/census-v5/brightdata-mcp-dt-census-1.dt.jsonl
@brightdata/mcp,npm:@brightdata/mcp@2.11.1,29455,scrape_as_markdown,idempotency,pass,read-only-confirmed,Declares readOnlyHint: true and a successful call left the observable state unchanged.,runs/census-v5/brightdata-mcp-dt-census-1.dt.jsonl
@brightdata/mcp,npm:@brightdata/mcp@2.11.1,29455,scrape_as_markdown,partial-failure,skip,read-only-confirmed,"The tool declares readOnlyHint, so there is no effect to leave half done.",runs/census-v5/brightdata-mcp-dt-census-1.dt.jsonl
@brightdata/mcp,npm:@brightdata/mcp@2.11.1,29455,scrape_as_markdown,upstream-idempotency,pass,upstream-reads-only,"The retry re-sends POST api.brightdata.com/request, but the tool declares readOnlyHint, so the request is a query rather than a write, both on the live connection and after a reconnect.",runs/census-v5/brightdata-mcp-dt-census-1.dt.jsonl
@brightdata/mcp,npm:@brightdata/mcp@2.11.1,29455,scrape_as_markdown,concurrency,skip,read-only-confirmed,"The tool declares readOnlyHint, so overlapping calls have nothing to corrupt.",runs/census-v5/brightdata-mcp-dt-census-1.dt.jsonl
@brightdata/mcp,npm:@brightdata/mcp@2.11.1,29455,scrape_batch,answer-stability,pass,answer-reproducible,Two identical calls returned identical answers.,runs/census-v5/brightdata-mcp-dt-census-1.dt.jsonl
@brightdata/mcp,npm:@brightdata/mcp@2.11.1,29455,scrape_batch,idempotency,pass,read-only-confirmed,Declares readOnlyHint: true and a successful call left the observable state unchanged.,runs/census-v5/brightdata-mcp-dt-census-1.dt.jsonl
@brightdata/mcp,npm:@brightdata/mcp@2.11.1,29455,scrape_batch,partial-failure,skip,read-only-confirmed,"The tool declares readOnlyHint, so there is no effect to leave half done.",runs/census-v5/brightdata-mcp-dt-census-1.dt.jsonl
@brightdata/mcp,npm:@brightdata/mcp@2.11.1,29455,scrape_batch,upstream-idempotency,pass,upstream-reads-only,"The retry re-sends POST api.brightdata.com/request, but the tool declares readOnlyHint, so the request is a query rather than a write, both on the live connection and after a reconnect.",runs/census-v5/brightdata-mcp-dt-census-1.dt.jsonl
@brightdata/mcp,npm:@brightdata/mcp@2.11.1,29455,scrape_batch,concurrency,skip,read-only-confirmed,"The tool declares readOnlyHint, so overlapping calls have nothing to corrupt.",runs/census-v5/brightdata-mcp-dt-census-1.dt.jsonl
@brightdata/mcp,npm:@brightdata/mcp@2.11.1,29455,search_engine,answer-stability,pass,answer-reproducible,Two identical calls returned identical answers.,runs/census-v5/brightdata-mcp-dt-census-1.dt.jsonl
@brightdata/mcp,npm:@brightdata/mcp@2.11.1,29455,search_engine,idempotency,pass,read-only-confirmed,Declares readOnlyHint: true and a successful call left the observable state unchanged.,runs/census-v5/brightdata-mcp-dt-census-1.dt.jsonl
@brightdata/mcp,npm:@brightdata/mcp@2.11.1,29455,search_engine,partial-failure,skip,read-only-confirmed,"The tool declares readOnlyHint, so there is no effect to leave half done.",runs/census-v5/brightdata-mcp-dt-census-1.dt.jsonl
@brightdata/mcp,npm:@brightdata/mcp@2.11.1,29455,search_engine,upstream-idempotency,pass,upstream-reads-only,"The retry re-sends POST api.brightdata.com/request, but the tool declares readOnlyHint, so the request is a query rather than a write, both on the live connection and after a reconnect.",runs/census-v5/brightdata-mcp-dt-census-1.dt.jsonl
@brightdata/mcp,npm:@brightdata/mcp@2.11.1,29455,search_engine,concurrency,skip,read-only-confirmed,"The tool declares readOnlyHint, so overlapping calls have nothing to corrupt.",runs/census-v5/brightdata-mcp-dt-census-1.dt.jsonl
@brightdata/mcp,npm:@brightdata/mcp@2.11.1,29455,search_engine_batch,answer-stability,pass,answer-reproducible,Two identical calls returned identical answers.,runs/census-v5/brightdata-mcp-dt-census-1.dt.jsonl
@brightdata/mcp,npm:@brightdata/mcp@2.11.1,29455,search_engine_batch,idempotency,pass,read-only-confirmed,Declares readOnlyHint: true and a successful call left the observable state unchanged.,runs/census-v5/brightdata-mcp-dt-census-1.dt.jsonl
@brightdata/mcp,npm:@brightdata/mcp@2.11.1,29455,search_engine_batch,partial-failure,skip,read-only-confirmed,"The tool declares readOnlyHint, so there is no effect to leave half done.",runs/census-v5/brightdata-mcp-dt-census-1.dt.jsonl
@brightdata/mcp,npm:@brightdata/mcp@2.11.1,29455,search_engine_batch,upstream-idempotency,pass,upstream-reads-only,"The retry re-sends POST api.brightdata.com/request, but the tool declares readOnlyHint, so the request is a query rather than a write, both on the live connection and after a reconnect.",runs/census-v5/brightdata-mcp-dt-census-1.dt.jsonl
@brightdata/mcp,npm:@brightdata/mcp@2.11.1,29455,search_engine_batch,concurrency,skip,read-only-confirmed,"The tool declares readOnlyHint, so overlapping calls have nothing to corrupt.",runs/census-v5/brightdata-mcp-dt-census-1.dt.jsonl
@pinecone-database/mcp,npm:@pinecone-database/mcp@0.3.0,29023,cascading-search,idempotency,skip,call-failed,"The first call did not succeed, so no retry behaviour could be observed.",runs/census-v5/pinecone-database-mcp-dt-census-1.dt.jsonl
@pinecone-database/mcp,npm:@pinecone-database/mcp@0.3.0,29023,cascading-search,partial-failure,skip,read-only-confirmed,"The tool declares readOnlyHint, so there is no effect to leave half done.",runs/census-v5/pinecone-database-mcp-dt-census-1.dt.jsonl
@pinecone-database/mcp,npm:@pinecone-database/mcp@0.3.0,29023,cascading-search,upstream-idempotency,pass,upstream-reads-only,"The call only reads upstream (GET api.pinecone.io/indexes/dt-30d2a1), so a retry cannot duplicate anything, both on the live connection and after a reconnect.",runs/census-v5/pinecone-database-mcp-dt-census-1.dt.jsonl
@pinecone-database/mcp,npm:@pinecone-database/mcp@0.3.0,29023,cascading-search,concurrency,skip,read-only-confirmed,"The tool declares readOnlyHint, so overlapping calls have nothing to corrupt.",runs/census-v5/pinecone-database-mcp-dt-census-1.dt.jsonl
@pinecone-database/mcp,npm:@pinecone-database/mcp@0.3.0,29023,create-index-for-model,idempotency,skip,call-failed,"The first call did not succeed, so no retry behaviour could be observed.",runs/census-v5/pinecone-database-mcp-dt-census-1.dt.jsonl
@pinecone-database/mcp,npm:@pinecone-database/mcp@0.3.0,29023,create-index-for-model,partial-failure,skip,call-failed,"An uninterrupted call did not succeed, so there is no reference effect to interrupt.",runs/census-v5/pinecone-database-mcp-dt-census-1.dt.jsonl
@pinecone-database/mcp,npm:@pinecone-database/mcp@0.3.0,29023,create-index-for-model,upstream-idempotency,fail,upstream-write-repeated,"The retry re-sends POST api.pinecone.io/indexes/create-for-model with no idempotency header, and the tool declares no readOnlyHint. Either the retry duplicates a write, or the call is a query and the annotation a gateway would use to know that is missing, both on the live connection and after a reconnect.",runs/census-v5/pinecone-database-mcp-dt-census-1.dt.jsonl
@pinecone-database/mcp,npm:@pinecone-database/mcp@0.3.0,29023,create-index-for-model,concurrency,skip,call-failed,"No call succeeded even one at a time, so there is no correct behaviour to compare against.",runs/census-v5/pinecone-database-mcp-dt-census-1.dt.jsonl
@pinecone-database/mcp,npm:@pinecone-database/mcp@0.3.0,29023,describe-index,answer-stability,pass,answer-reproducible,Two identical calls returned identical answers.,runs/census-v5/pinecone-database-mcp-dt-census-1.dt.jsonl
@pinecone-database/mcp,npm:@pinecone-database/mcp@0.3.0,29023,describe-index,idempotency,pass,read-only-confirmed,Declares readOnlyHint: true and a successful call left the observable state unchanged.,runs/census-v5/pinecone-database-mcp-dt-census-1.dt.jsonl
@pinecone-database/mcp,npm:@pinecone-database/mcp@0.3.0,29023,describe-index,partial-failure,skip,read-only-confirmed,"The tool declares readOnlyHint, so there is no effect to leave half done.",runs/census-v5/pinecone-database-mcp-dt-census-1.dt.jsonl
@pinecone-database/mcp,npm:@pinecone-database/mcp@0.3.0,29023,describe-index,upstream-idempotency,pass,upstream-reads-only,"The call only reads upstream (GET api.pinecone.io/indexes/dt-e652fd), so a retry cannot duplicate anything, both on the live connection and after a reconnect.",runs/census-v5/pinecone-database-mcp-dt-census-1.dt.jsonl
@pinecone-database/mcp,npm:@pinecone-database/mcp@0.3.0,29023,describe-index,concurrency,skip,read-only-confirmed,"The tool declares readOnlyHint, so overlapping calls have nothing to corrupt.",runs/census-v5/pinecone-database-mcp-dt-census-1.dt.jsonl
@pinecone-database/mcp,npm:@pinecone-database/mcp@0.3.0,29023,describe-index-stats,idempotency,skip,call-failed,"The first call did not succeed, so no retry behaviour could be observed.",runs/census-v5/pinecone-database-mcp-dt-census-1.dt.jsonl
@pinecone-database/mcp,npm:@pinecone-database/mcp@0.3.0,29023,describe-index-stats,partial-failure,skip,read-only-confirmed,"The tool declares readOnlyHint, so there is no effect to leave half done.",runs/census-v5/pinecone-database-mcp-dt-census-1.dt.jsonl
@pinecone-database/mcp,npm:@pinecone-database/mcp@0.3.0,29023,describe-index-stats,upstream-idempotency,pass,upstream-reads-only,"The call only reads upstream (GET api.pinecone.io/indexes/dt-a3e0ea), so a retry cannot duplicate anything, both on the live connection and after a reconnect.",runs/census-v5/pinecone-database-mcp-dt-census-1.dt.jsonl
@pinecone-database/mcp,npm:@pinecone-database/mcp@0.3.0,29023,describe-index-stats,concurrency,skip,read-only-confirmed,"The tool declares readOnlyHint, so overlapping calls have nothing to corrupt.",runs/census-v5/pinecone-database-mcp-dt-census-1.dt.jsonl
@pinecone-database/mcp,npm:@pinecone-database/mcp@0.3.0,29023,list-indexes,answer-stability,pass,answer-reproducible,Two identical calls returned identical answers.,runs/census-v5/pinecone-database-mcp-dt-census-1.dt.jsonl
@pinecone-database/mcp,npm:@pinecone-database/mcp@0.3.0,29023,list-indexes,idempotency,pass,read-only-confirmed,Declares readOnlyHint: true and a successful call left the observable state unchanged.,runs/census-v5/pinecone-database-mcp-dt-census-1.dt.jsonl
@pinecone-database/mcp,npm:@pinecone-database/mcp@0.3.0,29023,list-indexes,partial-failure,skip,read-only-confirmed,"The tool declares readOnlyHint, so there is no effect to leave half done.",runs/census-v5/pinecone-database-mcp-dt-census-1.dt.jsonl
@pinecone-database/mcp,npm:@pinecone-database/mcp@0.3.0,29023,list-indexes,upstream-idempotency,pass,upstream-reads-only,"The call only reads upstream (GET api.pinecone.io/indexes), so a retry cannot duplicate anything, both on the live connection and after a reconnect.",runs/census-v5/pinecone-database-mcp-dt-census-1.dt.jsonl
@pinecone-database/mcp,npm:@pinecone-database/mcp@0.3.0,29023,list-indexes,concurrency,skip,read-only-confirmed,"The tool declares readOnlyHint, so overlapping calls have nothing to corrupt.",runs/census-v5/pinecone-database-mcp-dt-census-1.dt.jsonl
@pinecone-database/mcp,npm:@pinecone-database/mcp@0.3.0,29023,rerank-documents,idempotency,skip,call-failed,"The first call did not succeed, so no retry behaviour could be observed.",runs/census-v5/pinecone-database-mcp-dt-census-1.dt.jsonl
@pinecone-database/mcp,npm:@pinecone-database/mcp@0.3.0,29023,rerank-documents,partial-failure,skip,read-only-confirmed,"The tool declares readOnlyHint, so there is no effect to leave half done.",runs/census-v5/pinecone-database-mcp-dt-census-1.dt.jsonl
@pinecone-database/mcp,npm:@pinecone-database/mcp@0.3.0,29023,rerank-documents,upstream-idempotency,skip,no-upstream-call,"The call sent nothing upstream, so there is no remote side effect to retry.",runs/census-v5/pinecone-database-mcp-dt-census-1.dt.jsonl
@pinecone-database/mcp,npm:@pinecone-database/mcp@0.3.0,29023,rerank-documents,concurrency,skip,read-only-confirmed,"The tool declares readOnlyHint, so overlapping calls have nothing to corrupt.",runs/census-v5/pinecone-database-mcp-dt-census-1.dt.jsonl
@pinecone-database/mcp,npm:@pinecone-database/mcp@0.3.0,29023,search-docs,idempotency,skip,call-failed,"The first call did not succeed, so no retry behaviour could be observed.",runs/census-v5/pinecone-database-mcp-dt-census-1.dt.jsonl
@pinecone-database/mcp,npm:@pinecone-database/mcp@0.3.0,29023,search-docs,partial-failure,skip,read-only-confirmed,"The tool declares readOnlyHint, so there is no effect to leave half done.",runs/census-v5/pinecone-database-mcp-dt-census-1.dt.jsonl
@pinecone-database/mcp,npm:@pinecone-database/mcp@0.3.0,29023,search-docs,upstream-idempotency,pass,upstream-reads-only,"The retry re-sends POST prod-1-data.ke.pinecone.io/mcp/assistants/pinecone-docs, but the tool declares readOnlyHint, so the request is a query rather than a write, both on the live connection and after a reconnect.",runs/census-v5/pinecone-database-mcp-dt-census-1.dt.jsonl
@pinecone-database/mcp,npm:@pinecone-database/mcp@0.3.0,29023,search-docs,concurrency,skip,read-only-confirmed,"The tool declares readOnlyHint, so overlapping calls have nothing to corrupt.",runs/census-v5/pinecone-database-mcp-dt-census-1.dt.jsonl
@pinecone-database/mcp,npm:@pinecone-database/mcp@0.3.0,29023,search-records,idempotency,skip,call-failed,"The first call did not succeed, so no retry behaviour could be observed.",runs/census-v5/pinecone-database-mcp-dt-census-1.dt.jsonl
@pinecone-database/mcp,npm:@pinecone-database/mcp@0.3.0,29023,search-records,partial-failure,skip,read-only-confirmed,"The tool declares readOnlyHint, so there is no effect to leave half done.",runs/census-v5/pinecone-database-mcp-dt-census-1.dt.jsonl
@pinecone-database/mcp,npm:@pinecone-database/mcp@0.3.0,29023,search-records,upstream-idempotency,pass,upstream-reads-only,"The call only reads upstream (GET api.pinecone.io/indexes/dt-37a214), so a retry cannot duplicate anything, both on the live connection and after a reconnect.",runs/census-v5/pinecone-database-mcp-dt-census-1.dt.jsonl
@pinecone-database/mcp,npm:@pinecone-database/mcp@0.3.0,29023,search-records,concurrency,skip,read-only-confirmed,"The tool declares readOnlyHint, so overlapping calls have nothing to corrupt.",runs/census-v5/pinecone-database-mcp-dt-census-1.dt.jsonl
@mastergo/magic-mcp,npm:@mastergo/magic-mcp@0.2.9,28240,mcp__applyDesign,idempotency,skip,call-failed,"The first call did not succeed, so no retry behaviour could be observed.",runs/census-v5/mastergo-magic-mcp-dt-census-1.dt.jsonl
@mastergo/magic-mcp,npm:@mastergo/magic-mcp@0.2.9,28240,mcp__applyDesign,partial-failure,skip,call-failed,"An uninterrupted call did not succeed, so there is no reference effect to interrupt.",runs/census-v5/mastergo-magic-mcp-dt-census-1.dt.jsonl
@mastergo/magic-mcp,npm:@mastergo/magic-mcp@0.2.9,28240,mcp__applyDesign,upstream-idempotency,skip,no-upstream-call,"The call sent nothing upstream, so there is no remote side effect to retry.",runs/census-v5/mastergo-magic-mcp-dt-census-1.dt.jsonl
@mastergo/magic-mcp,npm:@mastergo/magic-mcp@0.2.9,28240,mcp__applyDesign,concurrency,skip,call-failed,"No call succeeded even one at a time, so there is no correct behaviour to compare against.",runs/census-v5/mastergo-magic-mcp-dt-census-1.dt.jsonl
@mastergo/magic-mcp,npm:@mastergo/magic-mcp@0.2.9,28240,mcp__C2d,idempotency,skip,call-failed,"The first call did not succeed, so no retry behaviour could be observed.",runs/census-v5/mastergo-magic-mcp-dt-census-1.dt.jsonl
@mastergo/magic-mcp,npm:@mastergo/magic-mcp@0.2.9,28240,mcp__C2d,partial-failure,skip,call-failed,"An uninterrupted call did not succeed, so there is no reference effect to interrupt.",runs/census-v5/mastergo-magic-mcp-dt-census-1.dt.jsonl
@mastergo/magic-mcp,npm:@mastergo/magic-mcp@0.2.9,28240,mcp__C2d,upstream-idempotency,skip,no-upstream-call,"The call sent nothing upstream, so there is no remote side effect to retry.",runs/census-v5/mastergo-magic-mcp-dt-census-1.dt.jsonl
@mastergo/magic-mcp,npm:@mastergo/magic-mcp@0.2.9,28240,mcp__C2d,concurrency,skip,call-failed,"No call succeeded even one at a time, so there is no correct behaviour to compare against.",runs/census-v5/mastergo-magic-mcp-dt-census-1.dt.jsonl
@mastergo/magic-mcp,npm:@mastergo/magic-mcp@0.2.9,28240,mcp__extractSvg,idempotency,skip,call-failed,"The first call did not succeed, so no retry behaviour could be observed.",runs/census-v5/mastergo-magic-mcp-dt-census-1.dt.jsonl
@mastergo/magic-mcp,npm:@mastergo/magic-mcp@0.2.9,28240,mcp__extractSvg,partial-failure,skip,call-failed,"An uninterrupted call did not succeed, so there is no reference effect to interrupt.",runs/census-v5/mastergo-magic-mcp-dt-census-1.dt.jsonl
@mastergo/magic-mcp,npm:@mastergo/magic-mcp@0.2.9,28240,mcp__extractSvg,upstream-idempotency,skip,no-upstream-call,"The call sent nothing upstream, so there is no remote side effect to retry.",runs/census-v5/mastergo-magic-mcp-dt-census-1.dt.jsonl
@mastergo/magic-mcp,npm:@mastergo/magic-mcp@0.2.9,28240,mcp__extractSvg,concurrency,skip,call-failed,"No call succeeded even one at a time, so there is no correct behaviour to compare against.",runs/census-v5/mastergo-magic-mcp-dt-census-1.dt.jsonl
@mastergo/magic-mcp,npm:@mastergo/magic-mcp@0.2.9,28240,mcp__getComponentGenerator,idempotency,skip,call-failed,"The first call did not succeed, so no retry behaviour could be observed.",runs/census-v5/mastergo-magic-mcp-dt-census-1.dt.jsonl
@mastergo/magic-mcp,npm:@mastergo/magic-mcp@0.2.9,28240,mcp__getComponentGenerator,partial-failure,skip,call-failed,"An uninterrupted call did not succeed, so there is no reference effect to interrupt.",runs/census-v5/mastergo-magic-mcp-dt-census-1.dt.jsonl
@mastergo/magic-mcp,npm:@mastergo/magic-mcp@0.2.9,28240,mcp__getComponentGenerator,upstream-idempotency,pass,upstream-reads-only,"The call only reads upstream (GET <upstream>/mcp/style), so a retry cannot duplicate anything, both on the live connection and after a reconnect.",runs/census-v5/mastergo-magic-mcp-dt-census-1.dt.jsonl
@mastergo/magic-mcp,npm:@mastergo/magic-mcp@0.2.9,28240,mcp__getComponentGenerator,concurrency,skip,call-failed,"No call succeeded even one at a time, so there is no correct behaviour to compare against.",runs/census-v5/mastergo-magic-mcp-dt-census-1.dt.jsonl
@mastergo/magic-mcp,npm:@mastergo/magic-mcp@0.2.9,28240,mcp__getComponentLink,answer-stability,pass,answer-reproducible,Two identical calls returned identical answers.,runs/census-v5/mastergo-magic-mcp-dt-census-1.dt.jsonl
@mastergo/magic-mcp,npm:@mastergo/magic-mcp@0.2.9,28240,mcp__getComponentLink,idempotency,skip,no-observable-effect,"A successful call produced no observable state change, so retry safety cannot be decided by this oracle.",runs/census-v5/mastergo-magic-mcp-dt-census-1.dt.jsonl
@mastergo/magic-mcp,npm:@mastergo/magic-mcp@0.2.9,28240,mcp__getComponentLink,partial-failure,skip,no-observable-effect,"A clean call produced no observable state change, so an interrupted one cannot be judged by this oracle.",runs/census-v5/mastergo-magic-mcp-dt-census-1.dt.jsonl
@mastergo/magic-mcp,npm:@mastergo/magic-mcp@0.2.9,28240,mcp__getComponentLink,upstream-idempotency,pass,upstream-reads-only,"The call only reads upstream (GET example.invalid/doubletap), so a retry cannot duplicate anything, both on the live connection and after a reconnect.",runs/census-v5/mastergo-magic-mcp-dt-census-1.dt.jsonl
@mastergo/magic-mcp,npm:@mastergo/magic-mcp@0.2.9,28240,mcp__getComponentLink,concurrency,skip,no-observable-effect,"Calls succeed but leave nothing this oracle can see, so overlapping them cannot be judged.",runs/census-v5/mastergo-magic-mcp-dt-census-1.dt.jsonl
@mastergo/magic-mcp,npm:@mastergo/magic-mcp@0.2.9,28240,mcp__getD2c,idempotency,pass,retry-converged,An identical retry left the observable state unchanged.,runs/census-v5/mastergo-magic-mcp-dt-census-1.dt.jsonl
@mastergo/magic-mcp,npm:@mastergo/magic-mcp@0.2.9,28240,mcp__getD2c,partial-failure,pass,retry-converged,"After a lost acknowledgement and a reconnect, an identical retry converged on the same state.",runs/census-v5/mastergo-magic-mcp-dt-census-1.dt.jsonl
@mastergo/magic-mcp,npm:@mastergo/magic-mcp@0.2.9,28240,mcp__getD2c,partial-failure,pass,truncated-frame-ignored,"A request frame cut in half changed nothing, as it must.",runs/census-v5/mastergo-magic-mcp-dt-census-1.dt.jsonl
@mastergo/magic-mcp,npm:@mastergo/magic-mcp@0.2.9,28240,mcp__getD2c,upstream-idempotency,pass,upstream-reads-only,"The call only reads upstream (GET <upstream>/mcp/d2c/events), so a retry cannot duplicate anything, both on the live connection and after a reconnect.",runs/census-v5/mastergo-magic-mcp-dt-census-1.dt.jsonl
@mastergo/magic-mcp,npm:@mastergo/magic-mcp@0.2.9,28240,mcp__getD2c,concurrency,pass,concurrent-matches-sequential,4 overlapping calls left the same shape of state as the same 4 calls run one at a time.,runs/census-v5/mastergo-magic-mcp-dt-census-1.dt.jsonl
@mastergo/magic-mcp,npm:@mastergo/magic-mcp@0.2.9,28240,mcp__getDesignSections,idempotency,skip,call-failed,"The first call did not succeed, so no retry behaviour could be observed.",runs/census-v5/mastergo-magic-mcp-dt-census-1.dt.jsonl
@mastergo/magic-mcp,npm:@mastergo/magic-mcp@0.2.9,28240,mcp__getDesignSections,partial-failure,skip,call-failed,"An uninterrupted call did not succeed, so there is no reference effect to interrupt.",runs/census-v5/mastergo-magic-mcp-dt-census-1.dt.jsonl
@mastergo/magic-mcp,npm:@mastergo/magic-mcp@0.2.9,28240,mcp__getDesignSections,upstream-idempotency,skip,no-upstream-call,"The call sent nothing upstream, so there is no remote side effect to retry.",runs/census-v5/mastergo-magic-mcp-dt-census-1.dt.jsonl
@mastergo/magic-mcp,npm:@mastergo/magic-mcp@0.2.9,28240,mcp__getDesignSections,concurrency,skip,call-failed,"No call succeeded even one at a time, so there is no correct behaviour to compare against.",runs/census-v5/mastergo-magic-mcp-dt-census-1.dt.jsonl
@mastergo/magic-mcp,npm:@mastergo/magic-mcp@0.2.9,28240,mcp__getDsl,idempotency,skip,call-failed,"The first call did not succeed, so no retry behaviour could be observed.",runs/census-v5/mastergo-magic-mcp-dt-census-1.dt.jsonl
@mastergo/magic-mcp,npm:@mastergo/magic-mcp@0.2.9,28240,mcp__getDsl,partial-failure,skip,call-failed,"An uninterrupted call did not succeed, so there is no reference effect to interrupt.",runs/census-v5/mastergo-magic-mcp-dt-census-1.dt.jsonl
@mastergo/magic-mcp,npm:@mastergo/magic-mcp@0.2.9,28240,mcp__getDsl,upstream-idempotency,skip,no-upstream-call,"The call sent nothing upstream, so there is no remote side effect to retry.",runs/census-v5/mastergo-magic-mcp-dt-census-1.dt.jsonl
@mastergo/magic-mcp,npm:@mastergo/magic-mcp@0.2.9,28240,mcp__getDsl,concurrency,skip,call-failed,"No call succeeded even one at a time, so there is no correct behaviour to compare against.",runs/census-v5/mastergo-magic-mcp-dt-census-1.dt.jsonl
@thirdstrandstudio/mcp-figma,npm:@thirdstrandstudio/mcp-figma@0.7.0,27873,figma_delete_comment,answer-stability,pass,answer-reproducible,Two identical calls returned identical answers.,runs/census-v5/thirdstrandstudio-mcp-figma-dt-census-1.dt.jsonl
@thirdstrandstudio/mcp-figma,npm:@thirdstrandstudio/mcp-figma@0.7.0,27873,figma_delete_comment,idempotency,skip,no-observable-effect,"A successful call produced no observable state change, so retry safety cannot be decided by this oracle.",runs/census-v5/thirdstrandstudio-mcp-figma-dt-census-1.dt.jsonl
@thirdstrandstudio/mcp-figma,npm:@thirdstrandstudio/mcp-figma@0.7.0,27873,figma_delete_comment,partial-failure,skip,no-observable-effect,"A clean call produced no observable state change, so an interrupted one cannot be judged by this oracle.",runs/census-v5/thirdstrandstudio-mcp-figma-dt-census-1.dt.jsonl
@thirdstrandstudio/mcp-figma,npm:@thirdstrandstudio/mcp-figma@0.7.0,27873,figma_delete_comment,upstream-idempotency,pass,upstream-method-idempotent,"The retry re-sends DELETE <upstream>/v1/files/<sandbox>/workspace/note.txt/comments/dt-3f0cfe, but those methods are idempotent by definition in HTTP, so repeating them leaves the same end state, both on the live connection and after a reconnect.",runs/census-v5/thirdstrandstudio-mcp-figma-dt-census-1.dt.jsonl
@thirdstrandstudio/mcp-figma,npm:@thirdstrandstudio/mcp-figma@0.7.0,27873,figma_delete_comment,concurrency,pass,concurrent-matches-sequential,4 overlapping calls left the same shape of state as the same 4 calls run one at a time.,runs/census-v5/thirdstrandstudio-mcp-figma-dt-census-1.dt.jsonl
@thirdstrandstudio/mcp-figma,npm:@thirdstrandstudio/mcp-figma@0.7.0,27873,figma_delete_comment_reaction,answer-stability,pass,answer-reproducible,Two identical calls returned identical answers.,runs/census-v5/thirdstrandstudio-mcp-figma-dt-census-1.dt.jsonl
@thirdstrandstudio/mcp-figma,npm:@thirdstrandstudio/mcp-figma@0.7.0,27873,figma_delete_comment_reaction,idempotency,skip,no-observable-effect,"A successful call produced no observable state change, so retry safety cannot be decided by this oracle.",runs/census-v5/thirdstrandstudio-mcp-figma-dt-census-1.dt.jsonl
@thirdstrandstudio/mcp-figma,npm:@thirdstrandstudio/mcp-figma@0.7.0,27873,figma_delete_comment_reaction,partial-failure,skip,no-observable-effect,"A clean call produced no observable state change, so an interrupted one cannot be judged by this oracle.",runs/census-v5/thirdstrandstudio-mcp-figma-dt-census-1.dt.jsonl
@thirdstrandstudio/mcp-figma,npm:@thirdstrandstudio/mcp-figma@0.7.0,27873,figma_delete_comment_reaction,upstream-idempotency,pass,upstream-method-idempotent,"The retry re-sends DELETE <upstream>/v1/files/<sandbox>/workspace/note.txt/comments/dt-abec17/reactions, but those methods are idempotent by definition in HTTP, so repeating them leaves the same end state, both on the live connection and after a reconnect.",runs/census-v5/thirdstrandstudio-mcp-figma-dt-census-1.dt.jsonl
@thirdstrandstudio/mcp-figma,npm:@thirdstrandstudio/mcp-figma@0.7.0,27873,figma_delete_comment_reaction,concurrency,pass,concurrent-matches-sequential,4 overlapping calls left the same shape of state as the same 4 calls run one at a time.,runs/census-v5/thirdstrandstudio-mcp-figma-dt-census-1.dt.jsonl
@thirdstrandstudio/mcp-figma,npm:@thirdstrandstudio/mcp-figma@0.7.0,27873,figma_delete_webhook,answer-stability,pass,answer-reproducible,Two identical calls returned identical answers.,runs/census-v5/thirdstrandstudio-mcp-figma-dt-census-1.dt.jsonl
@thirdstrandstudio/mcp-figma,npm:@thirdstrandstudio/mcp-figma@0.7.0,27873,figma_delete_webhook,idempotency,skip,no-observable-effect,"A successful call produced no observable state change, so retry safety cannot be decided by this oracle.",runs/census-v5/thirdstrandstudio-mcp-figma-dt-census-1.dt.jsonl
@thirdstrandstudio/mcp-figma,npm:@thirdstrandstudio/mcp-figma@0.7.0,27873,figma_delete_webhook,partial-failure,skip,no-observable-effect,"A clean call produced no observable state change, so an interrupted one cannot be judged by this oracle.",runs/census-v5/thirdstrandstudio-mcp-figma-dt-census-1.dt.jsonl
@thirdstrandstudio/mcp-figma,npm:@thirdstrandstudio/mcp-figma@0.7.0,27873,figma_delete_webhook,upstream-idempotency,pass,upstream-method-idempotent,"The retry re-sends DELETE <upstream>/v2/webhooks/dt-ccc8bc, but those methods are idempotent by definition in HTTP, so repeating them leaves the same end state, both on the live connection and after a reconnect.",runs/census-v5/thirdstrandstudio-mcp-figma-dt-census-1.dt.jsonl
@thirdstrandstudio/mcp-figma,npm:@thirdstrandstudio/mcp-figma@0.7.0,27873,figma_delete_webhook,concurrency,pass,concurrent-matches-sequential,4 overlapping calls left the same shape of state as the same 4 calls run one at a time.,runs/census-v5/thirdstrandstudio-mcp-figma-dt-census-1.dt.jsonl
@thirdstrandstudio/mcp-figma,npm:@thirdstrandstudio/mcp-figma@0.7.0,27873,figma_get_comment_reactions,answer-stability,pass,answer-reproducible,Two identical calls returned identical answers.,runs/census-v5/thirdstrandstudio-mcp-figma-dt-census-1.dt.jsonl
@thirdstrandstudio/mcp-figma,npm:@thirdstrandstudio/mcp-figma@0.7.0,27873,figma_get_comment_reactions,idempotency,skip,no-observable-effect,"A successful call produced no observable state change, so retry safety cannot be decided by this oracle.",runs/census-v5/thirdstrandstudio-mcp-figma-dt-census-1.dt.jsonl
@thirdstrandstudio/mcp-figma,npm:@thirdstrandstudio/mcp-figma@0.7.0,27873,figma_get_comment_reactions,partial-failure,skip,no-observable-effect,"A clean call produced no observable state change, so an interrupted one cannot be judged by this oracle.",runs/census-v5/thirdstrandstudio-mcp-figma-dt-census-1.dt.jsonl
@thirdstrandstudio/mcp-figma,npm:@thirdstrandstudio/mcp-figma@0.7.0,27873,figma_get_comment_reactions,upstream-idempotency,pass,upstream-reads-only,"The call only reads upstream (GET <upstream>/v1/files/<sandbox>/workspace/note.txt/comments/dt-e35945/reactions), so a retry cannot duplicate anything, both on the live connection and after a reconnect.",runs/census-v5/thirdstrandstudio-mcp-figma-dt-census-1.dt.jsonl
@thirdstrandstudio/mcp-figma,npm:@thirdstrandstudio/mcp-figma@0.7.0,27873,figma_get_comment_reactions,concurrency,skip,no-observable-effect,"Calls succeed but leave nothing this oracle can see, so overlapping them cannot be judged.",runs/census-v5/thirdstrandstudio-mcp-figma-dt-census-1.dt.jsonl
@thirdstrandstudio/mcp-figma,npm:@thirdstrandstudio/mcp-figma@0.7.0,27873,figma_get_comments,answer-stability,pass,answer-reproducible,Two identical calls returned identical answers.,runs/census-v5/thirdstrandstudio-mcp-figma-dt-census-1.dt.jsonl
@thirdstrandstudio/mcp-figma,npm:@thirdstrandstudio/mcp-figma@0.7.0,27873,figma_get_comments,idempotency,skip,no-observable-effect,"A successful call produced no observable state change, so retry safety cannot be decided by this oracle.",runs/census-v5/thirdstrandstudio-mcp-figma-dt-census-1.dt.jsonl
@thirdstrandstudio/mcp-figma,npm:@thirdstrandstudio/mcp-figma@0.7.0,27873,figma_get_comments,partial-failure,skip,no-observable-effect,"A clean call produced no observable state change, so an interrupted one cannot be judged by this oracle.",runs/census-v5/thirdstrandstudio-mcp-figma-dt-census-1.dt.jsonl
@thirdstrandstudio/mcp-figma,npm:@thirdstrandstudio/mcp-figma@0.7.0,27873,figma_get_comments,upstream-idempotency,pass,upstream-reads-only,"The call only reads upstream (GET <upstream>/v1/files/<sandbox>/workspace/note.txt/comments), so a retry cannot duplicate anything, both on the live connection and after a reconnect.",runs/census-v5/thirdstrandstudio-mcp-figma-dt-census-1.dt.jsonl
@thirdstrandstudio/mcp-figma,npm:@thirdstrandstudio/mcp-figma@0.7.0,27873,figma_get_comments,concurrency,skip,no-observable-effect,"Calls succeed but leave nothing this oracle can see, so overlapping them cannot be judged.",runs/census-v5/thirdstrandstudio-mcp-figma-dt-census-1.dt.jsonl
@thirdstrandstudio/mcp-figma,npm:@thirdstrandstudio/mcp-figma@0.7.0,27873,figma_get_component,answer-stability,pass,answer-reproducible,Two identical calls returned identical answers.,runs/census-v5/thirdstrandstudio-mcp-figma-dt-census-1.dt.jsonl
@thirdstrandstudio/mcp-figma,npm:@thirdstrandstudio/mcp-figma@0.7.0,27873,figma_get_component,idempotency,skip,no-observable-effect,"A successful call produced no observable state change, so retry safety cannot be decided by this oracle.",runs/census-v5/thirdstrandstudio-mcp-figma-dt-census-1.dt.jsonl
@thirdstrandstudio/mcp-figma,npm:@thirdstrandstudio/mcp-figma@0.7.0,27873,figma_get_component,partial-failure,skip,no-observable-effect,"A clean call produced no observable state change, so an interrupted one cannot be judged by this oracle.",runs/census-v5/thirdstrandstudio-mcp-figma-dt-census-1.dt.jsonl
@thirdstrandstudio/mcp-figma,npm:@thirdstrandstudio/mcp-figma@0.7.0,27873,figma_get_component,upstream-idempotency,pass,upstream-reads-only,"The call only reads upstream (GET <upstream>/v1/components/dt-abb1f8), so a retry cannot duplicate anything, both on the live connection and after a reconnect.",runs/census-v5/thirdstrandstudio-mcp-figma-dt-census-1.dt.jsonl
@thirdstrandstudio/mcp-figma,npm:@thirdstrandstudio/mcp-figma@0.7.0,27873,figma_get_component,concurrency,skip,no-observable-effect,"Calls succeed but leave nothing this oracle can see, so overlapping them cannot be judged.",runs/census-v5/thirdstrandstudio-mcp-figma-dt-census-1.dt.jsonl
@thirdstrandstudio/mcp-figma,npm:@thirdstrandstudio/mcp-figma@0.7.0,27873,figma_get_component_set,answer-stability,pass,answer-reproducible,Two identical calls returned identical answers.,runs/census-v5/thirdstrandstudio-mcp-figma-dt-census-1.dt.jsonl
@thirdstrandstudio/mcp-figma,npm:@thirdstrandstudio/mcp-figma@0.7.0,27873,figma_get_component_set,idempotency,skip,no-observable-effect,"A successful call produced no observable state change, so retry safety cannot be decided by this oracle.",runs/census-v5/thirdstrandstudio-mcp-figma-dt-census-1.dt.jsonl
@thirdstrandstudio/mcp-figma,npm:@thirdstrandstudio/mcp-figma@0.7.0,27873,figma_get_component_set,partial-failure,skip,no-observable-effect,"A clean call produced no observable state change, so an interrupted one cannot be judged by this oracle.",runs/census-v5/thirdstrandstudio-mcp-figma-dt-census-1.dt.jsonl
@thirdstrandstudio/mcp-figma,npm:@thirdstrandstudio/mcp-figma@0.7.0,27873,figma_get_component_set,upstream-idempotency,pass,upstream-reads-only,"The call only reads upstream (GET <upstream>/v1/component_sets/dt-1fd8b2), so a retry cannot duplicate anything, both on the live connection and after a reconnect.",runs/census-v5/thirdstrandstudio-mcp-figma-dt-census-1.dt.jsonl
@thirdstrandstudio/mcp-figma,npm:@thirdstrandstudio/mcp-figma@0.7.0,27873,figma_get_component_set,concurrency,skip,no-observable-effect,"Calls succeed but leave nothing this oracle can see, so overlapping them cannot be judged.",runs/census-v5/thirdstrandstudio-mcp-figma-dt-census-1.dt.jsonl
@thirdstrandstudio/mcp-figma,npm:@thirdstrandstudio/mcp-figma@0.7.0,27873,figma_get_file,answer-stability,pass,answer-reproducible,Two identical calls returned identical answers.,runs/census-v5/thirdstrandstudio-mcp-figma-dt-census-1.dt.jsonl
@thirdstrandstudio/mcp-figma,npm:@thirdstrandstudio/mcp-figma@0.7.0,27873,figma_get_file,idempotency,skip,no-observable-effect,"A successful call produced no observable state change, so retry safety cannot be decided by this oracle.",runs/census-v5/thirdstrandstudio-mcp-figma-dt-census-1.dt.jsonl
@thirdstrandstudio/mcp-figma,npm:@thirdstrandstudio/mcp-figma@0.7.0,27873,figma_get_file,partial-failure,skip,no-observable-effect,"A clean call produced no observable state change, so an interrupted one cannot be judged by this oracle.",runs/census-v5/thirdstrandstudio-mcp-figma-dt-census-1.dt.jsonl
@thirdstrandstudio/mcp-figma,npm:@thirdstrandstudio/mcp-figma@0.7.0,27873,figma_get_file,upstream-idempotency,pass,upstream-reads-only,"The call only reads upstream (GET <upstream>/v1/files/<sandbox>/workspace/note.txt), so a retry cannot duplicate anything, both on the live connection and after a reconnect.",runs/census-v5/thirdstrandstudio-mcp-figma-dt-census-1.dt.jsonl
@thirdstrandstudio/mcp-figma,npm:@thirdstrandstudio/mcp-figma@0.7.0,27873,figma_get_file,concurrency,skip,no-observable-effect,"Calls succeed but leave nothing this oracle can see, so overlapping them cannot be judged.",runs/census-v5/thirdstrandstudio-mcp-figma-dt-census-1.dt.jsonl
@antv/mcp-server-chart,npm:@antv/mcp-server-chart@0.9.10,27429,generate_area_chart,idempotency,skip,call-failed,"The first call did not succeed, so no retry behaviour could be observed.",runs/census-v5/antv-mcp-server-chart-dt-census-1.dt.jsonl
@antv/mcp-server-chart,npm:@antv/mcp-server-chart@0.9.10,27429,generate_area_chart,partial-failure,skip,read-only-confirmed,"The tool declares readOnlyHint, so there is no effect to leave half done.",runs/census-v5/antv-mcp-server-chart-dt-census-1.dt.jsonl
@antv/mcp-server-chart,npm:@antv/mcp-server-chart@0.9.10,27429,generate_area_chart,upstream-idempotency,pass,upstream-reads-only,"The retry re-sends POST antv-studio.alipay.com/api/gpt-vis, but the tool declares readOnlyHint, so the request is a query rather than a write, both on the live connection and after a reconnect.",runs/census-v5/antv-mcp-server-chart-dt-census-1.dt.jsonl
@antv/mcp-server-chart,npm:@antv/mcp-server-chart@0.9.10,27429,generate_area_chart,concurrency,skip,read-only-confirmed,"The tool declares readOnlyHint, so overlapping calls have nothing to corrupt.",runs/census-v5/antv-mcp-server-chart-dt-census-1.dt.jsonl
@antv/mcp-server-chart,npm:@antv/mcp-server-chart@0.9.10,27429,generate_bar_chart,idempotency,skip,call-failed,"The first call did not succeed, so no retry behaviour could be observed.",runs/census-v5/antv-mcp-server-chart-dt-census-1.dt.jsonl
@antv/mcp-server-chart,npm:@antv/mcp-server-chart@0.9.10,27429,generate_bar_chart,partial-failure,skip,read-only-confirmed,"The tool declares readOnlyHint, so there is no effect to leave half done.",runs/census-v5/antv-mcp-server-chart-dt-census-1.dt.jsonl
@antv/mcp-server-chart,npm:@antv/mcp-server-chart@0.9.10,27429,generate_bar_chart,upstream-idempotency,pass,upstream-reads-only,"The retry re-sends POST antv-studio.alipay.com/api/gpt-vis, but the tool declares readOnlyHint, so the request is a query rather than a write, both on the live connection and after a reconnect.",runs/census-v5/antv-mcp-server-chart-dt-census-1.dt.jsonl
@antv/mcp-server-chart,npm:@antv/mcp-server-chart@0.9.10,27429,generate_bar_chart,concurrency,skip,read-only-confirmed,"The tool declares readOnlyHint, so overlapping calls have nothing to corrupt.",runs/census-v5/antv-mcp-server-chart-dt-census-1.dt.jsonl
@antv/mcp-server-chart,npm:@antv/mcp-server-chart@0.9.10,27429,generate_boxplot_chart,idempotency,skip,call-failed,"The first call did not succeed, so no retry behaviour could be observed.",runs/census-v5/antv-mcp-server-chart-dt-census-1.dt.jsonl
@antv/mcp-server-chart,npm:@antv/mcp-server-chart@0.9.10,27429,generate_boxplot_chart,partial-failure,skip,read-only-confirmed,"The tool declares readOnlyHint, so there is no effect to leave half done.",runs/census-v5/antv-mcp-server-chart-dt-census-1.dt.jsonl
@antv/mcp-server-chart,npm:@antv/mcp-server-chart@0.9.10,27429,generate_boxplot_chart,upstream-idempotency,pass,upstream-reads-only,"The retry re-sends POST antv-studio.alipay.com/api/gpt-vis, but the tool declares readOnlyHint, so the request is a query rather than a write, both on the live connection and after a reconnect.",runs/census-v5/antv-mcp-server-chart-dt-census-1.dt.jsonl
@antv/mcp-server-chart,npm:@antv/mcp-server-chart@0.9.10,27429,generate_boxplot_chart,concurrency,skip,read-only-confirmed,"The tool declares readOnlyHint, so overlapping calls have nothing to corrupt.",runs/census-v5/antv-mcp-server-chart-dt-census-1.dt.jsonl
@antv/mcp-server-chart,npm:@antv/mcp-server-chart@0.9.10,27429,generate_column_chart,idempotency,skip,call-failed,"The first call did not succeed, so no retry behaviour could be observed.",runs/census-v5/antv-mcp-server-chart-dt-census-1.dt.jsonl
@antv/mcp-server-chart,npm:@antv/mcp-server-chart@0.9.10,27429,generate_column_chart,partial-failure,skip,read-only-confirmed,"The tool declares readOnlyHint, so there is no effect to leave half done.",runs/census-v5/antv-mcp-server-chart-dt-census-1.dt.jsonl
@antv/mcp-server-chart,npm:@antv/mcp-server-chart@0.9.10,27429,generate_column_chart,upstream-idempotency,pass,upstream-reads-only,"The retry re-sends POST antv-studio.alipay.com/api/gpt-vis, but the tool declares readOnlyHint, so the request is a query rather than a write, both on the live connection and after a reconnect.",runs/census-v5/antv-mcp-server-chart-dt-census-1.dt.jsonl
@antv/mcp-server-chart,npm:@antv/mcp-server-chart@0.9.10,27429,generate_column_chart,concurrency,skip,read-only-confirmed,"The tool declares readOnlyHint, so overlapping calls have nothing to corrupt.",runs/census-v5/antv-mcp-server-chart-dt-census-1.dt.jsonl
@antv/mcp-server-chart,npm:@antv/mcp-server-chart@0.9.10,27429,generate_district_map,idempotency,skip,call-failed,"The first call did not succeed, so no retry behaviour could be observed.",runs/census-v5/antv-mcp-server-chart-dt-census-1.dt.jsonl
@antv/mcp-server-chart,npm:@antv/mcp-server-chart@0.9.10,27429,generate_district_map,partial-failure,skip,read-only-confirmed,"The tool declares readOnlyHint, so there is no effect to leave half done.",runs/census-v5/antv-mcp-server-chart-dt-census-1.dt.jsonl
@antv/mcp-server-chart,npm:@antv/mcp-server-chart@0.9.10,27429,generate_district_map,upstream-idempotency,pass,upstream-reads-only,"The retry re-sends POST antv-studio.alipay.com/api/gpt-vis, but the tool declares readOnlyHint, so the request is a query rather than a write, both on the live connection and after a reconnect.",runs/census-v5/antv-mcp-server-chart-dt-census-1.dt.jsonl
@antv/mcp-server-chart,npm:@antv/mcp-server-chart@0.9.10,27429,generate_district_map,concurrency,skip,read-only-confirmed,"The tool declares readOnlyHint, so overlapping calls have nothing to corrupt.",runs/census-v5/antv-mcp-server-chart-dt-census-1.dt.jsonl
@antv/mcp-server-chart,npm:@antv/mcp-server-chart@0.9.10,27429,generate_dual_axes_chart,idempotency,skip,call-failed,"The first call did not succeed, so no retry behaviour could be observed.",runs/census-v5/antv-mcp-server-chart-dt-census-1.dt.jsonl
@antv/mcp-server-chart,npm:@antv/mcp-server-chart@0.9.10,27429,generate_dual_axes_chart,partial-failure,skip,read-only-confirmed,"The tool declares readOnlyHint, so there is no effect to leave half done.",runs/census-v5/antv-mcp-server-chart-dt-census-1.dt.jsonl
@antv/mcp-server-chart,npm:@antv/mcp-server-chart@0.9.10,27429,generate_dual_axes_chart,upstream-idempotency,pass,upstream-reads-only,"The retry re-sends POST antv-studio.alipay.com/api/gpt-vis, but the tool declares readOnlyHint, so the request is a query rather than a write, both on the live connection and after a reconnect.",runs/census-v5/antv-mcp-server-chart-dt-census-1.dt.jsonl
@antv/mcp-server-chart,npm:@antv/mcp-server-chart@0.9.10,27429,generate_dual_axes_chart,concurrency,skip,read-only-confirmed,"The tool declares readOnlyHint, so overlapping calls have nothing to corrupt.",runs/census-v5/antv-mcp-server-chart-dt-census-1.dt.jsonl
@antv/mcp-server-chart,npm:@antv/mcp-server-chart@0.9.10,27429,generate_fishbone_diagram,idempotency,skip,call-failed,"The first call did not succeed, so no retry behaviour could be observed.",runs/census-v5/antv-mcp-server-chart-dt-census-1.dt.jsonl
@antv/mcp-server-chart,npm:@antv/mcp-server-chart@0.9.10,27429,generate_fishbone_diagram,partial-failure,skip,read-only-confirmed,"The tool declares readOnlyHint, so there is no effect to leave half done.",runs/census-v5/antv-mcp-server-chart-dt-census-1.dt.jsonl
@antv/mcp-server-chart,npm:@antv/mcp-server-chart@0.9.10,27429,generate_fishbone_diagram,upstream-idempotency,pass,upstream-reads-only,"The retry re-sends POST antv-studio.alipay.com/api/gpt-vis, but the tool declares readOnlyHint, so the request is a query rather than a write, both on the live connection and after a reconnect.",runs/census-v5/antv-mcp-server-chart-dt-census-1.dt.jsonl
@antv/mcp-server-chart,npm:@antv/mcp-server-chart@0.9.10,27429,generate_fishbone_diagram,concurrency,skip,read-only-confirmed,"The tool declares readOnlyHint, so overlapping calls have nothing to corrupt.",runs/census-v5/antv-mcp-server-chart-dt-census-1.dt.jsonl
@antv/mcp-server-chart,npm:@antv/mcp-server-chart@0.9.10,27429,generate_flow_diagram,idempotency,skip,call-failed,"The first call did not succeed, so no retry behaviour could be observed.",runs/census-v5/antv-mcp-server-chart-dt-census-1.dt.jsonl
@antv/mcp-server-chart,npm:@antv/mcp-server-chart@0.9.10,27429,generate_flow_diagram,partial-failure,skip,read-only-confirmed,"The tool declares readOnlyHint, so there is no effect to leave half done.",runs/census-v5/antv-mcp-server-chart-dt-census-1.dt.jsonl
@antv/mcp-server-chart,npm:@antv/mcp-server-chart@0.9.10,27429,generate_flow_diagram,upstream-idempotency,pass,upstream-reads-only,"The retry re-sends POST antv-studio.alipay.com/api/gpt-vis, but the tool declares readOnlyHint, so the request is a query rather than a write, both on the live connection and after a reconnect.",runs/census-v5/antv-mcp-server-chart-dt-census-1.dt.jsonl
@antv/mcp-server-chart,npm:@antv/mcp-server-chart@0.9.10,27429,generate_flow_diagram,concurrency,skip,read-only-confirmed,"The tool declares readOnlyHint, so overlapping calls have nothing to corrupt.",runs/census-v5/antv-mcp-server-chart-dt-census-1.dt.jsonl
serper-search-scrape-mcp-server,npm:serper-search-scrape-mcp-server@0.1.2,27293,google_search,answer-stability,pass,answer-reproducible,Two identical calls returned identical answers.,runs/census-v5/serper-search-scrape-mcp-server-dt-census-1.dt.jsonl
serper-search-scrape-mcp-server,npm:serper-search-scrape-mcp-server@0.1.2,27293,google_search,idempotency,skip,no-observable-effect,"A successful call produced no observable state change, so retry safety cannot be decided by this oracle.",runs/census-v5/serper-search-scrape-mcp-server-dt-census-1.dt.jsonl
serper-search-scrape-mcp-server,npm:serper-search-scrape-mcp-server@0.1.2,27293,google_search,partial-failure,skip,no-observable-effect,"A clean call produced no observable state change, so an interrupted one cannot be judged by this oracle.",runs/census-v5/serper-search-scrape-mcp-server-dt-census-1.dt.jsonl
serper-search-scrape-mcp-server,npm:serper-search-scrape-mcp-server@0.1.2,27293,google_search,upstream-idempotency,fail,upstream-write-repeated,"The retry re-sends POST google.serper.dev/search with no idempotency header, and the tool declares no readOnlyHint. Either the retry duplicates a write, or the call is a query and the annotation a gateway would use to know that is missing, both on the live connection and after a reconnect.",runs/census-v5/serper-search-scrape-mcp-server-dt-census-1.dt.jsonl
serper-search-scrape-mcp-server,npm:serper-search-scrape-mcp-server@0.1.2,27293,google_search,concurrency,pass,concurrent-matches-sequential,4 overlapping calls left the same shape of state as the same 4 calls run one at a time.,runs/census-v5/serper-search-scrape-mcp-server-dt-census-1.dt.jsonl
serper-search-scrape-mcp-server,npm:serper-search-scrape-mcp-server@0.1.2,27293,scrape,answer-stability,pass,answer-reproducible,Two identical calls returned identical answers.,runs/census-v5/serper-search-scrape-mcp-server-dt-census-1.dt.jsonl
serper-search-scrape-mcp-server,npm:serper-search-scrape-mcp-server@0.1.2,27293,scrape,idempotency,skip,no-observable-effect,"A successful call produced no observable state change, so retry safety cannot be decided by this oracle.",runs/census-v5/serper-search-scrape-mcp-server-dt-census-1.dt.jsonl
serper-search-scrape-mcp-server,npm:serper-search-scrape-mcp-server@0.1.2,27293,scrape,partial-failure,skip,no-observable-effect,"A clean call produced no observable state change, so an interrupted one cannot be judged by this oracle.",runs/census-v5/serper-search-scrape-mcp-server-dt-census-1.dt.jsonl
serper-search-scrape-mcp-server,npm:serper-search-scrape-mcp-server@0.1.2,27293,scrape,upstream-idempotency,fail,upstream-write-repeated,"The retry re-sends POST scrape.serper.dev/ with no idempotency header, and the tool declares no readOnlyHint. Either the retry duplicates a write, or the call is a query and the annotation a gateway would use to know that is missing, both on the live connection and after a reconnect.",runs/census-v5/serper-search-scrape-mcp-server-dt-census-1.dt.jsonl
serper-search-scrape-mcp-server,npm:serper-search-scrape-mcp-server@0.1.2,27293,scrape,concurrency,pass,concurrent-matches-sequential,4 overlapping calls left the same shape of state as the same 4 calls run one at a time.,runs/census-v5/serper-search-scrape-mcp-server-dt-census-1.dt.jsonl
@aashari/mcp-server-atlassian-confluence,npm:@aashari/mcp-server-atlassian-confluence@3.3.0,26963,conf_delete,answer-stability,pass,answer-reproducible,Two identical calls returned identical answers.,runs/census-v5/aashari-mcp-server-atlassian-confluence-dt-census-1.dt.jsonl
@aashari/mcp-server-atlassian-confluence,npm:@aashari/mcp-server-atlassian-confluence@3.3.0,26963,conf_delete,idempotency,skip,no-observable-effect,"A successful call produced no observable state change, so retry safety cannot be decided by this oracle.",runs/census-v5/aashari-mcp-server-atlassian-confluence-dt-census-1.dt.jsonl
@aashari/mcp-server-atlassian-confluence,npm:@aashari/mcp-server-atlassian-confluence@3.3.0,26963,conf_delete,partial-failure,skip,no-observable-effect,"A clean call produced no observable state change, so an interrupted one cannot be judged by this oracle.",runs/census-v5/aashari-mcp-server-atlassian-confluence-dt-census-1.dt.jsonl
@aashari/mcp-server-atlassian-confluence,npm:@aashari/mcp-server-atlassian-confluence@3.3.0,26963,conf_delete,upstream-idempotency,skip,no-upstream-call,"The call sent nothing upstream, so there is no remote side effect to retry.",runs/census-v5/aashari-mcp-server-atlassian-confluence-dt-census-1.dt.jsonl
@aashari/mcp-server-atlassian-confluence,npm:@aashari/mcp-server-atlassian-confluence@3.3.0,26963,conf_delete,concurrency,skip,no-observable-effect,"Calls succeed but leave nothing this oracle can see, so overlapping them cannot be judged.",runs/census-v5/aashari-mcp-server-atlassian-confluence-dt-census-1.dt.jsonl
@aashari/mcp-server-atlassian-confluence,npm:@aashari/mcp-server-atlassian-confluence@3.3.0,26963,conf_get,answer-stability,pass,answer-reproducible,Two identical calls returned identical answers.,runs/census-v5/aashari-mcp-server-atlassian-confluence-dt-census-1.dt.jsonl
@aashari/mcp-server-atlassian-confluence,npm:@aashari/mcp-server-atlassian-confluence@3.3.0,26963,conf_get,idempotency,skip,no-observable-effect,"A successful call produced no observable state change, so retry safety cannot be decided by this oracle.",runs/census-v5/aashari-mcp-server-atlassian-confluence-dt-census-1.dt.jsonl
@aashari/mcp-server-atlassian-confluence,npm:@aashari/mcp-server-atlassian-confluence@3.3.0,26963,conf_get,partial-failure,skip,no-observable-effect,"A clean call produced no observable state change, so an interrupted one cannot be judged by this oracle.",runs/census-v5/aashari-mcp-server-atlassian-confluence-dt-census-1.dt.jsonl
@aashari/mcp-server-atlassian-confluence,npm:@aashari/mcp-server-atlassian-confluence@3.3.0,26963,conf_get,upstream-idempotency,skip,no-upstream-call,"The call sent nothing upstream, so there is no remote side effect to retry.",runs/census-v5/aashari-mcp-server-atlassian-confluence-dt-census-1.dt.jsonl
@aashari/mcp-server-atlassian-confluence,npm:@aashari/mcp-server-atlassian-confluence@3.3.0,26963,conf_get,concurrency,skip,no-observable-effect,"Calls succeed but leave nothing this oracle can see, so overlapping them cannot be judged.",runs/census-v5/aashari-mcp-server-atlassian-confluence-dt-census-1.dt.jsonl
@aashari/mcp-server-atlassian-confluence,npm:@aashari/mcp-server-atlassian-confluence@3.3.0,26963,conf_patch,answer-stability,pass,answer-reproducible,Two identical calls returned identical answers.,runs/census-v5/aashari-mcp-server-atlassian-confluence-dt-census-1.dt.jsonl
@aashari/mcp-server-atlassian-confluence,npm:@aashari/mcp-server-atlassian-confluence@3.3.0,26963,conf_patch,idempotency,skip,no-observable-effect,"A successful call produced no observable state change, so retry safety cannot be decided by this oracle.",runs/census-v5/aashari-mcp-server-atlassian-confluence-dt-census-1.dt.jsonl
@aashari/mcp-server-atlassian-confluence,npm:@aashari/mcp-server-atlassian-confluence@3.3.0,26963,conf_patch,partial-failure,skip,no-observable-effect,"A clean call produced no observable state change, so an interrupted one cannot be judged by this oracle.",runs/census-v5/aashari-mcp-server-atlassian-confluence-dt-census-1.dt.jsonl
@aashari/mcp-server-atlassian-confluence,npm:@aashari/mcp-server-atlassian-confluence@3.3.0,26963,conf_patch,upstream-idempotency,skip,no-upstream-call,"The call sent nothing upstream, so there is no remote side effect to retry.",runs/census-v5/aashari-mcp-server-atlassian-confluence-dt-census-1.dt.jsonl
@aashari/mcp-server-atlassian-confluence,npm:@aashari/mcp-server-atlassian-confluence@3.3.0,26963,conf_patch,concurrency,skip,no-observable-effect,"Calls succeed but leave nothing this oracle can see, so overlapping them cannot be judged.",runs/census-v5/aashari-mcp-server-atlassian-confluence-dt-census-1.dt.jsonl
@aashari/mcp-server-atlassian-confluence,npm:@aashari/mcp-server-atlassian-confluence@3.3.0,26963,conf_post,answer-stability,pass,answer-reproducible,Two identical calls returned identical answers.,runs/census-v5/aashari-mcp-server-atlassian-confluence-dt-census-1.dt.jsonl
@aashari/mcp-server-atlassian-confluence,npm:@aashari/mcp-server-atlassian-confluence@3.3.0,26963,conf_post,idempotency,skip,no-observable-effect,"A successful call produced no observable state change, so retry safety cannot be decided by this oracle.",runs/census-v5/aashari-mcp-server-atlassian-confluence-dt-census-1.dt.jsonl
@aashari/mcp-server-atlassian-confluence,npm:@aashari/mcp-server-atlassian-confluence@3.3.0,26963,conf_post,partial-failure,skip,no-observable-effect,"A clean call produced no observable state change, so an interrupted one cannot be judged by this oracle.",runs/census-v5/aashari-mcp-server-atlassian-confluence-dt-census-1.dt.jsonl
@aashari/mcp-server-atlassian-confluence,npm:@aashari/mcp-server-atlassian-confluence@3.3.0,26963,conf_post,upstream-idempotency,skip,no-upstream-call,"The call sent nothing upstream, so there is no remote side effect to retry.",runs/census-v5/aashari-mcp-server-atlassian-confluence-dt-census-1.dt.jsonl
@aashari/mcp-server-atlassian-confluence,npm:@aashari/mcp-server-atlassian-confluence@3.3.0,26963,conf_post,concurrency,skip,no-observable-effect,"Calls succeed but leave nothing this oracle can see, so overlapping them cannot be judged.",runs/census-v5/aashari-mcp-server-atlassian-confluence-dt-census-1.dt.jsonl
@aashari/mcp-server-atlassian-confluence,npm:@aashari/mcp-server-atlassian-confluence@3.3.0,26963,conf_put,answer-stability,pass,answer-reproducible,Two identical calls returned identical answers.,runs/census-v5/aashari-mcp-server-atlassian-confluence-dt-census-1.dt.jsonl
@aashari/mcp-server-atlassian-confluence,npm:@aashari/mcp-server-atlassian-confluence@3.3.0,26963,conf_put,idempotency,skip,no-observable-effect,"A successful call produced no observable state change, so retry safety cannot be decided by this oracle.",runs/census-v5/aashari-mcp-server-atlassian-confluence-dt-census-1.dt.jsonl
@aashari/mcp-server-atlassian-confluence,npm:@aashari/mcp-server-atlassian-confluence@3.3.0,26963,conf_put,partial-failure,skip,no-observable-effect,"A clean call produced no observable state change, so an interrupted one cannot be judged by this oracle.",runs/census-v5/aashari-mcp-server-atlassian-confluence-dt-census-1.dt.jsonl
@aashari/mcp-server-atlassian-confluence,npm:@aashari/mcp-server-atlassian-confluence@3.3.0,26963,conf_put,upstream-idempotency,skip,no-upstream-call,"The call sent nothing upstream, so there is no remote side effect to retry.",runs/census-v5/aashari-mcp-server-atlassian-confluence-dt-census-1.dt.jsonl
@aashari/mcp-server-atlassian-confluence,npm:@aashari/mcp-server-atlassian-confluence@3.3.0,26963,conf_put,concurrency,skip,no-observable-effect,"Calls succeed but leave nothing this oracle can see, so overlapping them cannot be judged.",runs/census-v5/aashari-mcp-server-atlassian-confluence-dt-census-1.dt.jsonl
brilliant-directories-mcp,npm:brilliant-directories-mcp@6.58.608,26452,createCategoryTree,idempotency,skip,call-failed,"The first call did not succeed, so no retry behaviour could be observed.",runs/census-v5/brilliant-directories-mcp-dt-census-1.dt.jsonl
brilliant-directories-mcp,npm:brilliant-directories-mcp@6.58.608,26452,createCategoryTree,partial-failure,skip,call-failed,"An uninterrupted call did not succeed, so there is no reference effect to interrupt.",runs/census-v5/brilliant-directories-mcp-dt-census-1.dt.jsonl
brilliant-directories-mcp,npm:brilliant-directories-mcp@6.58.608,26452,createCategoryTree,upstream-idempotency,fail,upstream-write-repeated,"The retry re-sends POST <upstream>/api/v2/list_professions/create with no idempotency header, and the tool declares no readOnlyHint. Either the retry duplicates a write, or the call is a query and the annotation a gateway would use to know that is missing, both on the live connection and after a reconnect.",runs/census-v5/brilliant-directories-mcp-dt-census-1.dt.jsonl
brilliant-directories-mcp,npm:brilliant-directories-mcp@6.58.608,26452,createCategoryTree,concurrency,skip,call-failed,"No call succeeded even one at a time, so there is no correct behaviour to compare against.",runs/census-v5/brilliant-directories-mcp-dt-census-1.dt.jsonl
brilliant-directories-mcp,npm:brilliant-directories-mcp@6.58.608,26452,createClick,answer-stability,pass,answer-reproducible,Two identical calls returned identical answers.,runs/census-v5/brilliant-directories-mcp-dt-census-1.dt.jsonl
brilliant-directories-mcp,npm:brilliant-directories-mcp@6.58.608,26452,createClick,idempotency,skip,no-observable-effect,"A successful call produced no observable state change, so retry safety cannot be decided by this oracle.",runs/census-v5/brilliant-directories-mcp-dt-census-1.dt.jsonl
brilliant-directories-mcp,npm:brilliant-directories-mcp@6.58.608,26452,createClick,partial-failure,skip,no-observable-effect,"A clean call produced no observable state change, so an interrupted one cannot be judged by this oracle.",runs/census-v5/brilliant-directories-mcp-dt-census-1.dt.jsonl
brilliant-directories-mcp,npm:brilliant-directories-mcp@6.58.608,26452,createClick,upstream-idempotency,fail,upstream-write-repeated,"The retry re-sends POST <upstream>/api/v2/users_clicks/create with no idempotency header, and the tool declares no readOnlyHint. Either the retry duplicates a write, or the call is a query and the annotation a gateway would use to know that is missing, both on the live connection and after a reconnect.",runs/census-v5/brilliant-directories-mcp-dt-census-1.dt.jsonl
brilliant-directories-mcp,npm:brilliant-directories-mcp@6.58.608,26452,createClick,concurrency,pass,concurrent-matches-sequential,4 overlapping calls left the same shape of state as the same 4 calls run one at a time.,runs/census-v5/brilliant-directories-mcp-dt-census-1.dt.jsonl
brilliant-directories-mcp,npm:brilliant-directories-mcp@6.58.608,26452,createDataType,answer-stability,pass,answer-reproducible,Two identical calls returned identical answers.,runs/census-v5/brilliant-directories-mcp-dt-census-1.dt.jsonl
brilliant-directories-mcp,npm:brilliant-directories-mcp@6.58.608,26452,createDataType,idempotency,skip,no-observable-effect,"A successful call produced no observable state change, so retry safety cannot be decided by this oracle.",runs/census-v5/brilliant-directories-mcp-dt-census-1.dt.jsonl
brilliant-directories-mcp,npm:brilliant-directories-mcp@6.58.608,26452,createDataType,partial-failure,skip,no-observable-effect,"A clean call produced no observable state change, so an interrupted one cannot be judged by this oracle.",runs/census-v5/brilliant-directories-mcp-dt-census-1.dt.jsonl
brilliant-directories-mcp,npm:brilliant-directories-mcp@6.58.608,26452,createDataType,upstream-idempotency,fail,upstream-write-repeated,"The retry re-sends POST <upstream>/api/v2/data_types/create with no idempotency header, and the tool declares no readOnlyHint. Either the retry duplicates a write, or the call is a query and the annotation a gateway would use to know that is missing, both on the live connection and after a reconnect.",runs/census-v5/brilliant-directories-mcp-dt-census-1.dt.jsonl
brilliant-directories-mcp,npm:brilliant-directories-mcp@6.58.608,26452,createDataType,concurrency,pass,concurrent-matches-sequential,4 overlapping calls left the same shape of state as the same 4 calls run one at a time.,runs/census-v5/brilliant-directories-mcp-dt-census-1.dt.jsonl
brilliant-directories-mcp,npm:brilliant-directories-mcp@6.58.608,26452,createEmailTemplate,answer-stability,pass,answer-reproducible,Two identical calls returned identical answers.,runs/census-v5/brilliant-directories-mcp-dt-census-1.dt.jsonl
brilliant-directories-mcp,npm:brilliant-directories-mcp@6.58.608,26452,createEmailTemplate,idempotency,skip,no-observable-effect,"A successful call produced no observable state change, so retry safety cannot be decided by this oracle.",runs/census-v5/brilliant-directories-mcp-dt-census-1.dt.jsonl
brilliant-directories-mcp,npm:brilliant-directories-mcp@6.58.608,26452,createEmailTemplate,partial-failure,skip,no-observable-effect,"A clean call produced no observable state change, so an interrupted one cannot be judged by this oracle.",runs/census-v5/brilliant-directories-mcp-dt-census-1.dt.jsonl
brilliant-directories-mcp,npm:brilliant-directories-mcp@6.58.608,26452,createEmailTemplate,upstream-idempotency,fail,upstream-write-repeated,"The retry re-sends POST <upstream>/api/v2/email_templates/create with no idempotency header, and the tool declares no readOnlyHint. Either the retry duplicates a write, or the call is a query and the annotation a gateway would use to know that is missing, both on the live connection and after a reconnect.",runs/census-v5/brilliant-directories-mcp-dt-census-1.dt.jsonl
brilliant-directories-mcp,npm:brilliant-directories-mcp@6.58.608,26452,createEmailTemplate,concurrency,pass,concurrent-matches-sequential,4 overlapping calls left the same shape of state as the same 4 calls run one at a time.,runs/census-v5/brilliant-directories-mcp-dt-census-1.dt.jsonl
brilliant-directories-mcp,npm:brilliant-directories-mcp@6.58.608,26452,createForm,answer-stability,pass,answer-reproducible,Two identical calls returned identical answers.,runs/census-v5/brilliant-directories-mcp-dt-census-1.dt.jsonl
brilliant-directories-mcp,npm:brilliant-directories-mcp@6.58.608,26452,createForm,idempotency,skip,no-observable-effect,"A successful call produced no observable state change, so retry safety cannot be decided by this oracle.",runs/census-v5/brilliant-directories-mcp-dt-census-1.dt.jsonl
brilliant-directories-mcp,npm:brilliant-directories-mcp@6.58.608,26452,createForm,partial-failure,skip,no-observable-effect,"A clean call produced no observable state change, so an interrupted one cannot be judged by this oracle.",runs/census-v5/brilliant-directories-mcp-dt-census-1.dt.jsonl
brilliant-directories-mcp,npm:brilliant-directories-mcp@6.58.608,26452,createForm,upstream-idempotency,fail,upstream-write-repeated,"The retry re-sends POST <upstream>/api/v2/form/create with no idempotency header, and the tool declares no readOnlyHint. Either the retry duplicates a write, or the call is a query and the annotation a gateway would use to know that is missing, both on the live connection and after a reconnect.",runs/census-v5/brilliant-directories-mcp-dt-census-1.dt.jsonl
brilliant-directories-mcp,npm:brilliant-directories-mcp@6.58.608,26452,createForm,concurrency,pass,concurrent-matches-sequential,4 overlapping calls left the same shape of state as the same 4 calls run one at a time.,runs/census-v5/brilliant-directories-mcp-dt-census-1.dt.jsonl
brilliant-directories-mcp,npm:brilliant-directories-mcp@6.58.608,26452,createFormField,answer-stability,pass,answer-reproducible,Two identical calls returned identical answers.,runs/census-v5/brilliant-directories-mcp-dt-census-1.dt.jsonl
brilliant-directories-mcp,npm:brilliant-directories-mcp@6.58.608,26452,createFormField,idempotency,skip,no-observable-effect,"A successful call produced no observable state change, so retry safety cannot be decided by this oracle.",runs/census-v5/brilliant-directories-mcp-dt-census-1.dt.jsonl
brilliant-directories-mcp,npm:brilliant-directories-mcp@6.58.608,26452,createFormField,partial-failure,skip,no-observable-effect,"A clean call produced no observable state change, so an interrupted one cannot be judged by this oracle.",runs/census-v5/brilliant-directories-mcp-dt-census-1.dt.jsonl
brilliant-directories-mcp,npm:brilliant-directories-mcp@6.58.608,26452,createFormField,upstream-idempotency,fail,upstream-write-repeated,"The retry re-sends POST <upstream>/api/v2/form_fields/create with no idempotency header, and the tool declares no readOnlyHint. Either the retry duplicates a write, or the call is a query and the annotation a gateway would use to know that is missing, both on the live connection and after a reconnect.",runs/census-v5/brilliant-directories-mcp-dt-census-1.dt.jsonl
brilliant-directories-mcp,npm:brilliant-directories-mcp@6.58.608,26452,createFormField,concurrency,pass,concurrent-matches-sequential,4 overlapping calls left the same shape of state as the same 4 calls run one at a time.,runs/census-v5/brilliant-directories-mcp-dt-census-1.dt.jsonl
brilliant-directories-mcp,npm:brilliant-directories-mcp@6.58.608,26452,createLead,answer-stability,pass,answer-reproducible,Two identical calls returned identical answers.,runs/census-v5/brilliant-directories-mcp-dt-census-1.dt.jsonl
brilliant-directories-mcp,npm:brilliant-directories-mcp@6.58.608,26452,createLead,idempotency,skip,no-observable-effect,"A successful call produced no observable state change, so retry safety cannot be decided by this oracle.",runs/census-v5/brilliant-directories-mcp-dt-census-1.dt.jsonl
brilliant-directories-mcp,npm:brilliant-directories-mcp@6.58.608,26452,createLead,partial-failure,skip,no-observable-effect,"A clean call produced no observable state change, so an interrupted one cannot be judged by this oracle.",runs/census-v5/brilliant-directories-mcp-dt-census-1.dt.jsonl
brilliant-directories-mcp,npm:brilliant-directories-mcp@6.58.608,26452,createLead,upstream-idempotency,fail,upstream-write-repeated,"The retry re-sends POST <upstream>/api/v2/leads/create with no idempotency header, and the tool declares no readOnlyHint. Either the retry duplicates a write, or the call is a query and the annotation a gateway would use to know that is missing, both on the live connection and after a reconnect.",runs/census-v5/brilliant-directories-mcp-dt-census-1.dt.jsonl
brilliant-directories-mcp,npm:brilliant-directories-mcp@6.58.608,26452,createLead,concurrency,pass,concurrent-matches-sequential,4 overlapping calls left the same shape of state as the same 4 calls run one at a time.,runs/census-v5/brilliant-directories-mcp-dt-census-1.dt.jsonl
brilliant-directories-mcp,npm:brilliant-directories-mcp@6.58.608,26452,createLeadMatch,answer-stability,pass,answer-reproducible,Two identical calls returned identical answers.,runs/census-v5/brilliant-directories-mcp-dt-census-1.dt.jsonl
brilliant-directories-mcp,npm:brilliant-directories-mcp@6.58.608,26452,createLeadMatch,idempotency,skip,no-observable-effect,"A successful call produced no observable state change, so retry safety cannot be decided by this oracle.",runs/census-v5/brilliant-directories-mcp-dt-census-1.dt.jsonl
brilliant-directories-mcp,npm:brilliant-directories-mcp@6.58.608,26452,createLeadMatch,partial-failure,skip,no-observable-effect,"A clean call produced no observable state change, so an interrupted one cannot be judged by this oracle.",runs/census-v5/brilliant-directories-mcp-dt-census-1.dt.jsonl
brilliant-directories-mcp,npm:brilliant-directories-mcp@6.58.608,26452,createLeadMatch,upstream-idempotency,fail,upstream-write-repeated,"The retry re-sends POST <upstream>/api/v2/lead_matches/create with no idempotency header, and the tool declares no readOnlyHint. Either the retry duplicates a write, or the call is a query and the annotation a gateway would use to know that is missing, both on the live connection and after a reconnect.",runs/census-v5/brilliant-directories-mcp-dt-census-1.dt.jsonl
brilliant-directories-mcp,npm:brilliant-directories-mcp@6.58.608,26452,createLeadMatch,concurrency,pass,concurrent-matches-sequential,4 overlapping calls left the same shape of state as the same 4 calls run one at a time.,runs/census-v5/brilliant-directories-mcp-dt-census-1.dt.jsonl
@ehrocks/fe-mcp-server,npm:@ehrocks/fe-mcp-server@1.0.10,26318,search_hero_design_component_examples,answer-stability,pass,answer-reproducible,Two identical calls returned identical answers.,runs/census-v5/ehrocks-fe-mcp-server-dt-census-1.dt.jsonl
@ehrocks/fe-mcp-server,npm:@ehrocks/fe-mcp-server@1.0.10,26318,search_hero_design_component_examples,idempotency,pass,read-only-confirmed,Declares readOnlyHint: true and a successful call left the observable state unchanged.,runs/census-v5/ehrocks-fe-mcp-server-dt-census-1.dt.jsonl
@ehrocks/fe-mcp-server,npm:@ehrocks/fe-mcp-server@1.0.10,26318,search_hero_design_component_examples,partial-failure,skip,read-only-confirmed,"The tool declares readOnlyHint, so there is no effect to leave half done.",runs/census-v5/ehrocks-fe-mcp-server-dt-census-1.dt.jsonl
@ehrocks/fe-mcp-server,npm:@ehrocks/fe-mcp-server@1.0.10,26318,search_hero_design_component_examples,upstream-idempotency,pass,upstream-reads-only,"The retry re-sends POST fe-mcp-service.staging.ehrocks.com/retrieve_hero_design, but the tool declares readOnlyHint, so the request is a query rather than a write, both on the live connection and after a reconnect.",runs/census-v5/ehrocks-fe-mcp-server-dt-census-1.dt.jsonl
@ehrocks/fe-mcp-server,npm:@ehrocks/fe-mcp-server@1.0.10,26318,search_hero_design_component_examples,concurrency,skip,read-only-confirmed,"The tool declares readOnlyHint, so overlapping calls have nothing to corrupt.",runs/census-v5/ehrocks-fe-mcp-server-dt-census-1.dt.jsonl
mcp-echo-server,npm:mcp-echo-server@1.0.0,24467,echo,answer-stability,pass,answer-reproducible,Two identical calls returned identical answers.,runs/census-v5/mcp-echo-server-dt-census-1.dt.jsonl
mcp-echo-server,npm:mcp-echo-server@1.0.0,24467,echo,idempotency,skip,no-observable-effect,"A successful call produced no observable state change, so retry safety cannot be decided by this oracle.",runs/census-v5/mcp-echo-server-dt-census-1.dt.jsonl
mcp-echo-server,npm:mcp-echo-server@1.0.0,24467,echo,partial-failure,skip,no-observable-effect,"A clean call produced no observable state change, so an interrupted one cannot be judged by this oracle.",runs/census-v5/mcp-echo-server-dt-census-1.dt.jsonl
mcp-echo-server,npm:mcp-echo-server@1.0.0,24467,echo,upstream-idempotency,skip,no-upstream-call,"The call sent nothing upstream, so there is no remote side effect to retry.",runs/census-v5/mcp-echo-server-dt-census-1.dt.jsonl
mcp-echo-server,npm:mcp-echo-server@1.0.0,24467,echo,concurrency,skip,no-observable-effect,"Calls succeed but leave nothing this oracle can see, so overlapping them cannot be judged.",runs/census-v5/mcp-echo-server-dt-census-1.dt.jsonl
@masonator/coolify-mcp,npm:@masonator/coolify-mcp@2.19.4,23798,application,answer-stability,pass,answer-reproducible,Two identical calls returned identical answers.,runs/census-v5/masonator-coolify-mcp-dt-census-1.dt.jsonl
@masonator/coolify-mcp,npm:@masonator/coolify-mcp@2.19.4,23798,application,idempotency,skip,no-observable-effect,"A successful call produced no observable state change, so retry safety cannot be decided by this oracle.",runs/census-v5/masonator-coolify-mcp-dt-census-1.dt.jsonl
@masonator/coolify-mcp,npm:@masonator/coolify-mcp@2.19.4,23798,application,partial-failure,skip,no-observable-effect,"A clean call produced no observable state change, so an interrupted one cannot be judged by this oracle.",runs/census-v5/masonator-coolify-mcp-dt-census-1.dt.jsonl
@masonator/coolify-mcp,npm:@masonator/coolify-mcp@2.19.4,23798,application,upstream-idempotency,skip,no-upstream-call,"The call sent nothing upstream, so there is no remote side effect to retry.",runs/census-v5/masonator-coolify-mcp-dt-census-1.dt.jsonl
@masonator/coolify-mcp,npm:@masonator/coolify-mcp@2.19.4,23798,application,concurrency,skip,no-observable-effect,"Calls succeed but leave nothing this oracle can see, so overlapping them cannot be judged.",runs/census-v5/masonator-coolify-mcp-dt-census-1.dt.jsonl
@masonator/coolify-mcp,npm:@masonator/coolify-mcp@2.19.4,23798,application_logs,answer-stability,fail,answer-not-reproducible,"Two identical calls returned different answers at content[*].text, so a retrying client cannot match the second answer to the first.",runs/census-v5/masonator-coolify-mcp-dt-census-1.dt.jsonl
@masonator/coolify-mcp,npm:@masonator/coolify-mcp@2.19.4,23798,application_logs,idempotency,pass,read-only-confirmed,Declares readOnlyHint: true and a successful call left the observable state unchanged.,runs/census-v5/masonator-coolify-mcp-dt-census-1.dt.jsonl
@masonator/coolify-mcp,npm:@masonator/coolify-mcp@2.19.4,23798,application_logs,partial-failure,skip,read-only-confirmed,"The tool declares readOnlyHint, so there is no effect to leave half done.",runs/census-v5/masonator-coolify-mcp-dt-census-1.dt.jsonl
@masonator/coolify-mcp,npm:@masonator/coolify-mcp@2.19.4,23798,application_logs,upstream-idempotency,pass,upstream-reads-only,"The call only reads upstream (GET <upstream>/api/v1/applications/dt-3ba082/logs), so a retry cannot duplicate anything, both on the live connection and after a reconnect.",runs/census-v5/masonator-coolify-mcp-dt-census-1.dt.jsonl
@masonator/coolify-mcp,npm:@masonator/coolify-mcp@2.19.4,23798,application_logs,concurrency,skip,read-only-confirmed,"The tool declares readOnlyHint, so overlapping calls have nothing to corrupt.",runs/census-v5/masonator-coolify-mcp-dt-census-1.dt.jsonl
@masonator/coolify-mcp,npm:@masonator/coolify-mcp@2.19.4,23798,bulk_env_update,answer-stability,pass,answer-reproducible,Two identical calls returned identical answers.,runs/census-v5/masonator-coolify-mcp-dt-census-1.dt.jsonl
@masonator/coolify-mcp,npm:@masonator/coolify-mcp@2.19.4,23798,bulk_env_update,idempotency,skip,no-observable-effect,"A successful call produced no observable state change, so retry safety cannot be decided by this oracle.",runs/census-v5/masonator-coolify-mcp-dt-census-1.dt.jsonl
@masonator/coolify-mcp,npm:@masonator/coolify-mcp@2.19.4,23798,bulk_env_update,partial-failure,skip,no-observable-effect,"A clean call produced no observable state change, so an interrupted one cannot be judged by this oracle.",runs/census-v5/masonator-coolify-mcp-dt-census-1.dt.jsonl
@masonator/coolify-mcp,npm:@masonator/coolify-mcp@2.19.4,23798,bulk_env_update,upstream-idempotency,pass,upstream-reads-only,"The call only reads upstream (GET <upstream>/api/v1/applications), so a retry cannot duplicate anything, both on the live connection and after a reconnect.",runs/census-v5/masonator-coolify-mcp-dt-census-1.dt.jsonl
@masonator/coolify-mcp,npm:@masonator/coolify-mcp@2.19.4,23798,bulk_env_update,concurrency,skip,no-observable-effect,"Calls succeed but leave nothing this oracle can see, so overlapping them cannot be judged.",runs/census-v5/masonator-coolify-mcp-dt-census-1.dt.jsonl
@masonator/coolify-mcp,npm:@masonator/coolify-mcp@2.19.4,23798,cloud_tokens,answer-stability,pass,answer-reproducible,Two identical calls returned identical answers.,runs/census-v5/masonator-coolify-mcp-dt-census-1.dt.jsonl
@masonator/coolify-mcp,npm:@masonator/coolify-mcp@2.19.4,23798,cloud_tokens,idempotency,skip,no-observable-effect,"A successful call produced no observable state change, so retry safety cannot be decided by this oracle.",runs/census-v5/masonator-coolify-mcp-dt-census-1.dt.jsonl
@masonator/coolify-mcp,npm:@masonator/coolify-mcp@2.19.4,23798,cloud_tokens,partial-failure,skip,no-observable-effect,"A clean call produced no observable state change, so an interrupted one cannot be judged by this oracle.",runs/census-v5/masonator-coolify-mcp-dt-census-1.dt.jsonl
@masonator/coolify-mcp,npm:@masonator/coolify-mcp@2.19.4,23798,cloud_tokens,upstream-idempotency,pass,upstream-reads-only,"The call only reads upstream (GET <upstream>/api/v1/cloud-tokens), so a retry cannot duplicate anything, both on the live connection and after a reconnect.",runs/census-v5/masonator-coolify-mcp-dt-census-1.dt.jsonl
@masonator/coolify-mcp,npm:@masonator/coolify-mcp@2.19.4,23798,cloud_tokens,concurrency,skip,no-observable-effect,"Calls succeed but leave nothing this oracle can see, so overlapping them cannot be judged.",runs/census-v5/masonator-coolify-mcp-dt-census-1.dt.jsonl
@masonator/coolify-mcp,npm:@masonator/coolify-mcp@2.19.4,23798,control,answer-stability,pass,answer-reproducible,Two identical calls returned identical answers.,runs/census-v5/masonator-coolify-mcp-dt-census-1.dt.jsonl
@masonator/coolify-mcp,npm:@masonator/coolify-mcp@2.19.4,23798,control,idempotency,skip,no-observable-effect,"A successful call produced no observable state change, so retry safety cannot be decided by this oracle.",runs/census-v5/masonator-coolify-mcp-dt-census-1.dt.jsonl
@masonator/coolify-mcp,npm:@masonator/coolify-mcp@2.19.4,23798,control,partial-failure,skip,no-observable-effect,"A clean call produced no observable state change, so an interrupted one cannot be judged by this oracle.",runs/census-v5/masonator-coolify-mcp-dt-census-1.dt.jsonl
@masonator/coolify-mcp,npm:@masonator/coolify-mcp@2.19.4,23798,control,upstream-idempotency,fail,upstream-write-repeated,"The retry re-sends POST <upstream>/api/v1/applications/dt-d47c19/start with no idempotency header, and the tool declares no readOnlyHint. Either the retry duplicates a write, or the call is a query and the annotation a gateway would use to know that is missing, both on the live connection and after a reconnect.",runs/census-v5/masonator-coolify-mcp-dt-census-1.dt.jsonl
@masonator/coolify-mcp,npm:@masonator/coolify-mcp@2.19.4,23798,control,concurrency,pass,concurrent-matches-sequential,4 overlapping calls left the same shape of state as the same 4 calls run one at a time.,runs/census-v5/masonator-coolify-mcp-dt-census-1.dt.jsonl
@masonator/coolify-mcp,npm:@masonator/coolify-mcp@2.19.4,23798,database,answer-stability,pass,answer-reproducible,Two identical calls returned identical answers.,runs/census-v5/masonator-coolify-mcp-dt-census-1.dt.jsonl
@masonator/coolify-mcp,npm:@masonator/coolify-mcp@2.19.4,23798,database,idempotency,skip,no-observable-effect,"A successful call produced no observable state change, so retry safety cannot be decided by this oracle.",runs/census-v5/masonator-coolify-mcp-dt-census-1.dt.jsonl
@masonator/coolify-mcp,npm:@masonator/coolify-mcp@2.19.4,23798,database,partial-failure,skip,no-observable-effect,"A clean call produced no observable state change, so an interrupted one cannot be judged by this oracle.",runs/census-v5/masonator-coolify-mcp-dt-census-1.dt.jsonl
@masonator/coolify-mcp,npm:@masonator/coolify-mcp@2.19.4,23798,database,upstream-idempotency,skip,no-upstream-call,"The call sent nothing upstream, so there is no remote side effect to retry.",runs/census-v5/masonator-coolify-mcp-dt-census-1.dt.jsonl
@masonator/coolify-mcp,npm:@masonator/coolify-mcp@2.19.4,23798,database,concurrency,skip,no-observable-effect,"Calls succeed but leave nothing this oracle can see, so overlapping them cannot be judged.",runs/census-v5/masonator-coolify-mcp-dt-census-1.dt.jsonl
@masonator/coolify-mcp,npm:@masonator/coolify-mcp@2.19.4,23798,database_backups,answer-stability,pass,answer-reproducible,Two identical calls returned identical answers.,runs/census-v5/masonator-coolify-mcp-dt-census-1.dt.jsonl
@masonator/coolify-mcp,npm:@masonator/coolify-mcp@2.19.4,23798,database_backups,idempotency,skip,no-observable-effect,"A successful call produced no observable state change, so retry safety cannot be decided by this oracle.",runs/census-v5/masonator-coolify-mcp-dt-census-1.dt.jsonl
@masonator/coolify-mcp,npm:@masonator/coolify-mcp@2.19.4,23798,database_backups,partial-failure,skip,no-observable-effect,"A clean call produced no observable state change, so an interrupted one cannot be judged by this oracle.",runs/census-v5/masonator-coolify-mcp-dt-census-1.dt.jsonl
@masonator/coolify-mcp,npm:@masonator/coolify-mcp@2.19.4,23798,database_backups,upstream-idempotency,pass,upstream-reads-only,"The call only reads upstream (GET <upstream>/api/v1/databases/doubletap%2040dd87/backups), so a retry cannot duplicate anything, both on the live connection and after a reconnect.",runs/census-v5/masonator-coolify-mcp-dt-census-1.dt.jsonl
@masonator/coolify-mcp,npm:@masonator/coolify-mcp@2.19.4,23798,database_backups,concurrency,skip,no-observable-effect,"Calls succeed but leave nothing this oracle can see, so overlapping them cannot be judged.",runs/census-v5/masonator-coolify-mcp-dt-census-1.dt.jsonl
@masonator/coolify-mcp,npm:@masonator/coolify-mcp@2.19.4,23798,deploy,answer-stability,pass,answer-reproducible,Two identical calls returned identical answers.,runs/census-v5/masonator-coolify-mcp-dt-census-1.dt.jsonl
@masonator/coolify-mcp,npm:@masonator/coolify-mcp@2.19.4,23798,deploy,idempotency,skip,no-observable-effect,"A successful call produced no observable state change, so retry safety cannot be decided by this oracle.",runs/census-v5/masonator-coolify-mcp-dt-census-1.dt.jsonl
@masonator/coolify-mcp,npm:@masonator/coolify-mcp@2.19.4,23798,deploy,partial-failure,skip,no-observable-effect,"A clean call produced no observable state change, so an interrupted one cannot be judged by this oracle.",runs/census-v5/masonator-coolify-mcp-dt-census-1.dt.jsonl
@masonator/coolify-mcp,npm:@masonator/coolify-mcp@2.19.4,23798,deploy,upstream-idempotency,fail,upstream-write-repeated,"The retry re-sends POST <upstream>/api/v1/deploy with no idempotency header, and the tool declares no readOnlyHint. Either the retry duplicates a write, or the call is a query and the annotation a gateway would use to know that is missing, both on the live connection and after a reconnect.",runs/census-v5/masonator-coolify-mcp-dt-census-1.dt.jsonl
@masonator/coolify-mcp,npm:@masonator/coolify-mcp@2.19.4,23798,deploy,concurrency,pass,concurrent-matches-sequential,4 overlapping calls left the same shape of state as the same 4 calls run one at a time.,runs/census-v5/masonator-coolify-mcp-dt-census-1.dt.jsonl
@esaio/esa-mcp-server,npm:@esaio/esa-mcp-server@0.1.0,22479,esa_archive_post,answer-stability,pass,answer-reproducible,Two identical calls returned identical answers.,runs/census-v5/esaio-esa-mcp-server-dt-census-1.dt.jsonl
@esaio/esa-mcp-server,npm:@esaio/esa-mcp-server@0.1.0,22479,esa_archive_post,idempotency,skip,no-observable-effect,"A successful call produced no observable state change, so retry safety cannot be decided by this oracle.",runs/census-v5/esaio-esa-mcp-server-dt-census-1.dt.jsonl
@esaio/esa-mcp-server,npm:@esaio/esa-mcp-server@0.1.0,22479,esa_archive_post,partial-failure,skip,no-observable-effect,"A clean call produced no observable state change, so an interrupted one cannot be judged by this oracle.",runs/census-v5/esaio-esa-mcp-server-dt-census-1.dt.jsonl
@esaio/esa-mcp-server,npm:@esaio/esa-mcp-server@0.1.0,22479,esa_archive_post,upstream-idempotency,skip,no-upstream-call,"The call sent nothing upstream, so there is no remote side effect to retry.",runs/census-v5/esaio-esa-mcp-server-dt-census-1.dt.jsonl
@esaio/esa-mcp-server,npm:@esaio/esa-mcp-server@0.1.0,22479,esa_archive_post,concurrency,skip,no-observable-effect,"Calls succeed but leave nothing this oracle can see, so overlapping them cannot be judged.",runs/census-v5/esaio-esa-mcp-server-dt-census-1.dt.jsonl
@esaio/esa-mcp-server,npm:@esaio/esa-mcp-server@0.1.0,22479,esa_create_comment,answer-stability,pass,answer-reproducible,Two identical calls returned identical answers.,runs/census-v5/esaio-esa-mcp-server-dt-census-1.dt.jsonl
@esaio/esa-mcp-server,npm:@esaio/esa-mcp-server@0.1.0,22479,esa_create_comment,idempotency,skip,no-observable-effect,"A successful call produced no observable state change, so retry safety cannot be decided by this oracle.",runs/census-v5/esaio-esa-mcp-server-dt-census-1.dt.jsonl
@esaio/esa-mcp-server,npm:@esaio/esa-mcp-server@0.1.0,22479,esa_create_comment,partial-failure,skip,no-observable-effect,"A clean call produced no observable state change, so an interrupted one cannot be judged by this oracle.",runs/census-v5/esaio-esa-mcp-server-dt-census-1.dt.jsonl
@esaio/esa-mcp-server,npm:@esaio/esa-mcp-server@0.1.0,22479,esa_create_comment,upstream-idempotency,skip,no-upstream-call,"The call sent nothing upstream, so there is no remote side effect to retry.",runs/census-v5/esaio-esa-mcp-server-dt-census-1.dt.jsonl
@esaio/esa-mcp-server,npm:@esaio/esa-mcp-server@0.1.0,22479,esa_create_comment,concurrency,skip,no-observable-effect,"Calls succeed but leave nothing this oracle can see, so overlapping them cannot be judged.",runs/census-v5/esaio-esa-mcp-server-dt-census-1.dt.jsonl
@esaio/esa-mcp-server,npm:@esaio/esa-mcp-server@0.1.0,22479,esa_create_post,answer-stability,pass,answer-reproducible,Two identical calls returned identical answers.,runs/census-v5/esaio-esa-mcp-server-dt-census-1.dt.jsonl
@esaio/esa-mcp-server,npm:@esaio/esa-mcp-server@0.1.0,22479,esa_create_post,idempotency,skip,no-observable-effect,"A successful call produced no observable state change, so retry safety cannot be decided by this oracle.",runs/census-v5/esaio-esa-mcp-server-dt-census-1.dt.jsonl
@esaio/esa-mcp-server,npm:@esaio/esa-mcp-server@0.1.0,22479,esa_create_post,partial-failure,skip,no-observable-effect,"A clean call produced no observable state change, so an interrupted one cannot be judged by this oracle.",runs/census-v5/esaio-esa-mcp-server-dt-census-1.dt.jsonl
@esaio/esa-mcp-server,npm:@esaio/esa-mcp-server@0.1.0,22479,esa_create_post,upstream-idempotency,skip,no-upstream-call,"The call sent nothing upstream, so there is no remote side effect to retry.",runs/census-v5/esaio-esa-mcp-server-dt-census-1.dt.jsonl
@esaio/esa-mcp-server,npm:@esaio/esa-mcp-server@0.1.0,22479,esa_create_post,concurrency,skip,no-observable-effect,"Calls succeed but leave nothing this oracle can see, so overlapping them cannot be judged.",runs/census-v5/esaio-esa-mcp-server-dt-census-1.dt.jsonl
@esaio/esa-mcp-server,npm:@esaio/esa-mcp-server@0.1.0,22479,esa_delete_comment,answer-stability,pass,answer-reproducible,Two identical calls returned identical answers.,runs/census-v5/esaio-esa-mcp-server-dt-census-1.dt.jsonl
@esaio/esa-mcp-server,npm:@esaio/esa-mcp-server@0.1.0,22479,esa_delete_comment,idempotency,skip,no-observable-effect,"A successful call produced no observable state change, so retry safety cannot be decided by this oracle.",runs/census-v5/esaio-esa-mcp-server-dt-census-1.dt.jsonl
@esaio/esa-mcp-server,npm:@esaio/esa-mcp-server@0.1.0,22479,esa_delete_comment,partial-failure,skip,no-observable-effect,"A clean call produced no observable state change, so an interrupted one cannot be judged by this oracle.",runs/census-v5/esaio-esa-mcp-server-dt-census-1.dt.jsonl
@esaio/esa-mcp-server,npm:@esaio/esa-mcp-server@0.1.0,22479,esa_delete_comment,upstream-idempotency,skip,no-upstream-call,"The call sent nothing upstream, so there is no remote side effect to retry.",runs/census-v5/esaio-esa-mcp-server-dt-census-1.dt.jsonl
@esaio/esa-mcp-server,npm:@esaio/esa-mcp-server@0.1.0,22479,esa_delete_comment,concurrency,skip,no-observable-effect,"Calls succeed but leave nothing this oracle can see, so overlapping them cannot be judged.",runs/census-v5/esaio-esa-mcp-server-dt-census-1.dt.jsonl
@esaio/esa-mcp-server,npm:@esaio/esa-mcp-server@0.1.0,22479,esa_duplicate_post,answer-stability,pass,answer-reproducible,Two identical calls returned identical answers.,runs/census-v5/esaio-esa-mcp-server-dt-census-1.dt.jsonl
@esaio/esa-mcp-server,npm:@esaio/esa-mcp-server@0.1.0,22479,esa_duplicate_post,idempotency,skip,no-observable-effect,"A successful call produced no observable state change, so retry safety cannot be decided by this oracle.",runs/census-v5/esaio-esa-mcp-server-dt-census-1.dt.jsonl
@esaio/esa-mcp-server,npm:@esaio/esa-mcp-server@0.1.0,22479,esa_duplicate_post,partial-failure,skip,no-observable-effect,"A clean call produced no observable state change, so an interrupted one cannot be judged by this oracle.",runs/census-v5/esaio-esa-mcp-server-dt-census-1.dt.jsonl
@esaio/esa-mcp-server,npm:@esaio/esa-mcp-server@0.1.0,22479,esa_duplicate_post,upstream-idempotency,skip,no-upstream-call,"The call sent nothing upstream, so there is no remote side effect to retry.",runs/census-v5/esaio-esa-mcp-server-dt-census-1.dt.jsonl
@esaio/esa-mcp-server,npm:@esaio/esa-mcp-server@0.1.0,22479,esa_duplicate_post,concurrency,skip,no-observable-effect,"Calls succeed but leave nothing this oracle can see, so overlapping them cannot be judged.",runs/census-v5/esaio-esa-mcp-server-dt-census-1.dt.jsonl
@esaio/esa-mcp-server,npm:@esaio/esa-mcp-server@0.1.0,22479,esa_get_categories,answer-stability,pass,answer-reproducible,Two identical calls returned identical answers.,runs/census-v5/esaio-esa-mcp-server-dt-census-1.dt.jsonl
@esaio/esa-mcp-server,npm:@esaio/esa-mcp-server@0.1.0,22479,esa_get_categories,idempotency,skip,no-observable-effect,"A successful call produced no observable state change, so retry safety cannot be decided by this oracle.",runs/census-v5/esaio-esa-mcp-server-dt-census-1.dt.jsonl
@esaio/esa-mcp-server,npm:@esaio/esa-mcp-server@0.1.0,22479,esa_get_categories,partial-failure,skip,no-observable-effect,"A clean call produced no observable state change, so an interrupted one cannot be judged by this oracle.",runs/census-v5/esaio-esa-mcp-server-dt-census-1.dt.jsonl
@esaio/esa-mcp-server,npm:@esaio/esa-mcp-server@0.1.0,22479,esa_get_categories,upstream-idempotency,skip,no-upstream-call,"The call sent nothing upstream, so there is no remote side effect to retry.",runs/census-v5/esaio-esa-mcp-server-dt-census-1.dt.jsonl
@esaio/esa-mcp-server,npm:@esaio/esa-mcp-server@0.1.0,22479,esa_get_categories,concurrency,skip,no-observable-effect,"Calls succeed but leave nothing this oracle can see, so overlapping them cannot be judged.",runs/census-v5/esaio-esa-mcp-server-dt-census-1.dt.jsonl
@esaio/esa-mcp-server,npm:@esaio/esa-mcp-server@0.1.0,22479,esa_get_comment,answer-stability,pass,answer-reproducible,Two identical calls returned identical answers.,runs/census-v5/esaio-esa-mcp-server-dt-census-1.dt.jsonl
@esaio/esa-mcp-server,npm:@esaio/esa-mcp-server@0.1.0,22479,esa_get_comment,idempotency,skip,no-observable-effect,"A successful call produced no observable state change, so retry safety cannot be decided by this oracle.",runs/census-v5/esaio-esa-mcp-server-dt-census-1.dt.jsonl
@esaio/esa-mcp-server,npm:@esaio/esa-mcp-server@0.1.0,22479,esa_get_comment,partial-failure,skip,no-observable-effect,"A clean call produced no observable state change, so an interrupted one cannot be judged by this oracle.",runs/census-v5/esaio-esa-mcp-server-dt-census-1.dt.jsonl
@esaio/esa-mcp-server,npm:@esaio/esa-mcp-server@0.1.0,22479,esa_get_comment,upstream-idempotency,skip,no-upstream-call,"The call sent nothing upstream, so there is no remote side effect to retry.",runs/census-v5/esaio-esa-mcp-server-dt-census-1.dt.jsonl
@esaio/esa-mcp-server,npm:@esaio/esa-mcp-server@0.1.0,22479,esa_get_comment,concurrency,skip,no-observable-effect,"Calls succeed but leave nothing this oracle can see, so overlapping them cannot be judged.",runs/census-v5/esaio-esa-mcp-server-dt-census-1.dt.jsonl
@esaio/esa-mcp-server,npm:@esaio/esa-mcp-server@0.1.0,22479,esa_get_markdown_syntax_help,answer-stability,pass,answer-reproducible,Two identical calls returned identical answers.,runs/census-v5/esaio-esa-mcp-server-dt-census-1.dt.jsonl
@esaio/esa-mcp-server,npm:@esaio/esa-mcp-server@0.1.0,22479,esa_get_markdown_syntax_help,idempotency,skip,no-observable-effect,"A successful call produced no observable state change, so retry safety cannot be decided by this oracle.",runs/census-v5/esaio-esa-mcp-server-dt-census-1.dt.jsonl
@esaio/esa-mcp-server,npm:@esaio/esa-mcp-server@0.1.0,22479,esa_get_markdown_syntax_help,partial-failure,skip,no-observable-effect,"A clean call produced no observable state change, so an interrupted one cannot be judged by this oracle.",runs/census-v5/esaio-esa-mcp-server-dt-census-1.dt.jsonl
@esaio/esa-mcp-server,npm:@esaio/esa-mcp-server@0.1.0,22479,esa_get_markdown_syntax_help,upstream-idempotency,pass,upstream-reads-only,"The call only reads upstream (GET <upstream>/v1/teams/docs/posts/49), so a retry cannot duplicate anything, both on the live connection and after a reconnect.",runs/census-v5/esaio-esa-mcp-server-dt-census-1.dt.jsonl
@esaio/esa-mcp-server,npm:@esaio/esa-mcp-server@0.1.0,22479,esa_get_markdown_syntax_help,concurrency,skip,no-observable-effect,"Calls succeed but leave nothing this oracle can see, so overlapping them cannot be judged.",runs/census-v5/esaio-esa-mcp-server-dt-census-1.dt.jsonl
@xeroapi/xero-mcp-server,npm:@xeroapi/xero-mcp-server@0.0.17,21821,add-timesheet-line,answer-stability,pass,answer-reproducible,Two identical calls returned identical answers.,runs/census-v5/xeroapi-xero-mcp-server-dt-census-1.dt.jsonl
@xeroapi/xero-mcp-server,npm:@xeroapi/xero-mcp-server@0.0.17,21821,add-timesheet-line,idempotency,skip,no-observable-effect,"A successful call produced no observable state change, so retry safety cannot be decided by this oracle.",runs/census-v5/xeroapi-xero-mcp-server-dt-census-1.dt.jsonl
@xeroapi/xero-mcp-server,npm:@xeroapi/xero-mcp-server@0.0.17,21821,add-timesheet-line,partial-failure,skip,no-observable-effect,"A clean call produced no observable state change, so an interrupted one cannot be judged by this oracle.",runs/census-v5/xeroapi-xero-mcp-server-dt-census-1.dt.jsonl
@xeroapi/xero-mcp-server,npm:@xeroapi/xero-mcp-server@0.0.17,21821,add-timesheet-line,upstream-idempotency,pass,upstream-reads-only,"The call only reads upstream (GET api.xero.com/connections), so a retry cannot duplicate anything, both on the live connection and after a reconnect.",runs/census-v5/xeroapi-xero-mcp-server-dt-census-1.dt.jsonl
@xeroapi/xero-mcp-server,npm:@xeroapi/xero-mcp-server@0.0.17,21821,add-timesheet-line,concurrency,skip,no-observable-effect,"Calls succeed but leave nothing this oracle can see, so overlapping them cannot be judged.",runs/census-v5/xeroapi-xero-mcp-server-dt-census-1.dt.jsonl
@xeroapi/xero-mcp-server,npm:@xeroapi/xero-mcp-server@0.0.17,21821,approve-timesheet,answer-stability,pass,answer-reproducible,Two identical calls returned identical answers.,runs/census-v5/xeroapi-xero-mcp-server-dt-census-1.dt.jsonl
@xeroapi/xero-mcp-server,npm:@xeroapi/xero-mcp-server@0.0.17,21821,approve-timesheet,idempotency,skip,no-observable-effect,"A successful call produced no observable state change, so retry safety cannot be decided by this oracle.",runs/census-v5/xeroapi-xero-mcp-server-dt-census-1.dt.jsonl
@xeroapi/xero-mcp-server,npm:@xeroapi/xero-mcp-server@0.0.17,21821,approve-timesheet,partial-failure,skip,no-observable-effect,"A clean call produced no observable state change, so an interrupted one cannot be judged by this oracle.",runs/census-v5/xeroapi-xero-mcp-server-dt-census-1.dt.jsonl
@xeroapi/xero-mcp-server,npm:@xeroapi/xero-mcp-server@0.0.17,21821,approve-timesheet,upstream-idempotency,pass,upstream-reads-only,"The call only reads upstream (GET api.xero.com/connections), so a retry cannot duplicate anything, both on the live connection and after a reconnect.",runs/census-v5/xeroapi-xero-mcp-server-dt-census-1.dt.jsonl
@xeroapi/xero-mcp-server,npm:@xeroapi/xero-mcp-server@0.0.17,21821,approve-timesheet,concurrency,skip,no-observable-effect,"Calls succeed but leave nothing this oracle can see, so overlapping them cannot be judged.",runs/census-v5/xeroapi-xero-mcp-server-dt-census-1.dt.jsonl
@xeroapi/xero-mcp-server,npm:@xeroapi/xero-mcp-server@0.0.17,21821,create-bank-transaction,answer-stability,pass,answer-reproducible,Two identical calls returned identical answers.,runs/census-v5/xeroapi-xero-mcp-server-dt-census-1.dt.jsonl
@xeroapi/xero-mcp-server,npm:@xeroapi/xero-mcp-server@0.0.17,21821,create-bank-transaction,idempotency,skip,no-observable-effect,"A successful call produced no observable state change, so retry safety cannot be decided by this oracle.",runs/census-v5/xeroapi-xero-mcp-server-dt-census-1.dt.jsonl
@xeroapi/xero-mcp-server,npm:@xeroapi/xero-mcp-server@0.0.17,21821,create-bank-transaction,partial-failure,skip,no-observable-effect,"A clean call produced no observable state change, so an interrupted one cannot be judged by this oracle.",runs/census-v5/xeroapi-xero-mcp-server-dt-census-1.dt.jsonl
@xeroapi/xero-mcp-server,npm:@xeroapi/xero-mcp-server@0.0.17,21821,create-bank-transaction,upstream-idempotency,pass,upstream-reads-only,"The call only reads upstream (GET api.xero.com/connections), so a retry cannot duplicate anything, both on the live connection and after a reconnect.",runs/census-v5/xeroapi-xero-mcp-server-dt-census-1.dt.jsonl
@xeroapi/xero-mcp-server,npm:@xeroapi/xero-mcp-server@0.0.17,21821,create-bank-transaction,concurrency,skip,no-observable-effect,"Calls succeed but leave nothing this oracle can see, so overlapping them cannot be judged.",runs/census-v5/xeroapi-xero-mcp-server-dt-census-1.dt.jsonl
@xeroapi/xero-mcp-server,npm:@xeroapi/xero-mcp-server@0.0.17,21821,create-contact,answer-stability,pass,answer-reproducible,Two identical calls returned identical answers.,runs/census-v5/xeroapi-xero-mcp-server-dt-census-1.dt.jsonl
@xeroapi/xero-mcp-server,npm:@xeroapi/xero-mcp-server@0.0.17,21821,create-contact,idempotency,skip,no-observable-effect,"A successful call produced no observable state change, so retry safety cannot be decided by this oracle.",runs/census-v5/xeroapi-xero-mcp-server-dt-census-1.dt.jsonl
@xeroapi/xero-mcp-server,npm:@xeroapi/xero-mcp-server@0.0.17,21821,create-contact,partial-failure,skip,no-observable-effect,"A clean call produced no observable state change, so an interrupted one cannot be judged by this oracle.",runs/census-v5/xeroapi-xero-mcp-server-dt-census-1.dt.jsonl
@xeroapi/xero-mcp-server,npm:@xeroapi/xero-mcp-server@0.0.17,21821,create-contact,upstream-idempotency,pass,upstream-reads-only,"The call only reads upstream (GET api.xero.com/connections), so a retry cannot duplicate anything, both on the live connection and after a reconnect.",runs/census-v5/xeroapi-xero-mcp-server-dt-census-1.dt.jsonl
@xeroapi/xero-mcp-server,npm:@xeroapi/xero-mcp-server@0.0.17,21821,create-contact,concurrency,skip,no-observable-effect,"Calls succeed but leave nothing this oracle can see, so overlapping them cannot be judged.",runs/census-v5/xeroapi-xero-mcp-server-dt-census-1.dt.jsonl
@xeroapi/xero-mcp-server,npm:@xeroapi/xero-mcp-server@0.0.17,21821,create-credit-note,answer-stability,pass,answer-reproducible,Two identical calls returned identical answers.,runs/census-v5/xeroapi-xero-mcp-server-dt-census-1.dt.jsonl
@xeroapi/xero-mcp-server,npm:@xeroapi/xero-mcp-server@0.0.17,21821,create-credit-note,idempotency,skip,no-observable-effect,"A successful call produced no observable state change, so retry safety cannot be decided by this oracle.",runs/census-v5/xeroapi-xero-mcp-server-dt-census-1.dt.jsonl
@xeroapi/xero-mcp-server,npm:@xeroapi/xero-mcp-server@0.0.17,21821,create-credit-note,partial-failure,skip,no-observable-effect,"A clean call produced no observable state change, so an interrupted one cannot be judged by this oracle.",runs/census-v5/xeroapi-xero-mcp-server-dt-census-1.dt.jsonl
@xeroapi/xero-mcp-server,npm:@xeroapi/xero-mcp-server@0.0.17,21821,create-credit-note,upstream-idempotency,pass,upstream-reads-only,"The call only reads upstream (GET api.xero.com/connections), so a retry cannot duplicate anything, both on the live connection and after a reconnect.",runs/census-v5/xeroapi-xero-mcp-server-dt-census-1.dt.jsonl
@xeroapi/xero-mcp-server,npm:@xeroapi/xero-mcp-server@0.0.17,21821,create-credit-note,concurrency,skip,no-observable-effect,"Calls succeed but leave nothing this oracle can see, so overlapping them cannot be judged.",runs/census-v5/xeroapi-xero-mcp-server-dt-census-1.dt.jsonl
@xeroapi/xero-mcp-server,npm:@xeroapi/xero-mcp-server@0.0.17,21821,create-invoice,answer-stability,pass,answer-reproducible,Two identical calls returned identical answers.,runs/census-v5/xeroapi-xero-mcp-server-dt-census-1.dt.jsonl
@xeroapi/xero-mcp-server,npm:@xeroapi/xero-mcp-server@0.0.17,21821,create-invoice,idempotency,skip,no-observable-effect,"A successful call produced no observable state change, so retry safety cannot be decided by this oracle.",runs/census-v5/xeroapi-xero-mcp-server-dt-census-1.dt.jsonl
@xeroapi/xero-mcp-server,npm:@xeroapi/xero-mcp-server@0.0.17,21821,create-invoice,partial-failure,skip,no-observable-effect,"A clean call produced no observable state change, so an interrupted one cannot be judged by this oracle.",runs/census-v5/xeroapi-xero-mcp-server-dt-census-1.dt.jsonl
@xeroapi/xero-mcp-server,npm:@xeroapi/xero-mcp-server@0.0.17,21821,create-invoice,upstream-idempotency,pass,upstream-reads-only,"The call only reads upstream (GET api.xero.com/connections), so a retry cannot duplicate anything, both on the live connection and after a reconnect.",runs/census-v5/xeroapi-xero-mcp-server-dt-census-1.dt.jsonl
@xeroapi/xero-mcp-server,npm:@xeroapi/xero-mcp-server@0.0.17,21821,create-invoice,concurrency,skip,no-observable-effect,"Calls succeed but leave nothing this oracle can see, so overlapping them cannot be judged.",runs/census-v5/xeroapi-xero-mcp-server-dt-census-1.dt.jsonl
@xeroapi/xero-mcp-server,npm:@xeroapi/xero-mcp-server@0.0.17,21821,create-item,answer-stability,pass,answer-reproducible,Two identical calls returned identical answers.,runs/census-v5/xeroapi-xero-mcp-server-dt-census-1.dt.jsonl
@xeroapi/xero-mcp-server,npm:@xeroapi/xero-mcp-server@0.0.17,21821,create-item,idempotency,skip,no-observable-effect,"A successful call produced no observable state change, so retry safety cannot be decided by this oracle.",runs/census-v5/xeroapi-xero-mcp-server-dt-census-1.dt.jsonl
@xeroapi/xero-mcp-server,npm:@xeroapi/xero-mcp-server@0.0.17,21821,create-item,partial-failure,skip,no-observable-effect,"A clean call produced no observable state change, so an interrupted one cannot be judged by this oracle.",runs/census-v5/xeroapi-xero-mcp-server-dt-census-1.dt.jsonl
@xeroapi/xero-mcp-server,npm:@xeroapi/xero-mcp-server@0.0.17,21821,create-item,upstream-idempotency,pass,upstream-reads-only,"The call only reads upstream (GET api.xero.com/connections), so a retry cannot duplicate anything, both on the live connection and after a reconnect.",runs/census-v5/xeroapi-xero-mcp-server-dt-census-1.dt.jsonl
@xeroapi/xero-mcp-server,npm:@xeroapi/xero-mcp-server@0.0.17,21821,create-item,concurrency,skip,no-observable-effect,"Calls succeed but leave nothing this oracle can see, so overlapping them cannot be judged.",runs/census-v5/xeroapi-xero-mcp-server-dt-census-1.dt.jsonl
@xeroapi/xero-mcp-server,npm:@xeroapi/xero-mcp-server@0.0.17,21821,create-manual-journal,answer-stability,pass,answer-reproducible,Two identical calls returned identical answers.,runs/census-v5/xeroapi-xero-mcp-server-dt-census-1.dt.jsonl
@xeroapi/xero-mcp-server,npm:@xeroapi/xero-mcp-server@0.0.17,21821,create-manual-journal,idempotency,skip,no-observable-effect,"A successful call produced no observable state change, so retry safety cannot be decided by this oracle.",runs/census-v5/xeroapi-xero-mcp-server-dt-census-1.dt.jsonl
@xeroapi/xero-mcp-server,npm:@xeroapi/xero-mcp-server@0.0.17,21821,create-manual-journal,partial-failure,skip,no-observable-effect,"A clean call produced no observable state change, so an interrupted one cannot be judged by this oracle.",runs/census-v5/xeroapi-xero-mcp-server-dt-census-1.dt.jsonl
@xeroapi/xero-mcp-server,npm:@xeroapi/xero-mcp-server@0.0.17,21821,create-manual-journal,upstream-idempotency,pass,upstream-reads-only,"The call only reads upstream (GET api.xero.com/connections), so a retry cannot duplicate anything, both on the live connection and after a reconnect.",runs/census-v5/xeroapi-xero-mcp-server-dt-census-1.dt.jsonl
@xeroapi/xero-mcp-server,npm:@xeroapi/xero-mcp-server@0.0.17,21821,create-manual-journal,concurrency,skip,no-observable-effect,"Calls succeed but leave nothing this oracle can see, so overlapping them cannot be judged.",runs/census-v5/xeroapi-xero-mcp-server-dt-census-1.dt.jsonl
@foldkit/devtools-mcp,npm:@foldkit/devtools-mcp@0.19.3,21516,foldkit_count_messages_by_tag,idempotency,skip,call-failed,"The first call did not succeed, so no retry behaviour could be observed.",runs/census-v5/foldkit-devtools-mcp-dt-census-1.dt.jsonl
@foldkit/devtools-mcp,npm:@foldkit/devtools-mcp@0.19.3,21516,foldkit_count_messages_by_tag,partial-failure,skip,call-failed,"An uninterrupted call did not succeed, so there is no reference effect to interrupt.",runs/census-v5/foldkit-devtools-mcp-dt-census-1.dt.jsonl
@foldkit/devtools-mcp,npm:@foldkit/devtools-mcp@0.19.3,21516,foldkit_count_messages_by_tag,upstream-idempotency,skip,no-upstream-call,"The call sent nothing upstream, so there is no remote side effect to retry.",runs/census-v5/foldkit-devtools-mcp-dt-census-1.dt.jsonl
@foldkit/devtools-mcp,npm:@foldkit/devtools-mcp@0.19.3,21516,foldkit_count_messages_by_tag,concurrency,skip,call-failed,"No call succeeded even one at a time, so there is no correct behaviour to compare against.",runs/census-v5/foldkit-devtools-mcp-dt-census-1.dt.jsonl
@foldkit/devtools-mcp,npm:@foldkit/devtools-mcp@0.19.3,21516,foldkit_diff_models,idempotency,skip,call-failed,"The first call did not succeed, so no retry behaviour could be observed.",runs/census-v5/foldkit-devtools-mcp-dt-census-1.dt.jsonl
@foldkit/devtools-mcp,npm:@foldkit/devtools-mcp@0.19.3,21516,foldkit_diff_models,partial-failure,skip,call-failed,"An uninterrupted call did not succeed, so there is no reference effect to interrupt.",runs/census-v5/foldkit-devtools-mcp-dt-census-1.dt.jsonl
@foldkit/devtools-mcp,npm:@foldkit/devtools-mcp@0.19.3,21516,foldkit_diff_models,upstream-idempotency,skip,no-upstream-call,"The call sent nothing upstream, so there is no remote side effect to retry.",runs/census-v5/foldkit-devtools-mcp-dt-census-1.dt.jsonl
@foldkit/devtools-mcp,npm:@foldkit/devtools-mcp@0.19.3,21516,foldkit_diff_models,concurrency,skip,call-failed,"No call succeeded even one at a time, so there is no correct behaviour to compare against.",runs/census-v5/foldkit-devtools-mcp-dt-census-1.dt.jsonl
@foldkit/devtools-mcp,npm:@foldkit/devtools-mcp@0.19.3,21516,foldkit_dispatch_message,idempotency,skip,call-failed,"The first call did not succeed, so no retry behaviour could be observed.",runs/census-v5/foldkit-devtools-mcp-dt-census-1.dt.jsonl
@foldkit/devtools-mcp,npm:@foldkit/devtools-mcp@0.19.3,21516,foldkit_dispatch_message,partial-failure,skip,call-failed,"An uninterrupted call did not succeed, so there is no reference effect to interrupt.",runs/census-v5/foldkit-devtools-mcp-dt-census-1.dt.jsonl
@foldkit/devtools-mcp,npm:@foldkit/devtools-mcp@0.19.3,21516,foldkit_dispatch_message,upstream-idempotency,skip,no-upstream-call,"The call sent nothing upstream, so there is no remote side effect to retry.",runs/census-v5/foldkit-devtools-mcp-dt-census-1.dt.jsonl
@foldkit/devtools-mcp,npm:@foldkit/devtools-mcp@0.19.3,21516,foldkit_dispatch_message,concurrency,skip,call-failed,"No call succeeded even one at a time, so there is no correct behaviour to compare against.",runs/census-v5/foldkit-devtools-mcp-dt-census-1.dt.jsonl
@foldkit/devtools-mcp,npm:@foldkit/devtools-mcp@0.19.3,21516,foldkit_dispatch_messages,idempotency,skip,call-failed,"The first call did not succeed, so no retry behaviour could be observed.",runs/census-v5/foldkit-devtools-mcp-dt-census-1.dt.jsonl
@foldkit/devtools-mcp,npm:@foldkit/devtools-mcp@0.19.3,21516,foldkit_dispatch_messages,partial-failure,skip,call-failed,"An uninterrupted call did not succeed, so there is no reference effect to interrupt.",runs/census-v5/foldkit-devtools-mcp-dt-census-1.dt.jsonl
@foldkit/devtools-mcp,npm:@foldkit/devtools-mcp@0.19.3,21516,foldkit_dispatch_messages,upstream-idempotency,skip,no-upstream-call,"The call sent nothing upstream, so there is no remote side effect to retry.",runs/census-v5/foldkit-devtools-mcp-dt-census-1.dt.jsonl
@foldkit/devtools-mcp,npm:@foldkit/devtools-mcp@0.19.3,21516,foldkit_dispatch_messages,concurrency,skip,call-failed,"No call succeeded even one at a time, so there is no correct behaviour to compare against.",runs/census-v5/foldkit-devtools-mcp-dt-census-1.dt.jsonl
@foldkit/devtools-mcp,npm:@foldkit/devtools-mcp@0.19.3,21516,foldkit_get_init,idempotency,skip,call-failed,"The first call did not succeed, so no retry behaviour could be observed.",runs/census-v5/foldkit-devtools-mcp-dt-census-1.dt.jsonl
@foldkit/devtools-mcp,npm:@foldkit/devtools-mcp@0.19.3,21516,foldkit_get_init,partial-failure,skip,call-failed,"An uninterrupted call did not succeed, so there is no reference effect to interrupt.",runs/census-v5/foldkit-devtools-mcp-dt-census-1.dt.jsonl
@foldkit/devtools-mcp,npm:@foldkit/devtools-mcp@0.19.3,21516,foldkit_get_init,upstream-idempotency,skip,no-upstream-call,"The call sent nothing upstream, so there is no remote side effect to retry.",runs/census-v5/foldkit-devtools-mcp-dt-census-1.dt.jsonl
@foldkit/devtools-mcp,npm:@foldkit/devtools-mcp@0.19.3,21516,foldkit_get_init,concurrency,skip,call-failed,"No call succeeded even one at a time, so there is no correct behaviour to compare against.",runs/census-v5/foldkit-devtools-mcp-dt-census-1.dt.jsonl
@foldkit/devtools-mcp,npm:@foldkit/devtools-mcp@0.19.3,21516,foldkit_get_message,idempotency,skip,call-failed,"The first call did not succeed, so no retry behaviour could be observed.",runs/census-v5/foldkit-devtools-mcp-dt-census-1.dt.jsonl
@foldkit/devtools-mcp,npm:@foldkit/devtools-mcp@0.19.3,21516,foldkit_get_message,partial-failure,skip,call-failed,"An uninterrupted call did not succeed, so there is no reference effect to interrupt.",runs/census-v5/foldkit-devtools-mcp-dt-census-1.dt.jsonl
@foldkit/devtools-mcp,npm:@foldkit/devtools-mcp@0.19.3,21516,foldkit_get_message,upstream-idempotency,skip,no-upstream-call,"The call sent nothing upstream, so there is no remote side effect to retry.",runs/census-v5/foldkit-devtools-mcp-dt-census-1.dt.jsonl
@foldkit/devtools-mcp,npm:@foldkit/devtools-mcp@0.19.3,21516,foldkit_get_message,concurrency,skip,call-failed,"No call succeeded even one at a time, so there is no correct behaviour to compare against.",runs/census-v5/foldkit-devtools-mcp-dt-census-1.dt.jsonl
@foldkit/devtools-mcp,npm:@foldkit/devtools-mcp@0.19.3,21516,foldkit_get_message_schema,idempotency,skip,call-failed,"The first call did not succeed, so no retry behaviour could be observed.",runs/census-v5/foldkit-devtools-mcp-dt-census-1.dt.jsonl
@foldkit/devtools-mcp,npm:@foldkit/devtools-mcp@0.19.3,21516,foldkit_get_message_schema,partial-failure,skip,call-failed,"An uninterrupted call did not succeed, so there is no reference effect to interrupt.",runs/census-v5/foldkit-devtools-mcp-dt-census-1.dt.jsonl
@foldkit/devtools-mcp,npm:@foldkit/devtools-mcp@0.19.3,21516,foldkit_get_message_schema,upstream-idempotency,skip,no-upstream-call,"The call sent nothing upstream, so there is no remote side effect to retry.",runs/census-v5/foldkit-devtools-mcp-dt-census-1.dt.jsonl
@foldkit/devtools-mcp,npm:@foldkit/devtools-mcp@0.19.3,21516,foldkit_get_message_schema,concurrency,skip,call-failed,"No call succeeded even one at a time, so there is no correct behaviour to compare against.",runs/census-v5/foldkit-devtools-mcp-dt-census-1.dt.jsonl
@foldkit/devtools-mcp,npm:@foldkit/devtools-mcp@0.19.3,21516,foldkit_get_model,idempotency,skip,call-failed,"The first call did not succeed, so no retry behaviour could be observed.",runs/census-v5/foldkit-devtools-mcp-dt-census-1.dt.jsonl
@foldkit/devtools-mcp,npm:@foldkit/devtools-mcp@0.19.3,21516,foldkit_get_model,partial-failure,skip,call-failed,"An uninterrupted call did not succeed, so there is no reference effect to interrupt.",runs/census-v5/foldkit-devtools-mcp-dt-census-1.dt.jsonl
@foldkit/devtools-mcp,npm:@foldkit/devtools-mcp@0.19.3,21516,foldkit_get_model,upstream-idempotency,skip,no-upstream-call,"The call sent nothing upstream, so there is no remote side effect to retry.",runs/census-v5/foldkit-devtools-mcp-dt-census-1.dt.jsonl
@foldkit/devtools-mcp,npm:@foldkit/devtools-mcp@0.19.3,21516,foldkit_get_model,concurrency,skip,call-failed,"No call succeeded even one at a time, so there is no correct behaviour to compare against.",runs/census-v5/foldkit-devtools-mcp-dt-census-1.dt.jsonl
howtocook-mcp,npm:howtocook-mcp@0.2.2,20318,mcp_howtocook_getAllRecipes,answer-stability,pass,answer-reproducible,Two identical calls returned identical answers.,runs/census-v5/howtocook-mcp-dt-census-1.dt.jsonl
howtocook-mcp,npm:howtocook-mcp@0.2.2,20318,mcp_howtocook_getAllRecipes,idempotency,skip,no-observable-effect,"A successful call produced no observable state change, so retry safety cannot be decided by this oracle.",runs/census-v5/howtocook-mcp-dt-census-1.dt.jsonl
howtocook-mcp,npm:howtocook-mcp@0.2.2,20318,mcp_howtocook_getAllRecipes,partial-failure,skip,no-observable-effect,"A clean call produced no observable state change, so an interrupted one cannot be judged by this oracle.",runs/census-v5/howtocook-mcp-dt-census-1.dt.jsonl
howtocook-mcp,npm:howtocook-mcp@0.2.2,20318,mcp_howtocook_getAllRecipes,upstream-idempotency,skip,no-upstream-call,"The call sent nothing upstream, so there is no remote side effect to retry.",runs/census-v5/howtocook-mcp-dt-census-1.dt.jsonl
howtocook-mcp,npm:howtocook-mcp@0.2.2,20318,mcp_howtocook_getAllRecipes,concurrency,skip,no-observable-effect,"Calls succeed but leave nothing this oracle can see, so overlapping them cannot be judged.",runs/census-v5/howtocook-mcp-dt-census-1.dt.jsonl
howtocook-mcp,npm:howtocook-mcp@0.2.2,20318,mcp_howtocook_getRecipeById,answer-stability,pass,answer-reproducible,Two identical calls returned identical answers.,runs/census-v5/howtocook-mcp-dt-census-1.dt.jsonl
howtocook-mcp,npm:howtocook-mcp@0.2.2,20318,mcp_howtocook_getRecipeById,idempotency,skip,no-observable-effect,"A successful call produced no observable state change, so retry safety cannot be decided by this oracle.",runs/census-v5/howtocook-mcp-dt-census-1.dt.jsonl
howtocook-mcp,npm:howtocook-mcp@0.2.2,20318,mcp_howtocook_getRecipeById,partial-failure,skip,no-observable-effect,"A clean call produced no observable state change, so an interrupted one cannot be judged by this oracle.",runs/census-v5/howtocook-mcp-dt-census-1.dt.jsonl
howtocook-mcp,npm:howtocook-mcp@0.2.2,20318,mcp_howtocook_getRecipeById,upstream-idempotency,skip,no-upstream-call,"The call sent nothing upstream, so there is no remote side effect to retry.",runs/census-v5/howtocook-mcp-dt-census-1.dt.jsonl
howtocook-mcp,npm:howtocook-mcp@0.2.2,20318,mcp_howtocook_getRecipeById,concurrency,skip,no-observable-effect,"Calls succeed but leave nothing this oracle can see, so overlapping them cannot be judged.",runs/census-v5/howtocook-mcp-dt-census-1.dt.jsonl
howtocook-mcp,npm:howtocook-mcp@0.2.2,20318,mcp_howtocook_getRecipesByCategory,answer-stability,pass,answer-reproducible,Two identical calls returned identical answers.,runs/census-v5/howtocook-mcp-dt-census-1.dt.jsonl
howtocook-mcp,npm:howtocook-mcp@0.2.2,20318,mcp_howtocook_getRecipesByCategory,idempotency,skip,no-observable-effect,"A successful call produced no observable state change, so retry safety cannot be decided by this oracle.",runs/census-v5/howtocook-mcp-dt-census-1.dt.jsonl
howtocook-mcp,npm:howtocook-mcp@0.2.2,20318,mcp_howtocook_getRecipesByCategory,partial-failure,skip,no-observable-effect,"A clean call produced no observable state change, so an interrupted one cannot be judged by this oracle.",runs/census-v5/howtocook-mcp-dt-census-1.dt.jsonl
howtocook-mcp,npm:howtocook-mcp@0.2.2,20318,mcp_howtocook_getRecipesByCategory,upstream-idempotency,skip,no-upstream-call,"The call sent nothing upstream, so there is no remote side effect to retry.",runs/census-v5/howtocook-mcp-dt-census-1.dt.jsonl
howtocook-mcp,npm:howtocook-mcp@0.2.2,20318,mcp_howtocook_getRecipesByCategory,concurrency,skip,no-observable-effect,"Calls succeed but leave nothing this oracle can see, so overlapping them cannot be judged.",runs/census-v5/howtocook-mcp-dt-census-1.dt.jsonl
howtocook-mcp,npm:howtocook-mcp@0.2.2,20318,mcp_howtocook_recommendMeals,answer-stability,fail,answer-not-reproducible,"Two identical calls returned different answers at content[*].text, so a retrying client cannot match the second answer to the first.",runs/census-v5/howtocook-mcp-dt-census-1.dt.jsonl
howtocook-mcp,npm:howtocook-mcp@0.2.2,20318,mcp_howtocook_recommendMeals,idempotency,skip,no-observable-effect,"A successful call produced no observable state change, so retry safety cannot be decided by this oracle.",runs/census-v5/howtocook-mcp-dt-census-1.dt.jsonl
howtocook-mcp,npm:howtocook-mcp@0.2.2,20318,mcp_howtocook_recommendMeals,partial-failure,skip,no-observable-effect,"A clean call produced no observable state change, so an interrupted one cannot be judged by this oracle.",runs/census-v5/howtocook-mcp-dt-census-1.dt.jsonl
howtocook-mcp,npm:howtocook-mcp@0.2.2,20318,mcp_howtocook_recommendMeals,upstream-idempotency,skip,no-upstream-call,"The call sent nothing upstream, so there is no remote side effect to retry.",runs/census-v5/howtocook-mcp-dt-census-1.dt.jsonl
howtocook-mcp,npm:howtocook-mcp@0.2.2,20318,mcp_howtocook_recommendMeals,concurrency,skip,no-observable-effect,"Calls succeed but leave nothing this oracle can see, so overlapping them cannot be judged.",runs/census-v5/howtocook-mcp-dt-census-1.dt.jsonl
howtocook-mcp,npm:howtocook-mcp@0.2.2,20318,mcp_howtocook_whatToEat,answer-stability,fail,answer-not-reproducible,"Two identical calls returned different answers at content[*].text, so a retrying client cannot match the second answer to the first.",runs/census-v5/howtocook-mcp-dt-census-1.dt.jsonl
howtocook-mcp,npm:howtocook-mcp@0.2.2,20318,mcp_howtocook_whatToEat,idempotency,skip,no-observable-effect,"A successful call produced no observable state change, so retry safety cannot be decided by this oracle.",runs/census-v5/howtocook-mcp-dt-census-1.dt.jsonl
howtocook-mcp,npm:howtocook-mcp@0.2.2,20318,mcp_howtocook_whatToEat,partial-failure,skip,no-observable-effect,"A clean call produced no observable state change, so an interrupted one cannot be judged by this oracle.",runs/census-v5/howtocook-mcp-dt-census-1.dt.jsonl
howtocook-mcp,npm:howtocook-mcp@0.2.2,20318,mcp_howtocook_whatToEat,upstream-idempotency,skip,no-upstream-call,"The call sent nothing upstream, so there is no remote side effect to retry.",runs/census-v5/howtocook-mcp-dt-census-1.dt.jsonl
howtocook-mcp,npm:howtocook-mcp@0.2.2,20318,mcp_howtocook_whatToEat,concurrency,skip,no-observable-effect,"Calls succeed but leave nothing this oracle can see, so overlapping them cannot be judged.",runs/census-v5/howtocook-mcp-dt-census-1.dt.jsonl
@runpod/mcp-server,npm:@runpod/mcp-server@3.3.0,20136,cancel-job,idempotency,skip,call-failed,"The first call did not succeed, so no retry behaviour could be observed.",runs/census-v5/runpod-mcp-server-dt-census-1.dt.jsonl
@runpod/mcp-server,npm:@runpod/mcp-server@3.3.0,20136,cancel-job,partial-failure,skip,call-failed,"An uninterrupted call did not succeed, so there is no reference effect to interrupt.",runs/census-v5/runpod-mcp-server-dt-census-1.dt.jsonl
@runpod/mcp-server,npm:@runpod/mcp-server@3.3.0,20136,cancel-job,upstream-idempotency,skip,no-upstream-call,"The call sent nothing upstream, so there is no remote side effect to retry.",runs/census-v5/runpod-mcp-server-dt-census-1.dt.jsonl
@runpod/mcp-server,npm:@runpod/mcp-server@3.3.0,20136,cancel-job,concurrency,skip,call-failed,"No call succeeded even one at a time, so there is no correct behaviour to compare against.",runs/census-v5/runpod-mcp-server-dt-census-1.dt.jsonl
@runpod/mcp-server,npm:@runpod/mcp-server@3.3.0,20136,create-container-registry-auth,answer-stability,pass,answer-reproducible,Two identical calls returned identical answers.,runs/census-v5/runpod-mcp-server-dt-census-1.dt.jsonl
@runpod/mcp-server,npm:@runpod/mcp-server@3.3.0,20136,create-container-registry-auth,idempotency,skip,no-observable-effect,"A successful call produced no observable state change, so retry safety cannot be decided by this oracle.",runs/census-v5/runpod-mcp-server-dt-census-1.dt.jsonl
@runpod/mcp-server,npm:@runpod/mcp-server@3.3.0,20136,create-container-registry-auth,partial-failure,skip,no-observable-effect,"A clean call produced no observable state change, so an interrupted one cannot be judged by this oracle.",runs/census-v5/runpod-mcp-server-dt-census-1.dt.jsonl
@runpod/mcp-server,npm:@runpod/mcp-server@3.3.0,20136,create-container-registry-auth,upstream-idempotency,fail,upstream-write-repeated,"The retry re-sends POST api.runpod.io/v2/registries with no idempotency header, and the tool declares no readOnlyHint. Either the retry duplicates a write, or the call is a query and the annotation a gateway would use to know that is missing, both on the live connection and after a reconnect.",runs/census-v5/runpod-mcp-server-dt-census-1.dt.jsonl
@runpod/mcp-server,npm:@runpod/mcp-server@3.3.0,20136,create-container-registry-auth,concurrency,pass,concurrent-matches-sequential,4 overlapping calls left the same shape of state as the same 4 calls run one at a time.,runs/census-v5/runpod-mcp-server-dt-census-1.dt.jsonl
@runpod/mcp-server,npm:@runpod/mcp-server@3.3.0,20136,create-endpoint,answer-stability,pass,answer-reproducible,Two identical calls returned identical answers.,runs/census-v5/runpod-mcp-server-dt-census-1.dt.jsonl
@runpod/mcp-server,npm:@runpod/mcp-server@3.3.0,20136,create-endpoint,idempotency,skip,no-observable-effect,"A successful call produced no observable state change, so retry safety cannot be decided by this oracle.",runs/census-v5/runpod-mcp-server-dt-census-1.dt.jsonl
@runpod/mcp-server,npm:@runpod/mcp-server@3.3.0,20136,create-endpoint,partial-failure,skip,no-observable-effect,"A clean call produced no observable state change, so an interrupted one cannot be judged by this oracle.",runs/census-v5/runpod-mcp-server-dt-census-1.dt.jsonl
@runpod/mcp-server,npm:@runpod/mcp-server@3.3.0,20136,create-endpoint,upstream-idempotency,skip,no-upstream-call,"The call sent nothing upstream, so there is no remote side effect to retry.",runs/census-v5/runpod-mcp-server-dt-census-1.dt.jsonl
@runpod/mcp-server,npm:@runpod/mcp-server@3.3.0,20136,create-endpoint,concurrency,skip,no-observable-effect,"Calls succeed but leave nothing this oracle can see, so overlapping them cannot be judged.",runs/census-v5/runpod-mcp-server-dt-census-1.dt.jsonl
@runpod/mcp-server,npm:@runpod/mcp-server@3.3.0,20136,create-network-volume,answer-stability,pass,answer-reproducible,Two identical calls returned identical answers.,runs/census-v5/runpod-mcp-server-dt-census-1.dt.jsonl
@runpod/mcp-server,npm:@runpod/mcp-server@3.3.0,20136,create-network-volume,idempotency,skip,no-observable-effect,"A successful call produced no observable state change, so retry safety cannot be decided by this oracle.",runs/census-v5/runpod-mcp-server-dt-census-1.dt.jsonl
@runpod/mcp-server,npm:@runpod/mcp-server@3.3.0,20136,create-network-volume,partial-failure,skip,no-observable-effect,"A clean call produced no observable state change, so an interrupted one cannot be judged by this oracle.",runs/census-v5/runpod-mcp-server-dt-census-1.dt.jsonl
@runpod/mcp-server,npm:@runpod/mcp-server@3.3.0,20136,create-network-volume,upstream-idempotency,fail,upstream-write-repeated,"The retry re-sends POST api.runpod.io/v2/network-volumes with no idempotency header, and the tool declares no readOnlyHint. Either the retry duplicates a write, or the call is a query and the annotation a gateway would use to know that is missing, both on the live connection and after a reconnect.",runs/census-v5/runpod-mcp-server-dt-census-1.dt.jsonl
@runpod/mcp-server,npm:@runpod/mcp-server@3.3.0,20136,create-network-volume,concurrency,pass,concurrent-matches-sequential,4 overlapping calls left the same shape of state as the same 4 calls run one at a time.,runs/census-v5/runpod-mcp-server-dt-census-1.dt.jsonl
@runpod/mcp-server,npm:@runpod/mcp-server@3.3.0,20136,create-pod,answer-stability,pass,answer-reproducible,Two identical calls returned identical answers.,runs/census-v5/runpod-mcp-server-dt-census-1.dt.jsonl
@runpod/mcp-server,npm:@runpod/mcp-server@3.3.0,20136,create-pod,idempotency,skip,no-observable-effect,"A successful call produced no observable state change, so retry safety cannot be decided by this oracle.",runs/census-v5/runpod-mcp-server-dt-census-1.dt.jsonl
@runpod/mcp-server,npm:@runpod/mcp-server@3.3.0,20136,create-pod,partial-failure,skip,no-observable-effect,"A clean call produced no observable state change, so an interrupted one cannot be judged by this oracle.",runs/census-v5/runpod-mcp-server-dt-census-1.dt.jsonl
@runpod/mcp-server,npm:@runpod/mcp-server@3.3.0,20136,create-pod,upstream-idempotency,skip,no-upstream-call,"The call sent nothing upstream, so there is no remote side effect to retry.",runs/census-v5/runpod-mcp-server-dt-census-1.dt.jsonl
@runpod/mcp-server,npm:@runpod/mcp-server@3.3.0,20136,create-pod,concurrency,skip,no-observable-effect,"Calls succeed but leave nothing this oracle can see, so overlapping them cannot be judged.",runs/census-v5/runpod-mcp-server-dt-census-1.dt.jsonl
@runpod/mcp-server,npm:@runpod/mcp-server@3.3.0,20136,create-registry-delegation,answer-stability,pass,answer-reproducible,Two identical calls returned identical answers.,runs/census-v5/runpod-mcp-server-dt-census-1.dt.jsonl
@runpod/mcp-server,npm:@runpod/mcp-server@3.3.0,20136,create-registry-delegation,idempotency,skip,no-observable-effect,"A successful call produced no observable state change, so retry safety cannot be decided by this oracle.",runs/census-v5/runpod-mcp-server-dt-census-1.dt.jsonl
@runpod/mcp-server,npm:@runpod/mcp-server@3.3.0,20136,create-registry-delegation,partial-failure,skip,no-observable-effect,"A clean call produced no observable state change, so an interrupted one cannot be judged by this oracle.",runs/census-v5/runpod-mcp-server-dt-census-1.dt.jsonl
@runpod/mcp-server,npm:@runpod/mcp-server@3.3.0,20136,create-registry-delegation,upstream-idempotency,fail,upstream-write-repeated,"The retry re-sends POST api.runpod.io/v2/registries/delegations with no idempotency header, and the tool declares no readOnlyHint. Either the retry duplicates a write, or the call is a query and the annotation a gateway would use to know that is missing, both on the live connection and after a reconnect.",runs/census-v5/runpod-mcp-server-dt-census-1.dt.jsonl
@runpod/mcp-server,npm:@runpod/mcp-server@3.3.0,20136,create-registry-delegation,concurrency,pass,concurrent-matches-sequential,4 overlapping calls left the same shape of state as the same 4 calls run one at a time.,runs/census-v5/runpod-mcp-server-dt-census-1.dt.jsonl
@runpod/mcp-server,npm:@runpod/mcp-server@3.3.0,20136,create-template,answer-stability,pass,answer-reproducible,Two identical calls returned identical answers.,runs/census-v5/runpod-mcp-server-dt-census-1.dt.jsonl
@runpod/mcp-server,npm:@runpod/mcp-server@3.3.0,20136,create-template,idempotency,skip,no-observable-effect,"A successful call produced no observable state change, so retry safety cannot be decided by this oracle.",runs/census-v5/runpod-mcp-server-dt-census-1.dt.jsonl
@runpod/mcp-server,npm:@runpod/mcp-server@3.3.0,20136,create-template,partial-failure,skip,no-observable-effect,"A clean call produced no observable state change, so an interrupted one cannot be judged by this oracle.",runs/census-v5/runpod-mcp-server-dt-census-1.dt.jsonl
@runpod/mcp-server,npm:@runpod/mcp-server@3.3.0,20136,create-template,upstream-idempotency,fail,upstream-write-repeated,"The retry re-sends POST api.runpod.io/v2/templates with no idempotency header, and the tool declares no readOnlyHint. Either the retry duplicates a write, or the call is a query and the annotation a gateway would use to know that is missing, both on the live connection and after a reconnect.",runs/census-v5/runpod-mcp-server-dt-census-1.dt.jsonl
@runpod/mcp-server,npm:@runpod/mcp-server@3.3.0,20136,create-template,concurrency,pass,concurrent-matches-sequential,4 overlapping calls left the same shape of state as the same 4 calls run one at a time.,runs/census-v5/runpod-mcp-server-dt-census-1.dt.jsonl
@runpod/mcp-server,npm:@runpod/mcp-server@3.3.0,20136,delete-container-registry-auth,answer-stability,pass,answer-reproducible,Two identical calls returned identical answers.,runs/census-v5/runpod-mcp-server-dt-census-1.dt.jsonl
@runpod/mcp-server,npm:@runpod/mcp-server@3.3.0,20136,delete-container-registry-auth,idempotency,skip,no-observable-effect,"A successful call produced no observable state change, so retry safety cannot be decided by this oracle.",runs/census-v5/runpod-mcp-server-dt-census-1.dt.jsonl
@runpod/mcp-server,npm:@runpod/mcp-server@3.3.0,20136,delete-container-registry-auth,partial-failure,skip,no-observable-effect,"A clean call produced no observable state change, so an interrupted one cannot be judged by this oracle.",runs/census-v5/runpod-mcp-server-dt-census-1.dt.jsonl
@runpod/mcp-server,npm:@runpod/mcp-server@3.3.0,20136,delete-container-registry-auth,upstream-idempotency,pass,upstream-method-idempotent,"The retry re-sends DELETE api.runpod.io/v2/registries/dt-a30d63, but those methods are idempotent by definition in HTTP, so repeating them leaves the same end state, both on the live connection and after a reconnect.",runs/census-v5/runpod-mcp-server-dt-census-1.dt.jsonl
@runpod/mcp-server,npm:@runpod/mcp-server@3.3.0,20136,delete-container-registry-auth,concurrency,pass,concurrent-matches-sequential,4 overlapping calls left the same shape of state as the same 4 calls run one at a time.,runs/census-v5/runpod-mcp-server-dt-census-1.dt.jsonl
samarth-gtm-mcp,npm:samarth-gtm-mcp@1.483.0,20093,accounts_get,answer-stability,pass,answer-reproducible,Two identical calls returned identical answers.,runs/census-v5/samarth-gtm-mcp-dt-census-1.dt.jsonl
samarth-gtm-mcp,npm:samarth-gtm-mcp@1.483.0,20093,accounts_get,idempotency,skip,no-observable-effect,"A successful call produced no observable state change, so retry safety cannot be decided by this oracle.",runs/census-v5/samarth-gtm-mcp-dt-census-1.dt.jsonl
samarth-gtm-mcp,npm:samarth-gtm-mcp@1.483.0,20093,accounts_get,partial-failure,skip,no-observable-effect,"A clean call produced no observable state change, so an interrupted one cannot be judged by this oracle.",runs/census-v5/samarth-gtm-mcp-dt-census-1.dt.jsonl
samarth-gtm-mcp,npm:samarth-gtm-mcp@1.483.0,20093,accounts_get,upstream-idempotency,fail,upstream-write-repeated,"The retry re-sends POST oauth2.googleapis.com/token with no idempotency header, and the tool declares no readOnlyHint. Either the retry duplicates a write, or the call is a query and the annotation a gateway would use to know that is missing, both on the live connection and after a reconnect.",runs/census-v5/samarth-gtm-mcp-dt-census-1.dt.jsonl
samarth-gtm-mcp,npm:samarth-gtm-mcp@1.483.0,20093,accounts_get,concurrency,pass,concurrent-matches-sequential,4 overlapping calls left the same shape of state as the same 4 calls run one at a time.,runs/census-v5/samarth-gtm-mcp-dt-census-1.dt.jsonl
samarth-gtm-mcp,npm:samarth-gtm-mcp@1.483.0,20093,accounts_list,answer-stability,pass,answer-reproducible,Two identical calls returned identical answers.,runs/census-v5/samarth-gtm-mcp-dt-census-1.dt.jsonl
samarth-gtm-mcp,npm:samarth-gtm-mcp@1.483.0,20093,accounts_list,idempotency,skip,no-observable-effect,"A successful call produced no observable state change, so retry safety cannot be decided by this oracle.",runs/census-v5/samarth-gtm-mcp-dt-census-1.dt.jsonl
samarth-gtm-mcp,npm:samarth-gtm-mcp@1.483.0,20093,accounts_list,partial-failure,skip,no-observable-effect,"A clean call produced no observable state change, so an interrupted one cannot be judged by this oracle.",runs/census-v5/samarth-gtm-mcp-dt-census-1.dt.jsonl
samarth-gtm-mcp,npm:samarth-gtm-mcp@1.483.0,20093,accounts_list,upstream-idempotency,fail,upstream-write-repeated,"The retry re-sends POST oauth2.googleapis.com/token with no idempotency header, and the tool declares no readOnlyHint. Either the retry duplicates a write, or the call is a query and the annotation a gateway would use to know that is missing, both on the live connection and after a reconnect.",runs/census-v5/samarth-gtm-mcp-dt-census-1.dt.jsonl
samarth-gtm-mcp,npm:samarth-gtm-mcp@1.483.0,20093,accounts_list,concurrency,pass,concurrent-matches-sequential,4 overlapping calls left the same shape of state as the same 4 calls run one at a time.,runs/census-v5/samarth-gtm-mcp-dt-census-1.dt.jsonl
samarth-gtm-mcp,npm:samarth-gtm-mcp@1.483.0,20093,audit_container,answer-stability,pass,answer-reproducible,Two identical calls returned identical answers.,runs/census-v5/samarth-gtm-mcp-dt-census-1.dt.jsonl
samarth-gtm-mcp,npm:samarth-gtm-mcp@1.483.0,20093,audit_container,idempotency,skip,no-observable-effect,"A successful call produced no observable state change, so retry safety cannot be decided by this oracle.",runs/census-v5/samarth-gtm-mcp-dt-census-1.dt.jsonl
samarth-gtm-mcp,npm:samarth-gtm-mcp@1.483.0,20093,audit_container,partial-failure,skip,no-observable-effect,"A clean call produced no observable state change, so an interrupted one cannot be judged by this oracle.",runs/census-v5/samarth-gtm-mcp-dt-census-1.dt.jsonl
samarth-gtm-mcp,npm:samarth-gtm-mcp@1.483.0,20093,audit_container,upstream-idempotency,fail,upstream-write-repeated,"The retry re-sends POST oauth2.googleapis.com/token with no idempotency header, and the tool declares no readOnlyHint. Either the retry duplicates a write, or the call is a query and the annotation a gateway would use to know that is missing, both on the live connection and after a reconnect.",runs/census-v5/samarth-gtm-mcp-dt-census-1.dt.jsonl
samarth-gtm-mcp,npm:samarth-gtm-mcp@1.483.0,20093,audit_container,concurrency,pass,concurrent-matches-sequential,4 overlapping calls left the same shape of state as the same 4 calls run one at a time.,runs/census-v5/samarth-gtm-mcp-dt-census-1.dt.jsonl
samarth-gtm-mcp,npm:samarth-gtm-mcp@1.483.0,20093,built_in_variables_disable,idempotency,skip,call-failed,"The first call did not succeed, so no retry behaviour could be observed.",runs/census-v5/samarth-gtm-mcp-dt-census-1.dt.jsonl
samarth-gtm-mcp,npm:samarth-gtm-mcp@1.483.0,20093,built_in_variables_disable,partial-failure,skip,call-failed,"An uninterrupted call did not succeed, so there is no reference effect to interrupt.",runs/census-v5/samarth-gtm-mcp-dt-census-1.dt.jsonl
samarth-gtm-mcp,npm:samarth-gtm-mcp@1.483.0,20093,built_in_variables_disable,upstream-idempotency,skip,no-upstream-call,"The call sent nothing upstream, so there is no remote side effect to retry.",runs/census-v5/samarth-gtm-mcp-dt-census-1.dt.jsonl
samarth-gtm-mcp,npm:samarth-gtm-mcp@1.483.0,20093,built_in_variables_disable,concurrency,skip,call-failed,"No call succeeded even one at a time, so there is no correct behaviour to compare against.",runs/census-v5/samarth-gtm-mcp-dt-census-1.dt.jsonl
samarth-gtm-mcp,npm:samarth-gtm-mcp@1.483.0,20093,built_in_variables_enable,idempotency,skip,call-failed,"The first call did not succeed, so no retry behaviour could be observed.",runs/census-v5/samarth-gtm-mcp-dt-census-1.dt.jsonl
samarth-gtm-mcp,npm:samarth-gtm-mcp@1.483.0,20093,built_in_variables_enable,partial-failure,skip,call-failed,"An uninterrupted call did not succeed, so there is no reference effect to interrupt.",runs/census-v5/samarth-gtm-mcp-dt-census-1.dt.jsonl
samarth-gtm-mcp,npm:samarth-gtm-mcp@1.483.0,20093,built_in_variables_enable,upstream-idempotency,skip,no-upstream-call,"The call sent nothing upstream, so there is no remote side effect to retry.",runs/census-v5/samarth-gtm-mcp-dt-census-1.dt.jsonl
samarth-gtm-mcp,npm:samarth-gtm-mcp@1.483.0,20093,built_in_variables_enable,concurrency,skip,call-failed,"No call succeeded even one at a time, so there is no correct behaviour to compare against.",runs/census-v5/samarth-gtm-mcp-dt-census-1.dt.jsonl
samarth-gtm-mcp,npm:samarth-gtm-mcp@1.483.0,20093,built_in_variables_list,answer-stability,pass,answer-reproducible,Two identical calls returned identical answers.,runs/census-v5/samarth-gtm-mcp-dt-census-1.dt.jsonl
samarth-gtm-mcp,npm:samarth-gtm-mcp@1.483.0,20093,built_in_variables_list,idempotency,skip,no-observable-effect,"A successful call produced no observable state change, so retry safety cannot be decided by this oracle.",runs/census-v5/samarth-gtm-mcp-dt-census-1.dt.jsonl
samarth-gtm-mcp,npm:samarth-gtm-mcp@1.483.0,20093,built_in_variables_list,partial-failure,skip,no-observable-effect,"A clean call produced no observable state change, so an interrupted one cannot be judged by this oracle.",runs/census-v5/samarth-gtm-mcp-dt-census-1.dt.jsonl
samarth-gtm-mcp,npm:samarth-gtm-mcp@1.483.0,20093,built_in_variables_list,upstream-idempotency,fail,upstream-write-repeated,"The retry re-sends POST oauth2.googleapis.com/token with no idempotency header, and the tool declares no readOnlyHint. Either the retry duplicates a write, or the call is a query and the annotation a gateway would use to know that is missing, both on the live connection and after a reconnect.",runs/census-v5/samarth-gtm-mcp-dt-census-1.dt.jsonl
samarth-gtm-mcp,npm:samarth-gtm-mcp@1.483.0,20093,built_in_variables_list,concurrency,pass,concurrent-matches-sequential,4 overlapping calls left the same shape of state as the same 4 calls run one at a time.,runs/census-v5/samarth-gtm-mcp-dt-census-1.dt.jsonl
samarth-gtm-mcp,npm:samarth-gtm-mcp@1.483.0,20093,built_in_variables_revert,idempotency,skip,call-failed,"The first call did not succeed, so no retry behaviour could be observed.",runs/census-v5/samarth-gtm-mcp-dt-census-1.dt.jsonl
samarth-gtm-mcp,npm:samarth-gtm-mcp@1.483.0,20093,built_in_variables_revert,partial-failure,skip,call-failed,"An uninterrupted call did not succeed, so there is no reference effect to interrupt.",runs/census-v5/samarth-gtm-mcp-dt-census-1.dt.jsonl
samarth-gtm-mcp,npm:samarth-gtm-mcp@1.483.0,20093,built_in_variables_revert,upstream-idempotency,skip,no-upstream-call,"The call sent nothing upstream, so there is no remote side effect to retry.",runs/census-v5/samarth-gtm-mcp-dt-census-1.dt.jsonl
samarth-gtm-mcp,npm:samarth-gtm-mcp@1.483.0,20093,built_in_variables_revert,concurrency,skip,call-failed,"No call succeeded even one at a time, so there is no correct behaviour to compare against.",runs/census-v5/samarth-gtm-mcp-dt-census-1.dt.jsonl
samarth-gtm-mcp,npm:samarth-gtm-mcp@1.483.0,20093,clients_create,idempotency,skip,call-failed,"The first call did not succeed, so no retry behaviour could be observed.",runs/census-v5/samarth-gtm-mcp-dt-census-1.dt.jsonl
samarth-gtm-mcp,npm:samarth-gtm-mcp@1.483.0,20093,clients_create,partial-failure,skip,call-failed,"An uninterrupted call did not succeed, so there is no reference effect to interrupt.",runs/census-v5/samarth-gtm-mcp-dt-census-1.dt.jsonl
samarth-gtm-mcp,npm:samarth-gtm-mcp@1.483.0,20093,clients_create,upstream-idempotency,skip,no-upstream-call,"The call sent nothing upstream, so there is no remote side effect to retry.",runs/census-v5/samarth-gtm-mcp-dt-census-1.dt.jsonl
samarth-gtm-mcp,npm:samarth-gtm-mcp@1.483.0,20093,clients_create,concurrency,skip,call-failed,"No call succeeded even one at a time, so there is no correct behaviour to compare against.",runs/census-v5/samarth-gtm-mcp-dt-census-1.dt.jsonl
airtable-mcp-server,npm:airtable-mcp-server@1.14.0,19865,create_comment,idempotency,skip,call-failed,"The first call did not succeed, so no retry behaviour could be observed.",runs/census-v5/airtable-mcp-server-dt-census-1.dt.jsonl
airtable-mcp-server,npm:airtable-mcp-server@1.14.0,19865,create_comment,partial-failure,skip,call-failed,"An uninterrupted call did not succeed, so there is no reference effect to interrupt.",runs/census-v5/airtable-mcp-server-dt-census-1.dt.jsonl
airtable-mcp-server,npm:airtable-mcp-server@1.14.0,19865,create_comment,upstream-idempotency,fail,upstream-write-repeated,"The retry re-sends POST api.airtable.com/v0/dt-a6602e/dt-a6602e/dt-a6602e/comments with no idempotency header, and the tool declares no readOnlyHint. Either the retry duplicates a write, or the call is a query and the annotation a gateway would use to know that is missing, both on the live connection and after a reconnect.",runs/census-v5/airtable-mcp-server-dt-census-1.dt.jsonl
airtable-mcp-server,npm:airtable-mcp-server@1.14.0,19865,create_comment,concurrency,skip,call-failed,"No call succeeded even one at a time, so there is no correct behaviour to compare against.",runs/census-v5/airtable-mcp-server-dt-census-1.dt.jsonl
airtable-mcp-server,npm:airtable-mcp-server@1.14.0,19865,create_field,idempotency,skip,call-failed,"The first call did not succeed, so no retry behaviour could be observed.",runs/census-v5/airtable-mcp-server-dt-census-1.dt.jsonl
airtable-mcp-server,npm:airtable-mcp-server@1.14.0,19865,create_field,partial-failure,skip,call-failed,"An uninterrupted call did not succeed, so there is no reference effect to interrupt.",runs/census-v5/airtable-mcp-server-dt-census-1.dt.jsonl
airtable-mcp-server,npm:airtable-mcp-server@1.14.0,19865,create_field,upstream-idempotency,fail,upstream-write-repeated,"The retry re-sends POST api.airtable.com/v0/meta/bases/dt-ffbf5a/tables/dt-ffbf5a/fields with no idempotency header, and the tool declares no readOnlyHint. Either the retry duplicates a write, or the call is a query and the annotation a gateway would use to know that is missing, both on the live connection and after a reconnect.",runs/census-v5/airtable-mcp-server-dt-census-1.dt.jsonl
airtable-mcp-server,npm:airtable-mcp-server@1.14.0,19865,create_field,concurrency,skip,call-failed,"No call succeeded even one at a time, so there is no correct behaviour to compare against.",runs/census-v5/airtable-mcp-server-dt-census-1.dt.jsonl
airtable-mcp-server,npm:airtable-mcp-server@1.14.0,19865,create_record,idempotency,skip,call-failed,"The first call did not succeed, so no retry behaviour could be observed.",runs/census-v5/airtable-mcp-server-dt-census-1.dt.jsonl
airtable-mcp-server,npm:airtable-mcp-server@1.14.0,19865,create_record,partial-failure,skip,call-failed,"An uninterrupted call did not succeed, so there is no reference effect to interrupt.",runs/census-v5/airtable-mcp-server-dt-census-1.dt.jsonl
airtable-mcp-server,npm:airtable-mcp-server@1.14.0,19865,create_record,upstream-idempotency,fail,upstream-write-repeated,"The retry re-sends POST api.airtable.com/v0/dt-4b5198/dt-4b5198 with no idempotency header, and the tool declares no readOnlyHint. Either the retry duplicates a write, or the call is a query and the annotation a gateway would use to know that is missing, both on the live connection and after a reconnect.",runs/census-v5/airtable-mcp-server-dt-census-1.dt.jsonl
airtable-mcp-server,npm:airtable-mcp-server@1.14.0,19865,create_record,concurrency,skip,call-failed,"No call succeeded even one at a time, so there is no correct behaviour to compare against.",runs/census-v5/airtable-mcp-server-dt-census-1.dt.jsonl
airtable-mcp-server,npm:airtable-mcp-server@1.14.0,19865,create_table,idempotency,skip,call-failed,"The first call did not succeed, so no retry behaviour could be observed.",runs/census-v5/airtable-mcp-server-dt-census-1.dt.jsonl
airtable-mcp-server,npm:airtable-mcp-server@1.14.0,19865,create_table,partial-failure,skip,call-failed,"An uninterrupted call did not succeed, so there is no reference effect to interrupt.",runs/census-v5/airtable-mcp-server-dt-census-1.dt.jsonl
airtable-mcp-server,npm:airtable-mcp-server@1.14.0,19865,create_table,upstream-idempotency,fail,upstream-write-repeated,"The retry re-sends POST api.airtable.com/v0/meta/bases/dt-55029a/tables with no idempotency header, and the tool declares no readOnlyHint. Either the retry duplicates a write, or the call is a query and the annotation a gateway would use to know that is missing, both on the live connection and after a reconnect.",runs/census-v5/airtable-mcp-server-dt-census-1.dt.jsonl
airtable-mcp-server,npm:airtable-mcp-server@1.14.0,19865,create_table,concurrency,skip,call-failed,"No call succeeded even one at a time, so there is no correct behaviour to compare against.",runs/census-v5/airtable-mcp-server-dt-census-1.dt.jsonl
airtable-mcp-server,npm:airtable-mcp-server@1.14.0,19865,delete_records,idempotency,skip,call-failed,"The first call did not succeed, so no retry behaviour could be observed.",runs/census-v5/airtable-mcp-server-dt-census-1.dt.jsonl
airtable-mcp-server,npm:airtable-mcp-server@1.14.0,19865,delete_records,partial-failure,skip,call-failed,"An uninterrupted call did not succeed, so there is no reference effect to interrupt.",runs/census-v5/airtable-mcp-server-dt-census-1.dt.jsonl
airtable-mcp-server,npm:airtable-mcp-server@1.14.0,19865,delete_records,upstream-idempotency,pass,upstream-method-idempotent,"The retry re-sends DELETE api.airtable.com/v0/dt-0c84cc/dt-0c84cc, but those methods are idempotent by definition in HTTP, so repeating them leaves the same end state, both on the live connection and after a reconnect.",runs/census-v5/airtable-mcp-server-dt-census-1.dt.jsonl
airtable-mcp-server,npm:airtable-mcp-server@1.14.0,19865,delete_records,concurrency,skip,call-failed,"No call succeeded even one at a time, so there is no correct behaviour to compare against.",runs/census-v5/airtable-mcp-server-dt-census-1.dt.jsonl
airtable-mcp-server,npm:airtable-mcp-server@1.14.0,19865,describe_table,idempotency,skip,call-failed,"The first call did not succeed, so no retry behaviour could be observed.",runs/census-v5/airtable-mcp-server-dt-census-1.dt.jsonl
airtable-mcp-server,npm:airtable-mcp-server@1.14.0,19865,describe_table,partial-failure,skip,read-only-confirmed,"The tool declares readOnlyHint, so there is no effect to leave half done.",runs/census-v5/airtable-mcp-server-dt-census-1.dt.jsonl
airtable-mcp-server,npm:airtable-mcp-server@1.14.0,19865,describe_table,upstream-idempotency,pass,upstream-reads-only,"The call only reads upstream (GET api.airtable.com/v0/meta/bases/dt-aa9a60/tables), so a retry cannot duplicate anything, both on the live connection and after a reconnect.",runs/census-v5/airtable-mcp-server-dt-census-1.dt.jsonl
airtable-mcp-server,npm:airtable-mcp-server@1.14.0,19865,describe_table,concurrency,skip,read-only-confirmed,"The tool declares readOnlyHint, so overlapping calls have nothing to corrupt.",runs/census-v5/airtable-mcp-server-dt-census-1.dt.jsonl
airtable-mcp-server,npm:airtable-mcp-server@1.14.0,19865,get_record,idempotency,skip,call-failed,"The first call did not succeed, so no retry behaviour could be observed.",runs/census-v5/airtable-mcp-server-dt-census-1.dt.jsonl
airtable-mcp-server,npm:airtable-mcp-server@1.14.0,19865,get_record,partial-failure,skip,read-only-confirmed,"The tool declares readOnlyHint, so there is no effect to leave half done.",runs/census-v5/airtable-mcp-server-dt-census-1.dt.jsonl
airtable-mcp-server,npm:airtable-mcp-server@1.14.0,19865,get_record,upstream-idempotency,pass,upstream-reads-only,"The call only reads upstream (GET api.airtable.com/v0/dt-51360d/dt-51360d/dt-51360d), so a retry cannot duplicate anything, both on the live connection and after a reconnect.",runs/census-v5/airtable-mcp-server-dt-census-1.dt.jsonl
airtable-mcp-server,npm:airtable-mcp-server@1.14.0,19865,get_record,concurrency,skip,read-only-confirmed,"The tool declares readOnlyHint, so overlapping calls have nothing to corrupt.",runs/census-v5/airtable-mcp-server-dt-census-1.dt.jsonl
airtable-mcp-server,npm:airtable-mcp-server@1.14.0,19865,list_bases,idempotency,skip,call-failed,"The first call did not succeed, so no retry behaviour could be observed.",runs/census-v5/airtable-mcp-server-dt-census-1.dt.jsonl
airtable-mcp-server,npm:airtable-mcp-server@1.14.0,19865,list_bases,partial-failure,skip,read-only-confirmed,"The tool declares readOnlyHint, so there is no effect to leave half done.",runs/census-v5/airtable-mcp-server-dt-census-1.dt.jsonl
airtable-mcp-server,npm:airtable-mcp-server@1.14.0,19865,list_bases,upstream-idempotency,pass,upstream-reads-only,"The call only reads upstream (GET api.airtable.com/v0/meta/bases), so a retry cannot duplicate anything, both on the live connection and after a reconnect.",runs/census-v5/airtable-mcp-server-dt-census-1.dt.jsonl
airtable-mcp-server,npm:airtable-mcp-server@1.14.0,19865,list_bases,concurrency,skip,read-only-confirmed,"The tool declares readOnlyHint, so overlapping calls have nothing to corrupt.",runs/census-v5/airtable-mcp-server-dt-census-1.dt.jsonl
@kolbo/mcp,npm:@kolbo/mcp@1.86.0,19854,acquire_clean_music_track,answer-stability,pass,answer-reproducible,Two identical calls returned identical answers.,runs/census-v5/kolbo-mcp-dt-census-1.dt.jsonl
@kolbo/mcp,npm:@kolbo/mcp@1.86.0,19854,acquire_clean_music_track,idempotency,skip,no-observable-effect,"A successful call produced no observable state change, so retry safety cannot be decided by this oracle.",runs/census-v5/kolbo-mcp-dt-census-1.dt.jsonl
@kolbo/mcp,npm:@kolbo/mcp@1.86.0,19854,acquire_clean_music_track,partial-failure,skip,no-observable-effect,"A clean call produced no observable state change, so an interrupted one cannot be judged by this oracle.",runs/census-v5/kolbo-mcp-dt-census-1.dt.jsonl
@kolbo/mcp,npm:@kolbo/mcp@1.86.0,19854,acquire_clean_music_track,upstream-idempotency,fail,upstream-write-repeated,"The retry re-sends POST <upstream>/v1/music-library/clean/dt-05988c with no idempotency header, and the tool declares no readOnlyHint. Either the retry duplicates a write, or the call is a query and the annotation a gateway would use to know that is missing, both on the live connection and after a reconnect.",runs/census-v5/kolbo-mcp-dt-census-1.dt.jsonl
@kolbo/mcp,npm:@kolbo/mcp@1.86.0,19854,acquire_clean_music_track,concurrency,pass,concurrent-matches-sequential,4 overlapping calls left the same shape of state as the same 4 calls run one at a time.,runs/census-v5/kolbo-mcp-dt-census-1.dt.jsonl
@kolbo/mcp,npm:@kolbo/mcp@1.86.0,19854,activate_color_palette,answer-stability,pass,answer-reproducible,Two identical calls returned identical answers.,runs/census-v5/kolbo-mcp-dt-census-1.dt.jsonl
@kolbo/mcp,npm:@kolbo/mcp@1.86.0,19854,activate_color_palette,idempotency,skip,no-observable-effect,"A successful call produced no observable state change, so retry safety cannot be decided by this oracle.",runs/census-v5/kolbo-mcp-dt-census-1.dt.jsonl
@kolbo/mcp,npm:@kolbo/mcp@1.86.0,19854,activate_color_palette,partial-failure,skip,no-observable-effect,"A clean call produced no observable state change, so an interrupted one cannot be judged by this oracle.",runs/census-v5/kolbo-mcp-dt-census-1.dt.jsonl
@kolbo/mcp,npm:@kolbo/mcp@1.86.0,19854,activate_color_palette,upstream-idempotency,fail,upstream-write-repeated,"The retry re-sends POST <upstream>/v1/color-palettes/dt-eb1e15/activate with no idempotency header, and the tool declares no readOnlyHint. Either the retry duplicates a write, or the call is a query and the annotation a gateway would use to know that is missing, both on the live connection and after a reconnect.",runs/census-v5/kolbo-mcp-dt-census-1.dt.jsonl
@kolbo/mcp,npm:@kolbo/mcp@1.86.0,19854,activate_color_palette,concurrency,pass,concurrent-matches-sequential,4 overlapping calls left the same shape of state as the same 4 calls run one at a time.,runs/census-v5/kolbo-mcp-dt-census-1.dt.jsonl
@kolbo/mcp,npm:@kolbo/mcp@1.86.0,19854,add_media_to_folder,answer-stability,pass,answer-reproducible,Two identical calls returned identical answers.,runs/census-v5/kolbo-mcp-dt-census-1.dt.jsonl
@kolbo/mcp,npm:@kolbo/mcp@1.86.0,19854,add_media_to_folder,idempotency,skip,no-observable-effect,"A successful call produced no observable state change, so retry safety cannot be decided by this oracle.",runs/census-v5/kolbo-mcp-dt-census-1.dt.jsonl
@kolbo/mcp,npm:@kolbo/mcp@1.86.0,19854,add_media_to_folder,partial-failure,skip,no-observable-effect,"A clean call produced no observable state change, so an interrupted one cannot be judged by this oracle.",runs/census-v5/kolbo-mcp-dt-census-1.dt.jsonl
@kolbo/mcp,npm:@kolbo/mcp@1.86.0,19854,add_media_to_folder,upstream-idempotency,fail,upstream-write-repeated,"The retry re-sends POST <upstream>/v1/media/folders/%2Fprivate%2Fvar%2Ffolders%2Fsk%2F2dc6gxhx2sx95bx90x1hbg7h0000gn%2FT%2Fdoubletap-kolbo-mcp-upstream-same-add_media_to_folder-hJ7JZX%2Fworkspace%2Fdt-3e5c9c-dir/items with no idempotency header, and the tool declares no readOnlyHint. Either the retry duplicates a write, or the call is a query and the annotation a gateway would use to know that is missing, both on the live connection and after a reconnect.",runs/census-v5/kolbo-mcp-dt-census-1.dt.jsonl
@kolbo/mcp,npm:@kolbo/mcp@1.86.0,19854,add_media_to_folder,concurrency,pass,concurrent-matches-sequential,4 overlapping calls left the same shape of state as the same 4 calls run one at a time.,runs/census-v5/kolbo-mcp-dt-census-1.dt.jsonl
@kolbo/mcp,npm:@kolbo/mcp@1.86.0,19854,add_project_context,idempotency,skip,call-failed,"The first call did not succeed, so no retry behaviour could be observed.",runs/census-v5/kolbo-mcp-dt-census-1.dt.jsonl
@kolbo/mcp,npm:@kolbo/mcp@1.86.0,19854,add_project_context,partial-failure,skip,call-failed,"An uninterrupted call did not succeed, so there is no reference effect to interrupt.",runs/census-v5/kolbo-mcp-dt-census-1.dt.jsonl
@kolbo/mcp,npm:@kolbo/mcp@1.86.0,19854,add_project_context,upstream-idempotency,skip,no-upstream-call,"The call sent nothing upstream, so there is no remote side effect to retry.",runs/census-v5/kolbo-mcp-dt-census-1.dt.jsonl
@kolbo/mcp,npm:@kolbo/mcp@1.86.0,19854,add_project_context,concurrency,skip,call-failed,"No call succeeded even one at a time, so there is no correct behaviour to compare against.",runs/census-v5/kolbo-mcp-dt-census-1.dt.jsonl
@kolbo/mcp,npm:@kolbo/mcp@1.86.0,19854,add_review_version,answer-stability,pass,answer-reproducible,Two identical calls returned identical answers.,runs/census-v5/kolbo-mcp-dt-census-1.dt.jsonl
@kolbo/mcp,npm:@kolbo/mcp@1.86.0,19854,add_review_version,idempotency,skip,no-observable-effect,"A successful call produced no observable state change, so retry safety cannot be decided by this oracle.",runs/census-v5/kolbo-mcp-dt-census-1.dt.jsonl
@kolbo/mcp,npm:@kolbo/mcp@1.86.0,19854,add_review_version,partial-failure,skip,no-observable-effect,"A clean call produced no observable state change, so an interrupted one cannot be judged by this oracle.",runs/census-v5/kolbo-mcp-dt-census-1.dt.jsonl
@kolbo/mcp,npm:@kolbo/mcp@1.86.0,19854,add_review_version,upstream-idempotency,fail,upstream-write-repeated,"The retry re-sends POST <upstream>/v1/review/assets/dt-ee2874/versions with no idempotency header, and the tool declares no readOnlyHint. Either the retry duplicates a write, or the call is a query and the annotation a gateway would use to know that is missing, both on the live connection and after a reconnect.",runs/census-v5/kolbo-mcp-dt-census-1.dt.jsonl
@kolbo/mcp,npm:@kolbo/mcp@1.86.0,19854,add_review_version,concurrency,pass,concurrent-matches-sequential,4 overlapping calls left the same shape of state as the same 4 calls run one at a time.,runs/census-v5/kolbo-mcp-dt-census-1.dt.jsonl
@kolbo/mcp,npm:@kolbo/mcp@1.86.0,19854,analyze_color_palette,answer-stability,pass,answer-reproducible,Two identical calls returned identical answers.,runs/census-v5/kolbo-mcp-dt-census-1.dt.jsonl
@kolbo/mcp,npm:@kolbo/mcp@1.86.0,19854,analyze_color_palette,idempotency,pass,read-only-confirmed,Declares readOnlyHint: true and a successful call left the observable state unchanged.,runs/census-v5/kolbo-mcp-dt-census-1.dt.jsonl
@kolbo/mcp,npm:@kolbo/mcp@1.86.0,19854,analyze_color_palette,partial-failure,skip,read-only-confirmed,"The tool declares readOnlyHint, so there is no effect to leave half done.",runs/census-v5/kolbo-mcp-dt-census-1.dt.jsonl
@kolbo/mcp,npm:@kolbo/mcp@1.86.0,19854,analyze_color_palette,upstream-idempotency,pass,upstream-reads-only,"The retry re-sends POST <upstream>/v1/color-palettes/analyze, but the tool declares readOnlyHint, so the request is a query rather than a write, both on the live connection and after a reconnect.",runs/census-v5/kolbo-mcp-dt-census-1.dt.jsonl
@kolbo/mcp,npm:@kolbo/mcp@1.86.0,19854,analyze_color_palette,concurrency,skip,read-only-confirmed,"The tool declares readOnlyHint, so overlapping calls have nothing to corrupt.",runs/census-v5/kolbo-mcp-dt-census-1.dt.jsonl
@kolbo/mcp,npm:@kolbo/mcp@1.86.0,19854,analyze_script_for_music,answer-stability,pass,answer-reproducible,Two identical calls returned identical answers.,runs/census-v5/kolbo-mcp-dt-census-1.dt.jsonl
@kolbo/mcp,npm:@kolbo/mcp@1.86.0,19854,analyze_script_for_music,idempotency,pass,read-only-confirmed,Declares readOnlyHint: true and a successful call left the observable state unchanged.,runs/census-v5/kolbo-mcp-dt-census-1.dt.jsonl
@kolbo/mcp,npm:@kolbo/mcp@1.86.0,19854,analyze_script_for_music,partial-failure,skip,read-only-confirmed,"The tool declares readOnlyHint, so there is no effect to leave half done.",runs/census-v5/kolbo-mcp-dt-census-1.dt.jsonl
@kolbo/mcp,npm:@kolbo/mcp@1.86.0,19854,analyze_script_for_music,upstream-idempotency,pass,upstream-reads-only,"The retry re-sends POST <upstream>/v1/music-library/analyze-script, but the tool declares readOnlyHint, so the request is a query rather than a write, both on the live connection and after a reconnect.",runs/census-v5/kolbo-mcp-dt-census-1.dt.jsonl
@kolbo/mcp,npm:@kolbo/mcp@1.86.0,19854,analyze_script_for_music,concurrency,skip,read-only-confirmed,"The tool declares readOnlyHint, so overlapping calls have nothing to corrupt.",runs/census-v5/kolbo-mcp-dt-census-1.dt.jsonl
@kolbo/mcp,npm:@kolbo/mcp@1.86.0,19854,analyze_script_for_stock,answer-stability,pass,answer-reproducible,Two identical calls returned identical answers.,runs/census-v5/kolbo-mcp-dt-census-1.dt.jsonl
@kolbo/mcp,npm:@kolbo/mcp@1.86.0,19854,analyze_script_for_stock,idempotency,pass,read-only-confirmed,Declares readOnlyHint: true and a successful call left the observable state unchanged.,runs/census-v5/kolbo-mcp-dt-census-1.dt.jsonl
@kolbo/mcp,npm:@kolbo/mcp@1.86.0,19854,analyze_script_for_stock,partial-failure,skip,read-only-confirmed,"The tool declares readOnlyHint, so there is no effect to leave half done.",runs/census-v5/kolbo-mcp-dt-census-1.dt.jsonl
@kolbo/mcp,npm:@kolbo/mcp@1.86.0,19854,analyze_script_for_stock,upstream-idempotency,pass,upstream-reads-only,"The retry re-sends POST <upstream>/v1/stock/analyze-script, but the tool declares readOnlyHint, so the request is a query rather than a write, both on the live connection and after a reconnect.",runs/census-v5/kolbo-mcp-dt-census-1.dt.jsonl
@kolbo/mcp,npm:@kolbo/mcp@1.86.0,19854,analyze_script_for_stock,concurrency,skip,read-only-confirmed,"The tool declares readOnlyHint, so overlapping calls have nothing to corrupt.",runs/census-v5/kolbo-mcp-dt-census-1.dt.jsonl
@browserbasehq/mcp,npm:@browserbasehq/mcp@3.0.0,19830,act,idempotency,skip,call-failed,"The first call did not succeed, so no retry behaviour could be observed.",runs/census-v5/browserbasehq-mcp-dt-census-1.dt.jsonl
@browserbasehq/mcp,npm:@browserbasehq/mcp@3.0.0,19830,act,partial-failure,skip,call-failed,"An uninterrupted call did not succeed, so there is no reference effect to interrupt.",runs/census-v5/browserbasehq-mcp-dt-census-1.dt.jsonl
@browserbasehq/mcp,npm:@browserbasehq/mcp@3.0.0,19830,act,upstream-idempotency,fail,upstream-write-repeated,"The retry re-sends POST api.stagehand.browserbase.com/v1/sessions/start with no idempotency header, and the tool declares no readOnlyHint. Either the retry duplicates a write, or the call is a query and the annotation a gateway would use to know that is missing, both on the live connection and after a reconnect.",runs/census-v5/browserbasehq-mcp-dt-census-1.dt.jsonl
@browserbasehq/mcp,npm:@browserbasehq/mcp@3.0.0,19830,act,concurrency,skip,call-failed,"No call succeeded even one at a time, so there is no correct behaviour to compare against.",runs/census-v5/browserbasehq-mcp-dt-census-1.dt.jsonl
@browserbasehq/mcp,npm:@browserbasehq/mcp@3.0.0,19830,end,answer-stability,pass,answer-reproducible,Two identical calls returned identical answers.,runs/census-v5/browserbasehq-mcp-dt-census-1.dt.jsonl
@browserbasehq/mcp,npm:@browserbasehq/mcp@3.0.0,19830,end,idempotency,skip,no-observable-effect,"A successful call produced no observable state change, so retry safety cannot be decided by this oracle.",runs/census-v5/browserbasehq-mcp-dt-census-1.dt.jsonl
@browserbasehq/mcp,npm:@browserbasehq/mcp@3.0.0,19830,end,partial-failure,skip,no-observable-effect,"A clean call produced no observable state change, so an interrupted one cannot be judged by this oracle.",runs/census-v5/browserbasehq-mcp-dt-census-1.dt.jsonl
@browserbasehq/mcp,npm:@browserbasehq/mcp@3.0.0,19830,end,upstream-idempotency,skip,no-upstream-call,"The call sent nothing upstream, so there is no remote side effect to retry.",runs/census-v5/browserbasehq-mcp-dt-census-1.dt.jsonl
@browserbasehq/mcp,npm:@browserbasehq/mcp@3.0.0,19830,end,concurrency,skip,no-observable-effect,"Calls succeed but leave nothing this oracle can see, so overlapping them cannot be judged.",runs/census-v5/browserbasehq-mcp-dt-census-1.dt.jsonl
@browserbasehq/mcp,npm:@browserbasehq/mcp@3.0.0,19830,extract,idempotency,skip,call-failed,"The first call did not succeed, so no retry behaviour could be observed.",runs/census-v5/browserbasehq-mcp-dt-census-1.dt.jsonl
@browserbasehq/mcp,npm:@browserbasehq/mcp@3.0.0,19830,extract,partial-failure,skip,call-failed,"An uninterrupted call did not succeed, so there is no reference effect to interrupt.",runs/census-v5/browserbasehq-mcp-dt-census-1.dt.jsonl
@browserbasehq/mcp,npm:@browserbasehq/mcp@3.0.0,19830,extract,upstream-idempotency,fail,upstream-write-repeated,"The retry re-sends POST api.stagehand.browserbase.com/v1/sessions/start with no idempotency header, and the tool declares no readOnlyHint. Either the retry duplicates a write, or the call is a query and the annotation a gateway would use to know that is missing, both on the live connection and after a reconnect.",runs/census-v5/browserbasehq-mcp-dt-census-1.dt.jsonl
@browserbasehq/mcp,npm:@browserbasehq/mcp@3.0.0,19830,extract,concurrency,skip,call-failed,"No call succeeded even one at a time, so there is no correct behaviour to compare against.",runs/census-v5/browserbasehq-mcp-dt-census-1.dt.jsonl
@browserbasehq/mcp,npm:@browserbasehq/mcp@3.0.0,19830,navigate,idempotency,skip,call-failed,"The first call did not succeed, so no retry behaviour could be observed.",runs/census-v5/browserbasehq-mcp-dt-census-1.dt.jsonl
@browserbasehq/mcp,npm:@browserbasehq/mcp@3.0.0,19830,navigate,partial-failure,skip,call-failed,"An uninterrupted call did not succeed, so there is no reference effect to interrupt.",runs/census-v5/browserbasehq-mcp-dt-census-1.dt.jsonl
@browserbasehq/mcp,npm:@browserbasehq/mcp@3.0.0,19830,navigate,upstream-idempotency,fail,upstream-write-repeated,"The retry re-sends POST api.stagehand.browserbase.com/v1/sessions/start with no idempotency header, and the tool declares no readOnlyHint. Either the retry duplicates a write, or the call is a query and the annotation a gateway would use to know that is missing, both on the live connection and after a reconnect.",runs/census-v5/browserbasehq-mcp-dt-census-1.dt.jsonl
@browserbasehq/mcp,npm:@browserbasehq/mcp@3.0.0,19830,navigate,concurrency,skip,call-failed,"No call succeeded even one at a time, so there is no correct behaviour to compare against.",runs/census-v5/browserbasehq-mcp-dt-census-1.dt.jsonl
@browserbasehq/mcp,npm:@browserbasehq/mcp@3.0.0,19830,observe,idempotency,skip,call-failed,"The first call did not succeed, so no retry behaviour could be observed.",runs/census-v5/browserbasehq-mcp-dt-census-1.dt.jsonl
@browserbasehq/mcp,npm:@browserbasehq/mcp@3.0.0,19830,observe,partial-failure,skip,call-failed,"An uninterrupted call did not succeed, so there is no reference effect to interrupt.",runs/census-v5/browserbasehq-mcp-dt-census-1.dt.jsonl
@browserbasehq/mcp,npm:@browserbasehq/mcp@3.0.0,19830,observe,upstream-idempotency,fail,upstream-write-repeated,"The retry re-sends POST api.stagehand.browserbase.com/v1/sessions/start with no idempotency header, and the tool declares no readOnlyHint. Either the retry duplicates a write, or the call is a query and the annotation a gateway would use to know that is missing, both on the live connection and after a reconnect.",runs/census-v5/browserbasehq-mcp-dt-census-1.dt.jsonl
@browserbasehq/mcp,npm:@browserbasehq/mcp@3.0.0,19830,observe,concurrency,skip,call-failed,"No call succeeded even one at a time, so there is no correct behaviour to compare against.",runs/census-v5/browserbasehq-mcp-dt-census-1.dt.jsonl
@browserbasehq/mcp,npm:@browserbasehq/mcp@3.0.0,19830,start,idempotency,skip,call-failed,"The first call did not succeed, so no retry behaviour could be observed.",runs/census-v5/browserbasehq-mcp-dt-census-1.dt.jsonl
@browserbasehq/mcp,npm:@browserbasehq/mcp@3.0.0,19830,start,partial-failure,skip,call-failed,"An uninterrupted call did not succeed, so there is no reference effect to interrupt.",runs/census-v5/browserbasehq-mcp-dt-census-1.dt.jsonl
@browserbasehq/mcp,npm:@browserbasehq/mcp@3.0.0,19830,start,upstream-idempotency,fail,upstream-write-repeated,"The retry re-sends POST api.stagehand.browserbase.com/v1/sessions/start with no idempotency header, and the tool declares no readOnlyHint. Either the retry duplicates a write, or the call is a query and the annotation a gateway would use to know that is missing, both on the live connection and after a reconnect.",runs/census-v5/browserbasehq-mcp-dt-census-1.dt.jsonl
@browserbasehq/mcp,npm:@browserbasehq/mcp@3.0.0,19830,start,concurrency,skip,call-failed,"No call succeeded even one at a time, so there is no correct behaviour to compare against.",runs/census-v5/browserbasehq-mcp-dt-census-1.dt.jsonl
bitbucket-mcp,npm:bitbucket-mcp@5.0.6,19646,addPendingPullRequestComment,answer-stability,pass,answer-reproducible,Two identical calls returned identical answers.,runs/census-v5/bitbucket-mcp-dt-census-1.dt.jsonl
bitbucket-mcp,npm:bitbucket-mcp@5.0.6,19646,addPendingPullRequestComment,idempotency,skip,no-observable-effect,"A successful call produced no observable state change, so retry safety cannot be decided by this oracle.",runs/census-v5/bitbucket-mcp-dt-census-1.dt.jsonl
bitbucket-mcp,npm:bitbucket-mcp@5.0.6,19646,addPendingPullRequestComment,partial-failure,skip,no-observable-effect,"A clean call produced no observable state change, so an interrupted one cannot be judged by this oracle.",runs/census-v5/bitbucket-mcp-dt-census-1.dt.jsonl
bitbucket-mcp,npm:bitbucket-mcp@5.0.6,19646,addPendingPullRequestComment,upstream-idempotency,fail,upstream-write-repeated,"The retry re-sends POST <upstream>/repositories/dt-404930/dt-404930/pullrequests/dt-404930/comments with no idempotency header, and the tool declares no readOnlyHint. Either the retry duplicates a write, or the call is a query and the annotation a gateway would use to know that is missing, both on the live connection and after a reconnect.",runs/census-v5/bitbucket-mcp-dt-census-1.dt.jsonl
bitbucket-mcp,npm:bitbucket-mcp@5.0.6,19646,addPendingPullRequestComment,concurrency,pass,concurrent-matches-sequential,4 overlapping calls left the same shape of state as the same 4 calls run one at a time.,runs/census-v5/bitbucket-mcp-dt-census-1.dt.jsonl
bitbucket-mcp,npm:bitbucket-mcp@5.0.6,19646,addPullRequestComment,answer-stability,pass,answer-reproducible,Two identical calls returned identical answers.,runs/census-v5/bitbucket-mcp-dt-census-1.dt.jsonl
bitbucket-mcp,npm:bitbucket-mcp@5.0.6,19646,addPullRequestComment,idempotency,skip,no-observable-effect,"A successful call produced no observable state change, so retry safety cannot be decided by this oracle.",runs/census-v5/bitbucket-mcp-dt-census-1.dt.jsonl
bitbucket-mcp,npm:bitbucket-mcp@5.0.6,19646,addPullRequestComment,partial-failure,skip,no-observable-effect,"A clean call produced no observable state change, so an interrupted one cannot be judged by this oracle.",runs/census-v5/bitbucket-mcp-dt-census-1.dt.jsonl
bitbucket-mcp,npm:bitbucket-mcp@5.0.6,19646,addPullRequestComment,upstream-idempotency,fail,upstream-write-repeated,"The retry re-sends POST <upstream>/repositories/dt-530957/dt-530957/pullrequests/dt-530957/comments with no idempotency header, and the tool declares no readOnlyHint. Either the retry duplicates a write, or the call is a query and the annotation a gateway would use to know that is missing, both on the live connection and after a reconnect.",runs/census-v5/bitbucket-mcp-dt-census-1.dt.jsonl
bitbucket-mcp,npm:bitbucket-mcp@5.0.6,19646,addPullRequestComment,concurrency,pass,concurrent-matches-sequential,4 overlapping calls left the same shape of state as the same 4 calls run one at a time.,runs/census-v5/bitbucket-mcp-dt-census-1.dt.jsonl
bitbucket-mcp,npm:bitbucket-mcp@5.0.6,19646,approvePullRequest,answer-stability,pass,answer-reproducible,Two identical calls returned identical answers.,runs/census-v5/bitbucket-mcp-dt-census-1.dt.jsonl
bitbucket-mcp,npm:bitbucket-mcp@5.0.6,19646,approvePullRequest,idempotency,skip,no-observable-effect,"A successful call produced no observable state change, so retry safety cannot be decided by this oracle.",runs/census-v5/bitbucket-mcp-dt-census-1.dt.jsonl
bitbucket-mcp,npm:bitbucket-mcp@5.0.6,19646,approvePullRequest,partial-failure,skip,no-observable-effect,"A clean call produced no observable state change, so an interrupted one cannot be judged by this oracle.",runs/census-v5/bitbucket-mcp-dt-census-1.dt.jsonl
bitbucket-mcp,npm:bitbucket-mcp@5.0.6,19646,approvePullRequest,upstream-idempotency,fail,upstream-write-repeated,"The retry re-sends POST <upstream>/repositories/dt-352960/dt-352960/pullrequests/dt-352960/approve with no idempotency header, and the tool declares no readOnlyHint. Either the retry duplicates a write, or the call is a query and the annotation a gateway would use to know that is missing, both on the live connection and after a reconnect.",runs/census-v5/bitbucket-mcp-dt-census-1.dt.jsonl
bitbucket-mcp,npm:bitbucket-mcp@5.0.6,19646,approvePullRequest,concurrency,pass,concurrent-matches-sequential,4 overlapping calls left the same shape of state as the same 4 calls run one at a time.,runs/census-v5/bitbucket-mcp-dt-census-1.dt.jsonl
bitbucket-mcp,npm:bitbucket-mcp@5.0.6,19646,convertTodraft,answer-stability,pass,answer-reproducible,Two identical calls returned identical answers.,runs/census-v5/bitbucket-mcp-dt-census-1.dt.jsonl
bitbucket-mcp,npm:bitbucket-mcp@5.0.6,19646,convertTodraft,idempotency,skip,no-observable-effect,"A successful call produced no observable state change, so retry safety cannot be decided by this oracle.",runs/census-v5/bitbucket-mcp-dt-census-1.dt.jsonl
bitbucket-mcp,npm:bitbucket-mcp@5.0.6,19646,convertTodraft,partial-failure,skip,no-observable-effect,"A clean call produced no observable state change, so an interrupted one cannot be judged by this oracle.",runs/census-v5/bitbucket-mcp-dt-census-1.dt.jsonl
bitbucket-mcp,npm:bitbucket-mcp@5.0.6,19646,convertTodraft,upstream-idempotency,pass,upstream-method-idempotent,"The retry re-sends PUT <upstream>/repositories/dt-a2ac5a/dt-a2ac5a/pullrequests/dt-a2ac5a, but those methods are idempotent by definition in HTTP, so repeating them leaves the same end state, both on the live connection and after a reconnect.",runs/census-v5/bitbucket-mcp-dt-census-1.dt.jsonl
bitbucket-mcp,npm:bitbucket-mcp@5.0.6,19646,convertTodraft,concurrency,pass,concurrent-matches-sequential,4 overlapping calls left the same shape of state as the same 4 calls run one at a time.,runs/census-v5/bitbucket-mcp-dt-census-1.dt.jsonl
bitbucket-mcp,npm:bitbucket-mcp@5.0.6,19646,createDraftPullRequest,answer-stability,pass,answer-reproducible,Two identical calls returned identical answers.,runs/census-v5/bitbucket-mcp-dt-census-1.dt.jsonl
bitbucket-mcp,npm:bitbucket-mcp@5.0.6,19646,createDraftPullRequest,idempotency,skip,no-observable-effect,"A successful call produced no observable state change, so retry safety cannot be decided by this oracle.",runs/census-v5/bitbucket-mcp-dt-census-1.dt.jsonl
bitbucket-mcp,npm:bitbucket-mcp@5.0.6,19646,createDraftPullRequest,partial-failure,skip,no-observable-effect,"A clean call produced no observable state change, so an interrupted one cannot be judged by this oracle.",runs/census-v5/bitbucket-mcp-dt-census-1.dt.jsonl
bitbucket-mcp,npm:bitbucket-mcp@5.0.6,19646,createDraftPullRequest,upstream-idempotency,fail,upstream-write-repeated,"The retry re-sends POST <upstream>/repositories/dt-4007f6/dt-4007f6/pullrequests with no idempotency header, and the tool declares no readOnlyHint. Either the retry duplicates a write, or the call is a query and the annotation a gateway would use to know that is missing, both on the live connection and after a reconnect.",runs/census-v5/bitbucket-mcp-dt-census-1.dt.jsonl
bitbucket-mcp,npm:bitbucket-mcp@5.0.6,19646,createDraftPullRequest,concurrency,pass,concurrent-matches-sequential,4 overlapping calls left the same shape of state as the same 4 calls run one at a time.,runs/census-v5/bitbucket-mcp-dt-census-1.dt.jsonl
bitbucket-mcp,npm:bitbucket-mcp@5.0.6,19646,createPullRequest,answer-stability,pass,answer-reproducible,Two identical calls returned identical answers.,runs/census-v5/bitbucket-mcp-dt-census-1.dt.jsonl
bitbucket-mcp,npm:bitbucket-mcp@5.0.6,19646,createPullRequest,idempotency,skip,no-observable-effect,"A successful call produced no observable state change, so retry safety cannot be decided by this oracle.",runs/census-v5/bitbucket-mcp-dt-census-1.dt.jsonl
bitbucket-mcp,npm:bitbucket-mcp@5.0.6,19646,createPullRequest,partial-failure,skip,no-observable-effect,"A clean call produced no observable state change, so an interrupted one cannot be judged by this oracle.",runs/census-v5/bitbucket-mcp-dt-census-1.dt.jsonl
bitbucket-mcp,npm:bitbucket-mcp@5.0.6,19646,createPullRequest,upstream-idempotency,fail,upstream-write-repeated,"The retry re-sends POST <upstream>/repositories/dt-7f7aa5/dt-7f7aa5/pullrequests with no idempotency header, and the tool declares no readOnlyHint. Either the retry duplicates a write, or the call is a query and the annotation a gateway would use to know that is missing, both on the live connection and after a reconnect.",runs/census-v5/bitbucket-mcp-dt-census-1.dt.jsonl
bitbucket-mcp,npm:bitbucket-mcp@5.0.6,19646,createPullRequest,concurrency,pass,concurrent-matches-sequential,4 overlapping calls left the same shape of state as the same 4 calls run one at a time.,runs/census-v5/bitbucket-mcp-dt-census-1.dt.jsonl
bitbucket-mcp,npm:bitbucket-mcp@5.0.6,19646,createPullRequestTask,answer-stability,pass,answer-reproducible,Two identical calls returned identical answers.,runs/census-v5/bitbucket-mcp-dt-census-1.dt.jsonl
bitbucket-mcp,npm:bitbucket-mcp@5.0.6,19646,createPullRequestTask,idempotency,skip,no-observable-effect,"A successful call produced no observable state change, so retry safety cannot be decided by this oracle.",runs/census-v5/bitbucket-mcp-dt-census-1.dt.jsonl
bitbucket-mcp,npm:bitbucket-mcp@5.0.6,19646,createPullRequestTask,partial-failure,skip,no-observable-effect,"A clean call produced no observable state change, so an interrupted one cannot be judged by this oracle.",runs/census-v5/bitbucket-mcp-dt-census-1.dt.jsonl
bitbucket-mcp,npm:bitbucket-mcp@5.0.6,19646,createPullRequestTask,upstream-idempotency,fail,upstream-write-repeated,"The retry re-sends POST <upstream>/repositories/dt-2d3bd4/dt-2d3bd4/pullrequests/dt-2d3bd4/tasks with no idempotency header, and the tool declares no readOnlyHint. Either the retry duplicates a write, or the call is a query and the annotation a gateway would use to know that is missing, both on the live connection and after a reconnect.",runs/census-v5/bitbucket-mcp-dt-census-1.dt.jsonl
bitbucket-mcp,npm:bitbucket-mcp@5.0.6,19646,createPullRequestTask,concurrency,pass,concurrent-matches-sequential,4 overlapping calls left the same shape of state as the same 4 calls run one at a time.,runs/census-v5/bitbucket-mcp-dt-census-1.dt.jsonl
bitbucket-mcp,npm:bitbucket-mcp@5.0.6,19646,declinePullRequest,answer-stability,pass,answer-reproducible,Two identical calls returned identical answers.,runs/census-v5/bitbucket-mcp-dt-census-1.dt.jsonl
bitbucket-mcp,npm:bitbucket-mcp@5.0.6,19646,declinePullRequest,idempotency,skip,no-observable-effect,"A successful call produced no observable state change, so retry safety cannot be decided by this oracle.",runs/census-v5/bitbucket-mcp-dt-census-1.dt.jsonl
bitbucket-mcp,npm:bitbucket-mcp@5.0.6,19646,declinePullRequest,partial-failure,skip,no-observable-effect,"A clean call produced no observable state change, so an interrupted one cannot be judged by this oracle.",runs/census-v5/bitbucket-mcp-dt-census-1.dt.jsonl
bitbucket-mcp,npm:bitbucket-mcp@5.0.6,19646,declinePullRequest,upstream-idempotency,fail,upstream-write-repeated,"The retry re-sends POST <upstream>/repositories/dt-1e7f16/dt-1e7f16/pullrequests/dt-1e7f16/decline with no idempotency header, and the tool declares no readOnlyHint. Either the retry duplicates a write, or the call is a query and the annotation a gateway would use to know that is missing, both on the live connection and after a reconnect.",runs/census-v5/bitbucket-mcp-dt-census-1.dt.jsonl
bitbucket-mcp,npm:bitbucket-mcp@5.0.6,19646,declinePullRequest,concurrency,pass,concurrent-matches-sequential,4 overlapping calls left the same shape of state as the same 4 calls run one at a time.,runs/census-v5/bitbucket-mcp-dt-census-1.dt.jsonl
@coinbase/cds-mcp-server,npm:@coinbase/cds-mcp-server@9.25.0,18583,get-cds-doc,idempotency,skip,call-failed,"The first call did not succeed, so no retry behaviour could be observed.",runs/census-v5/coinbase-cds-mcp-server-dt-census-1.dt.jsonl
@coinbase/cds-mcp-server,npm:@coinbase/cds-mcp-server@9.25.0,18583,get-cds-doc,partial-failure,skip,call-failed,"An uninterrupted call did not succeed, so there is no reference effect to interrupt.",runs/census-v5/coinbase-cds-mcp-server-dt-census-1.dt.jsonl
@coinbase/cds-mcp-server,npm:@coinbase/cds-mcp-server@9.25.0,18583,get-cds-doc,upstream-idempotency,fail,upstream-write-repeated,"The retry re-sends POST api.developer.coinbase.com/analytics with no idempotency header, and the tool declares no readOnlyHint. Either the retry duplicates a write, or the call is a query and the annotation a gateway would use to know that is missing, both on the live connection and after a reconnect.",runs/census-v5/coinbase-cds-mcp-server-dt-census-1.dt.jsonl
@coinbase/cds-mcp-server,npm:@coinbase/cds-mcp-server@9.25.0,18583,get-cds-doc,concurrency,skip,call-failed,"No call succeeded even one at a time, so there is no correct behaviour to compare against.",runs/census-v5/coinbase-cds-mcp-server-dt-census-1.dt.jsonl
@coinbase/cds-mcp-server,npm:@coinbase/cds-mcp-server@9.25.0,18583,list-cds-routes,answer-stability,pass,answer-reproducible,Two identical calls returned identical answers.,runs/census-v5/coinbase-cds-mcp-server-dt-census-1.dt.jsonl
@coinbase/cds-mcp-server,npm:@coinbase/cds-mcp-server@9.25.0,18583,list-cds-routes,idempotency,skip,no-observable-effect,"A successful call produced no observable state change, so retry safety cannot be decided by this oracle.",runs/census-v5/coinbase-cds-mcp-server-dt-census-1.dt.jsonl
@coinbase/cds-mcp-server,npm:@coinbase/cds-mcp-server@9.25.0,18583,list-cds-routes,partial-failure,skip,no-observable-effect,"A clean call produced no observable state change, so an interrupted one cannot be judged by this oracle.",runs/census-v5/coinbase-cds-mcp-server-dt-census-1.dt.jsonl
@coinbase/cds-mcp-server,npm:@coinbase/cds-mcp-server@9.25.0,18583,list-cds-routes,upstream-idempotency,fail,upstream-write-repeated,"The retry re-sends POST api.developer.coinbase.com/analytics with no idempotency header, and the tool declares no readOnlyHint. Either the retry duplicates a write, or the call is a query and the annotation a gateway would use to know that is missing, both on the live connection and after a reconnect.",runs/census-v5/coinbase-cds-mcp-server-dt-census-1.dt.jsonl
@coinbase/cds-mcp-server,npm:@coinbase/cds-mcp-server@9.25.0,18583,list-cds-routes,concurrency,pass,concurrent-matches-sequential,4 overlapping calls left the same shape of state as the same 4 calls run one at a time.,runs/census-v5/coinbase-cds-mcp-server-dt-census-1.dt.jsonl
@amap/amap-maps-mcp-server,npm:@amap/amap-maps-mcp-server@0.0.8,18534,maps_around_search,idempotency,skip,call-failed,"The first call did not succeed, so no retry behaviour could be observed.",runs/census-v5/amap-amap-maps-mcp-server-dt-census-1.dt.jsonl
@amap/amap-maps-mcp-server,npm:@amap/amap-maps-mcp-server@0.0.8,18534,maps_around_search,partial-failure,skip,call-failed,"An uninterrupted call did not succeed, so there is no reference effect to interrupt.",runs/census-v5/amap-amap-maps-mcp-server-dt-census-1.dt.jsonl
@amap/amap-maps-mcp-server,npm:@amap/amap-maps-mcp-server@0.0.8,18534,maps_around_search,upstream-idempotency,pass,upstream-reads-only,"The call only reads upstream (GET restapi.amap.com/v3/place/around), so a retry cannot duplicate anything, both on the live connection and after a reconnect.",runs/census-v5/amap-amap-maps-mcp-server-dt-census-1.dt.jsonl
@amap/amap-maps-mcp-server,npm:@amap/amap-maps-mcp-server@0.0.8,18534,maps_around_search,concurrency,skip,call-failed,"No call succeeded even one at a time, so there is no correct behaviour to compare against.",runs/census-v5/amap-amap-maps-mcp-server-dt-census-1.dt.jsonl
@amap/amap-maps-mcp-server,npm:@amap/amap-maps-mcp-server@0.0.8,18534,maps_bicycling,idempotency,skip,call-failed,"The first call did not succeed, so no retry behaviour could be observed.",runs/census-v5/amap-amap-maps-mcp-server-dt-census-1.dt.jsonl
@amap/amap-maps-mcp-server,npm:@amap/amap-maps-mcp-server@0.0.8,18534,maps_bicycling,partial-failure,skip,call-failed,"An uninterrupted call did not succeed, so there is no reference effect to interrupt.",runs/census-v5/amap-amap-maps-mcp-server-dt-census-1.dt.jsonl
@amap/amap-maps-mcp-server,npm:@amap/amap-maps-mcp-server@0.0.8,18534,maps_bicycling,upstream-idempotency,pass,upstream-reads-only,"The call only reads upstream (GET restapi.amap.com/v4/direction/bicycling), so a retry cannot duplicate anything, both on the live connection and after a reconnect.",runs/census-v5/amap-amap-maps-mcp-server-dt-census-1.dt.jsonl
@amap/amap-maps-mcp-server,npm:@amap/amap-maps-mcp-server@0.0.8,18534,maps_bicycling,concurrency,skip,call-failed,"No call succeeded even one at a time, so there is no correct behaviour to compare against.",runs/census-v5/amap-amap-maps-mcp-server-dt-census-1.dt.jsonl
@amap/amap-maps-mcp-server,npm:@amap/amap-maps-mcp-server@0.0.8,18534,maps_direction_driving,idempotency,skip,call-failed,"The first call did not succeed, so no retry behaviour could be observed.",runs/census-v5/amap-amap-maps-mcp-server-dt-census-1.dt.jsonl
@amap/amap-maps-mcp-server,npm:@amap/amap-maps-mcp-server@0.0.8,18534,maps_direction_driving,partial-failure,skip,call-failed,"An uninterrupted call did not succeed, so there is no reference effect to interrupt.",runs/census-v5/amap-amap-maps-mcp-server-dt-census-1.dt.jsonl
@amap/amap-maps-mcp-server,npm:@amap/amap-maps-mcp-server@0.0.8,18534,maps_direction_driving,upstream-idempotency,pass,upstream-reads-only,"The call only reads upstream (GET restapi.amap.com/v3/direction/driving), so a retry cannot duplicate anything, both on the live connection and after a reconnect.",runs/census-v5/amap-amap-maps-mcp-server-dt-census-1.dt.jsonl
@amap/amap-maps-mcp-server,npm:@amap/amap-maps-mcp-server@0.0.8,18534,maps_direction_driving,concurrency,skip,call-failed,"No call succeeded even one at a time, so there is no correct behaviour to compare against.",runs/census-v5/amap-amap-maps-mcp-server-dt-census-1.dt.jsonl
@amap/amap-maps-mcp-server,npm:@amap/amap-maps-mcp-server@0.0.8,18534,maps_direction_transit_integrated,idempotency,skip,call-failed,"The first call did not succeed, so no retry behaviour could be observed.",runs/census-v5/amap-amap-maps-mcp-server-dt-census-1.dt.jsonl
@amap/amap-maps-mcp-server,npm:@amap/amap-maps-mcp-server@0.0.8,18534,maps_direction_transit_integrated,partial-failure,skip,call-failed,"An uninterrupted call did not succeed, so there is no reference effect to interrupt.",runs/census-v5/amap-amap-maps-mcp-server-dt-census-1.dt.jsonl
@amap/amap-maps-mcp-server,npm:@amap/amap-maps-mcp-server@0.0.8,18534,maps_direction_transit_integrated,upstream-idempotency,pass,upstream-reads-only,"The call only reads upstream (GET restapi.amap.com/v3/direction/transit/integrated), so a retry cannot duplicate anything, both on the live connection and after a reconnect.",runs/census-v5/amap-amap-maps-mcp-server-dt-census-1.dt.jsonl
@amap/amap-maps-mcp-server,npm:@amap/amap-maps-mcp-server@0.0.8,18534,maps_direction_transit_integrated,concurrency,skip,call-failed,"No call succeeded even one at a time, so there is no correct behaviour to compare against.",runs/census-v5/amap-amap-maps-mcp-server-dt-census-1.dt.jsonl
@amap/amap-maps-mcp-server,npm:@amap/amap-maps-mcp-server@0.0.8,18534,maps_direction_walking,idempotency,skip,call-failed,"The first call did not succeed, so no retry behaviour could be observed.",runs/census-v5/amap-amap-maps-mcp-server-dt-census-1.dt.jsonl
@amap/amap-maps-mcp-server,npm:@amap/amap-maps-mcp-server@0.0.8,18534,maps_direction_walking,partial-failure,skip,call-failed,"An uninterrupted call did not succeed, so there is no reference effect to interrupt.",runs/census-v5/amap-amap-maps-mcp-server-dt-census-1.dt.jsonl
@amap/amap-maps-mcp-server,npm:@amap/amap-maps-mcp-server@0.0.8,18534,maps_direction_walking,upstream-idempotency,pass,upstream-reads-only,"The call only reads upstream (GET restapi.amap.com/v3/direction/walking), so a retry cannot duplicate anything, both on the live connection and after a reconnect.",runs/census-v5/amap-amap-maps-mcp-server-dt-census-1.dt.jsonl
@amap/amap-maps-mcp-server,npm:@amap/amap-maps-mcp-server@0.0.8,18534,maps_direction_walking,concurrency,skip,call-failed,"No call succeeded even one at a time, so there is no correct behaviour to compare against.",runs/census-v5/amap-amap-maps-mcp-server-dt-census-1.dt.jsonl
@amap/amap-maps-mcp-server,npm:@amap/amap-maps-mcp-server@0.0.8,18534,maps_distance,idempotency,skip,call-failed,"The first call did not succeed, so no retry behaviour could be observed.",runs/census-v5/amap-amap-maps-mcp-server-dt-census-1.dt.jsonl
@amap/amap-maps-mcp-server,npm:@amap/amap-maps-mcp-server@0.0.8,18534,maps_distance,partial-failure,skip,call-failed,"An uninterrupted call did not succeed, so there is no reference effect to interrupt.",runs/census-v5/amap-amap-maps-mcp-server-dt-census-1.dt.jsonl
@amap/amap-maps-mcp-server,npm:@amap/amap-maps-mcp-server@0.0.8,18534,maps_distance,upstream-idempotency,pass,upstream-reads-only,"The call only reads upstream (GET restapi.amap.com/v3/distance), so a retry cannot duplicate anything, both on the live connection and after a reconnect.",runs/census-v5/amap-amap-maps-mcp-server-dt-census-1.dt.jsonl
@amap/amap-maps-mcp-server,npm:@amap/amap-maps-mcp-server@0.0.8,18534,maps_distance,concurrency,skip,call-failed,"No call succeeded even one at a time, so there is no correct behaviour to compare against.",runs/census-v5/amap-amap-maps-mcp-server-dt-census-1.dt.jsonl
@amap/amap-maps-mcp-server,npm:@amap/amap-maps-mcp-server@0.0.8,18534,maps_geo,idempotency,skip,call-failed,"The first call did not succeed, so no retry behaviour could be observed.",runs/census-v5/amap-amap-maps-mcp-server-dt-census-1.dt.jsonl
@amap/amap-maps-mcp-server,npm:@amap/amap-maps-mcp-server@0.0.8,18534,maps_geo,partial-failure,skip,call-failed,"An uninterrupted call did not succeed, so there is no reference effect to interrupt.",runs/census-v5/amap-amap-maps-mcp-server-dt-census-1.dt.jsonl
@amap/amap-maps-mcp-server,npm:@amap/amap-maps-mcp-server@0.0.8,18534,maps_geo,upstream-idempotency,pass,upstream-reads-only,"The call only reads upstream (GET restapi.amap.com/v3/geocode/geo), so a retry cannot duplicate anything, both on the live connection and after a reconnect.",runs/census-v5/amap-amap-maps-mcp-server-dt-census-1.dt.jsonl
@amap/amap-maps-mcp-server,npm:@amap/amap-maps-mcp-server@0.0.8,18534,maps_geo,concurrency,skip,call-failed,"No call succeeded even one at a time, so there is no correct behaviour to compare against.",runs/census-v5/amap-amap-maps-mcp-server-dt-census-1.dt.jsonl
@amap/amap-maps-mcp-server,npm:@amap/amap-maps-mcp-server@0.0.8,18534,maps_ip_location,idempotency,skip,call-failed,"The first call did not succeed, so no retry behaviour could be observed.",runs/census-v5/amap-amap-maps-mcp-server-dt-census-1.dt.jsonl
@amap/amap-maps-mcp-server,npm:@amap/amap-maps-mcp-server@0.0.8,18534,maps_ip_location,partial-failure,skip,call-failed,"An uninterrupted call did not succeed, so there is no reference effect to interrupt.",runs/census-v5/amap-amap-maps-mcp-server-dt-census-1.dt.jsonl
@amap/amap-maps-mcp-server,npm:@amap/amap-maps-mcp-server@0.0.8,18534,maps_ip_location,upstream-idempotency,pass,upstream-reads-only,"The call only reads upstream (GET restapi.amap.com/v3/ip), so a retry cannot duplicate anything, both on the live connection and after a reconnect.",runs/census-v5/amap-amap-maps-mcp-server-dt-census-1.dt.jsonl
@amap/amap-maps-mcp-server,npm:@amap/amap-maps-mcp-server@0.0.8,18534,maps_ip_location,concurrency,skip,call-failed,"No call succeeded even one at a time, so there is no correct behaviour to compare against.",runs/census-v5/amap-amap-maps-mcp-server-dt-census-1.dt.jsonl
@avallon-labs/mcp,npm:@avallon-labs/mcp@43.1.0,18230,addCaseLinks,idempotency,skip,call-failed,"The first call did not succeed, so no retry behaviour could be observed.",runs/census-v5/avallon-labs-mcp-dt-census-1.dt.jsonl
@avallon-labs/mcp,npm:@avallon-labs/mcp@43.1.0,18230,addCaseLinks,partial-failure,skip,call-failed,"An uninterrupted call did not succeed, so there is no reference effect to interrupt.",runs/census-v5/avallon-labs-mcp-dt-census-1.dt.jsonl
@avallon-labs/mcp,npm:@avallon-labs/mcp@43.1.0,18230,addCaseLinks,upstream-idempotency,skip,no-upstream-call,"The call sent nothing upstream, so there is no remote side effect to retry.",runs/census-v5/avallon-labs-mcp-dt-census-1.dt.jsonl
@avallon-labs/mcp,npm:@avallon-labs/mcp@43.1.0,18230,addCaseLinks,concurrency,skip,call-failed,"No call succeeded even one at a time, so there is no correct behaviour to compare against.",runs/census-v5/avallon-labs-mcp-dt-census-1.dt.jsonl
@avallon-labs/mcp,npm:@avallon-labs/mcp@43.1.0,18230,addToolsToVoiceAgent,idempotency,skip,call-failed,"The first call did not succeed, so no retry behaviour could be observed.",runs/census-v5/avallon-labs-mcp-dt-census-1.dt.jsonl
@avallon-labs/mcp,npm:@avallon-labs/mcp@43.1.0,18230,addToolsToVoiceAgent,partial-failure,skip,call-failed,"An uninterrupted call did not succeed, so there is no reference effect to interrupt.",runs/census-v5/avallon-labs-mcp-dt-census-1.dt.jsonl
@avallon-labs/mcp,npm:@avallon-labs/mcp@43.1.0,18230,addToolsToVoiceAgent,upstream-idempotency,skip,no-upstream-call,"The call sent nothing upstream, so there is no remote side effect to retry.",runs/census-v5/avallon-labs-mcp-dt-census-1.dt.jsonl
@avallon-labs/mcp,npm:@avallon-labs/mcp@43.1.0,18230,addToolsToVoiceAgent,concurrency,skip,call-failed,"No call succeeded even one at a time, so there is no correct behaviour to compare against.",runs/census-v5/avallon-labs-mcp-dt-census-1.dt.jsonl
@avallon-labs/mcp,npm:@avallon-labs/mcp@43.1.0,18230,cancelJob,idempotency,skip,call-failed,"The first call did not succeed, so no retry behaviour could be observed.",runs/census-v5/avallon-labs-mcp-dt-census-1.dt.jsonl
@avallon-labs/mcp,npm:@avallon-labs/mcp@43.1.0,18230,cancelJob,partial-failure,skip,call-failed,"An uninterrupted call did not succeed, so there is no reference effect to interrupt.",runs/census-v5/avallon-labs-mcp-dt-census-1.dt.jsonl
@avallon-labs/mcp,npm:@avallon-labs/mcp@43.1.0,18230,cancelJob,upstream-idempotency,skip,no-upstream-call,"The call sent nothing upstream, so there is no remote side effect to retry.",runs/census-v5/avallon-labs-mcp-dt-census-1.dt.jsonl
@avallon-labs/mcp,npm:@avallon-labs/mcp@43.1.0,18230,cancelJob,concurrency,skip,call-failed,"No call succeeded even one at a time, so there is no correct behaviour to compare against.",runs/census-v5/avallon-labs-mcp-dt-census-1.dt.jsonl
@avallon-labs/mcp,npm:@avallon-labs/mcp@43.1.0,18230,cancelWorkerRun,idempotency,skip,call-failed,"The first call did not succeed, so no retry behaviour could be observed.",runs/census-v5/avallon-labs-mcp-dt-census-1.dt.jsonl
@avallon-labs/mcp,npm:@avallon-labs/mcp@43.1.0,18230,cancelWorkerRun,partial-failure,skip,call-failed,"An uninterrupted call did not succeed, so there is no reference effect to interrupt.",runs/census-v5/avallon-labs-mcp-dt-census-1.dt.jsonl
@avallon-labs/mcp,npm:@avallon-labs/mcp@43.1.0,18230,cancelWorkerRun,upstream-idempotency,skip,no-upstream-call,"The call sent nothing upstream, so there is no remote side effect to retry.",runs/census-v5/avallon-labs-mcp-dt-census-1.dt.jsonl
@avallon-labs/mcp,npm:@avallon-labs/mcp@43.1.0,18230,cancelWorkerRun,concurrency,skip,call-failed,"No call succeeded even one at a time, so there is no correct behaviour to compare against.",runs/census-v5/avallon-labs-mcp-dt-census-1.dt.jsonl
@avallon-labs/mcp,npm:@avallon-labs/mcp@43.1.0,18230,checkInboxAvailability,answer-stability,pass,answer-reproducible,Two identical calls returned identical answers.,runs/census-v5/avallon-labs-mcp-dt-census-1.dt.jsonl
@avallon-labs/mcp,npm:@avallon-labs/mcp@43.1.0,18230,checkInboxAvailability,idempotency,skip,no-observable-effect,"A successful call produced no observable state change, so retry safety cannot be decided by this oracle.",runs/census-v5/avallon-labs-mcp-dt-census-1.dt.jsonl
@avallon-labs/mcp,npm:@avallon-labs/mcp@43.1.0,18230,checkInboxAvailability,partial-failure,skip,no-observable-effect,"A clean call produced no observable state change, so an interrupted one cannot be judged by this oracle.",runs/census-v5/avallon-labs-mcp-dt-census-1.dt.jsonl
@avallon-labs/mcp,npm:@avallon-labs/mcp@43.1.0,18230,checkInboxAvailability,upstream-idempotency,pass,upstream-reads-only,"The call only reads upstream (GET <upstream>/v1/inboxes/availability), so a retry cannot duplicate anything, both on the live connection and after a reconnect.",runs/census-v5/avallon-labs-mcp-dt-census-1.dt.jsonl
@avallon-labs/mcp,npm:@avallon-labs/mcp@43.1.0,18230,checkInboxAvailability,concurrency,skip,no-observable-effect,"Calls succeed but leave nothing this oracle can see, so overlapping them cannot be judged.",runs/census-v5/avallon-labs-mcp-dt-census-1.dt.jsonl
@avallon-labs/mcp,npm:@avallon-labs/mcp@43.1.0,18230,createAgentWebhook,answer-stability,pass,answer-reproducible,Two identical calls returned identical answers.,runs/census-v5/avallon-labs-mcp-dt-census-1.dt.jsonl
@avallon-labs/mcp,npm:@avallon-labs/mcp@43.1.0,18230,createAgentWebhook,idempotency,skip,no-observable-effect,"A successful call produced no observable state change, so retry safety cannot be decided by this oracle.",runs/census-v5/avallon-labs-mcp-dt-census-1.dt.jsonl
@avallon-labs/mcp,npm:@avallon-labs/mcp@43.1.0,18230,createAgentWebhook,partial-failure,skip,no-observable-effect,"A clean call produced no observable state change, so an interrupted one cannot be judged by this oracle.",runs/census-v5/avallon-labs-mcp-dt-census-1.dt.jsonl
@avallon-labs/mcp,npm:@avallon-labs/mcp@43.1.0,18230,createAgentWebhook,upstream-idempotency,fail,upstream-write-repeated,"The retry re-sends POST <upstream>/v1/voice-agents/dt-9be602/webhooks with no idempotency header, and the tool declares no readOnlyHint. Either the retry duplicates a write, or the call is a query and the annotation a gateway would use to know that is missing, both on the live connection and after a reconnect.",runs/census-v5/avallon-labs-mcp-dt-census-1.dt.jsonl
@avallon-labs/mcp,npm:@avallon-labs/mcp@43.1.0,18230,createAgentWebhook,concurrency,pass,concurrent-matches-sequential,4 overlapping calls left the same shape of state as the same 4 calls run one at a time.,runs/census-v5/avallon-labs-mcp-dt-census-1.dt.jsonl
@avallon-labs/mcp,npm:@avallon-labs/mcp@43.1.0,18230,createApiKey,answer-stability,pass,answer-reproducible,Two identical calls returned identical answers.,runs/census-v5/avallon-labs-mcp-dt-census-1.dt.jsonl
@avallon-labs/mcp,npm:@avallon-labs/mcp@43.1.0,18230,createApiKey,idempotency,skip,no-observable-effect,"A successful call produced no observable state change, so retry safety cannot be decided by this oracle.",runs/census-v5/avallon-labs-mcp-dt-census-1.dt.jsonl
@avallon-labs/mcp,npm:@avallon-labs/mcp@43.1.0,18230,createApiKey,partial-failure,skip,no-observable-effect,"A clean call produced no observable state change, so an interrupted one cannot be judged by this oracle.",runs/census-v5/avallon-labs-mcp-dt-census-1.dt.jsonl
@avallon-labs/mcp,npm:@avallon-labs/mcp@43.1.0,18230,createApiKey,upstream-idempotency,fail,upstream-write-repeated,"The retry re-sends POST <upstream>/platform/api-keys with no idempotency header, and the tool declares no readOnlyHint. Either the retry duplicates a write, or the call is a query and the annotation a gateway would use to know that is missing, both on the live connection and after a reconnect.",runs/census-v5/avallon-labs-mcp-dt-census-1.dt.jsonl
@avallon-labs/mcp,npm:@avallon-labs/mcp@43.1.0,18230,createApiKey,concurrency,pass,concurrent-matches-sequential,4 overlapping calls left the same shape of state as the same 4 calls run one at a time.,runs/census-v5/avallon-labs-mcp-dt-census-1.dt.jsonl
@avallon-labs/mcp,npm:@avallon-labs/mcp@43.1.0,18230,createArtifact,answer-stability,pass,answer-reproducible,Two identical calls returned identical answers.,runs/census-v5/avallon-labs-mcp-dt-census-1.dt.jsonl
@avallon-labs/mcp,npm:@avallon-labs/mcp@43.1.0,18230,createArtifact,idempotency,skip,no-observable-effect,"A successful call produced no observable state change, so retry safety cannot be decided by this oracle.",runs/census-v5/avallon-labs-mcp-dt-census-1.dt.jsonl
@avallon-labs/mcp,npm:@avallon-labs/mcp@43.1.0,18230,createArtifact,partial-failure,skip,no-observable-effect,"A clean call produced no observable state change, so an interrupted one cannot be judged by this oracle.",runs/census-v5/avallon-labs-mcp-dt-census-1.dt.jsonl
@avallon-labs/mcp,npm:@avallon-labs/mcp@43.1.0,18230,createArtifact,upstream-idempotency,fail,upstream-write-repeated,"The retry re-sends POST <upstream>/v1/artifacts with no idempotency header, and the tool declares no readOnlyHint. Either the retry duplicates a write, or the call is a query and the annotation a gateway would use to know that is missing, both on the live connection and after a reconnect.",runs/census-v5/avallon-labs-mcp-dt-census-1.dt.jsonl
@avallon-labs/mcp,npm:@avallon-labs/mcp@43.1.0,18230,createArtifact,concurrency,pass,concurrent-matches-sequential,4 overlapping calls left the same shape of state as the same 4 calls run one at a time.,runs/census-v5/avallon-labs-mcp-dt-census-1.dt.jsonl
mcp-scraper,npm:mcp-scraper@0.88.2,17978,access-accept-share,idempotency,skip,call-failed,"The first call did not succeed, so no retry behaviour could be observed.",runs/census-v5/mcp-scraper-dt-census-1.dt.jsonl
mcp-scraper,npm:mcp-scraper@0.88.2,17978,access-accept-share,partial-failure,skip,call-failed,"An uninterrupted call did not succeed, so there is no reference effect to interrupt.",runs/census-v5/mcp-scraper-dt-census-1.dt.jsonl
mcp-scraper,npm:mcp-scraper@0.88.2,17978,access-accept-share,upstream-idempotency,fail,upstream-write-repeated,"The retry re-sends POST <upstream>/mcp with no idempotency header, and the tool declares no readOnlyHint. Either the retry duplicates a write, or the call is a query and the annotation a gateway would use to know that is missing, both on the live connection and after a reconnect.",runs/census-v5/mcp-scraper-dt-census-1.dt.jsonl
mcp-scraper,npm:mcp-scraper@0.88.2,17978,access-accept-share,concurrency,skip,call-failed,"No call succeeded even one at a time, so there is no correct behaviour to compare against.",runs/census-v5/mcp-scraper-dt-census-1.dt.jsonl
mcp-scraper,npm:mcp-scraper@0.88.2,17978,access-approve-sender,idempotency,skip,call-failed,"The first call did not succeed, so no retry behaviour could be observed.",runs/census-v5/mcp-scraper-dt-census-1.dt.jsonl
mcp-scraper,npm:mcp-scraper@0.88.2,17978,access-approve-sender,partial-failure,skip,call-failed,"An uninterrupted call did not succeed, so there is no reference effect to interrupt.",runs/census-v5/mcp-scraper-dt-census-1.dt.jsonl
mcp-scraper,npm:mcp-scraper@0.88.2,17978,access-approve-sender,upstream-idempotency,fail,upstream-write-repeated,"The retry re-sends POST <upstream>/mcp with no idempotency header, and the tool declares no readOnlyHint. Either the retry duplicates a write, or the call is a query and the annotation a gateway would use to know that is missing, both on the live connection and after a reconnect.",runs/census-v5/mcp-scraper-dt-census-1.dt.jsonl
mcp-scraper,npm:mcp-scraper@0.88.2,17978,access-approve-sender,concurrency,skip,call-failed,"No call succeeded even one at a time, so there is no correct behaviour to compare against.",runs/census-v5/mcp-scraper-dt-census-1.dt.jsonl
mcp-scraper,npm:mcp-scraper@0.88.2,17978,access-decline-share,idempotency,skip,call-failed,"The first call did not succeed, so no retry behaviour could be observed.",runs/census-v5/mcp-scraper-dt-census-1.dt.jsonl
mcp-scraper,npm:mcp-scraper@0.88.2,17978,access-decline-share,partial-failure,skip,call-failed,"An uninterrupted call did not succeed, so there is no reference effect to interrupt.",runs/census-v5/mcp-scraper-dt-census-1.dt.jsonl
mcp-scraper,npm:mcp-scraper@0.88.2,17978,access-decline-share,upstream-idempotency,fail,upstream-write-repeated,"The retry re-sends POST <upstream>/mcp with no idempotency header, and the tool declares no readOnlyHint. Either the retry duplicates a write, or the call is a query and the annotation a gateway would use to know that is missing, both on the live connection and after a reconnect.",runs/census-v5/mcp-scraper-dt-census-1.dt.jsonl
mcp-scraper,npm:mcp-scraper@0.88.2,17978,access-decline-share,concurrency,skip,call-failed,"No call succeeded even one at a time, so there is no correct behaviour to compare against.",runs/census-v5/mcp-scraper-dt-census-1.dt.jsonl
mcp-scraper,npm:mcp-scraper@0.88.2,17978,access-inbox-settings,idempotency,skip,call-failed,"The first call did not succeed, so no retry behaviour could be observed.",runs/census-v5/mcp-scraper-dt-census-1.dt.jsonl
mcp-scraper,npm:mcp-scraper@0.88.2,17978,access-inbox-settings,partial-failure,skip,call-failed,"An uninterrupted call did not succeed, so there is no reference effect to interrupt.",runs/census-v5/mcp-scraper-dt-census-1.dt.jsonl
mcp-scraper,npm:mcp-scraper@0.88.2,17978,access-inbox-settings,upstream-idempotency,fail,upstream-write-repeated,"The retry re-sends POST <upstream>/mcp with no idempotency header, and the tool declares no readOnlyHint. Either the retry duplicates a write, or the call is a query and the annotation a gateway would use to know that is missing, both on the live connection and after a reconnect.",runs/census-v5/mcp-scraper-dt-census-1.dt.jsonl
mcp-scraper,npm:mcp-scraper@0.88.2,17978,access-inbox-settings,concurrency,skip,call-failed,"No call succeeded even one at a time, so there is no correct behaviour to compare against.",runs/census-v5/mcp-scraper-dt-census-1.dt.jsonl
mcp-scraper,npm:mcp-scraper@0.88.2,17978,access-invite-account,idempotency,skip,call-failed,"The first call did not succeed, so no retry behaviour could be observed.",runs/census-v5/mcp-scraper-dt-census-1.dt.jsonl
mcp-scraper,npm:mcp-scraper@0.88.2,17978,access-invite-account,partial-failure,skip,call-failed,"An uninterrupted call did not succeed, so there is no reference effect to interrupt.",runs/census-v5/mcp-scraper-dt-census-1.dt.jsonl
mcp-scraper,npm:mcp-scraper@0.88.2,17978,access-invite-account,upstream-idempotency,fail,upstream-write-repeated,"The retry re-sends POST <upstream>/mcp with no idempotency header, and the tool declares no readOnlyHint. Either the retry duplicates a write, or the call is a query and the annotation a gateway would use to know that is missing, both on the live connection and after a reconnect.",runs/census-v5/mcp-scraper-dt-census-1.dt.jsonl
mcp-scraper,npm:mcp-scraper@0.88.2,17978,access-invite-account,concurrency,skip,call-failed,"No call succeeded even one at a time, so there is no correct behaviour to compare against.",runs/census-v5/mcp-scraper-dt-census-1.dt.jsonl
mcp-scraper,npm:mcp-scraper@0.88.2,17978,access-list-approved-senders,idempotency,skip,call-failed,"The first call did not succeed, so no retry behaviour could be observed.",runs/census-v5/mcp-scraper-dt-census-1.dt.jsonl
mcp-scraper,npm:mcp-scraper@0.88.2,17978,access-list-approved-senders,partial-failure,skip,read-only-confirmed,"The tool declares readOnlyHint, so there is no effect to leave half done.",runs/census-v5/mcp-scraper-dt-census-1.dt.jsonl
mcp-scraper,npm:mcp-scraper@0.88.2,17978,access-list-approved-senders,upstream-idempotency,pass,upstream-reads-only,"The retry re-sends POST <upstream>/mcp, but the tool declares readOnlyHint, so the request is a query rather than a write, both on the live connection and after a reconnect.",runs/census-v5/mcp-scraper-dt-census-1.dt.jsonl
mcp-scraper,npm:mcp-scraper@0.88.2,17978,access-list-approved-senders,concurrency,skip,read-only-confirmed,"The tool declares readOnlyHint, so overlapping calls have nothing to corrupt.",runs/census-v5/mcp-scraper-dt-census-1.dt.jsonl
mcp-scraper,npm:mcp-scraper@0.88.2,17978,access-list-keys,idempotency,skip,call-failed,"The first call did not succeed, so no retry behaviour could be observed.",runs/census-v5/mcp-scraper-dt-census-1.dt.jsonl
mcp-scraper,npm:mcp-scraper@0.88.2,17978,access-list-keys,partial-failure,skip,read-only-confirmed,"The tool declares readOnlyHint, so there is no effect to leave half done.",runs/census-v5/mcp-scraper-dt-census-1.dt.jsonl
mcp-scraper,npm:mcp-scraper@0.88.2,17978,access-list-keys,upstream-idempotency,pass,upstream-reads-only,"The retry re-sends POST <upstream>/mcp, but the tool declares readOnlyHint, so the request is a query rather than a write, both on the live connection and after a reconnect.",runs/census-v5/mcp-scraper-dt-census-1.dt.jsonl
mcp-scraper,npm:mcp-scraper@0.88.2,17978,access-list-keys,concurrency,skip,read-only-confirmed,"The tool declares readOnlyHint, so overlapping calls have nothing to corrupt.",runs/census-v5/mcp-scraper-dt-census-1.dt.jsonl
mcp-scraper,npm:mcp-scraper@0.88.2,17978,access-note-inbox,idempotency,skip,call-failed,"The first call did not succeed, so no retry behaviour could be observed.",runs/census-v5/mcp-scraper-dt-census-1.dt.jsonl
mcp-scraper,npm:mcp-scraper@0.88.2,17978,access-note-inbox,partial-failure,skip,read-only-confirmed,"The tool declares readOnlyHint, so there is no effect to leave half done.",runs/census-v5/mcp-scraper-dt-census-1.dt.jsonl
mcp-scraper,npm:mcp-scraper@0.88.2,17978,access-note-inbox,upstream-idempotency,pass,upstream-reads-only,"The retry re-sends POST <upstream>/mcp, but the tool declares readOnlyHint, so the request is a query rather than a write, both on the live connection and after a reconnect.",runs/census-v5/mcp-scraper-dt-census-1.dt.jsonl
mcp-scraper,npm:mcp-scraper@0.88.2,17978,access-note-inbox,concurrency,skip,read-only-confirmed,"The tool declares readOnlyHint, so overlapping calls have nothing to corrupt.",runs/census-v5/mcp-scraper-dt-census-1.dt.jsonl
@letoribo/mcp-graphql-enhanced,npm:@letoribo/mcp-graphql-enhanced@4.15.3,17762,introspect-schema,idempotency,skip,call-failed,"The first call did not succeed, so no retry behaviour could be observed.",runs/census-v5/letoribo-mcp-graphql-enhanced-dt-census-1.dt.jsonl
@letoribo/mcp-graphql-enhanced,npm:@letoribo/mcp-graphql-enhanced@4.15.3,17762,introspect-schema,partial-failure,skip,call-failed,"An uninterrupted call did not succeed, so there is no reference effect to interrupt.",runs/census-v5/letoribo-mcp-graphql-enhanced-dt-census-1.dt.jsonl
@letoribo/mcp-graphql-enhanced,npm:@letoribo/mcp-graphql-enhanced@4.15.3,17762,introspect-schema,upstream-idempotency,fail,upstream-write-repeated,"The retry re-sends POST mcp-discord.vercel.app/api/graphiql with no idempotency header, and the tool declares no readOnlyHint. Either the retry duplicates a write, or the call is a query and the annotation a gateway would use to know that is missing, both on the live connection and after a reconnect.",runs/census-v5/letoribo-mcp-graphql-enhanced-dt-census-1.dt.jsonl
@letoribo/mcp-graphql-enhanced,npm:@letoribo/mcp-graphql-enhanced@4.15.3,17762,introspect-schema,concurrency,skip,call-failed,"No call succeeded even one at a time, so there is no correct behaviour to compare against.",runs/census-v5/letoribo-mcp-graphql-enhanced-dt-census-1.dt.jsonl
@letoribo/mcp-graphql-enhanced,npm:@letoribo/mcp-graphql-enhanced@4.15.3,17762,query-graphql,idempotency,skip,call-failed,"The first call did not succeed, so no retry behaviour could be observed.",runs/census-v5/letoribo-mcp-graphql-enhanced-dt-census-1.dt.jsonl
@letoribo/mcp-graphql-enhanced,npm:@letoribo/mcp-graphql-enhanced@4.15.3,17762,query-graphql,partial-failure,skip,call-failed,"An uninterrupted call did not succeed, so there is no reference effect to interrupt.",runs/census-v5/letoribo-mcp-graphql-enhanced-dt-census-1.dt.jsonl
@letoribo/mcp-graphql-enhanced,npm:@letoribo/mcp-graphql-enhanced@4.15.3,17762,query-graphql,upstream-idempotency,skip,no-upstream-call,"The call sent nothing upstream, so there is no remote side effect to retry.",runs/census-v5/letoribo-mcp-graphql-enhanced-dt-census-1.dt.jsonl
@letoribo/mcp-graphql-enhanced,npm:@letoribo/mcp-graphql-enhanced@4.15.3,17762,query-graphql,concurrency,skip,call-failed,"No call succeeded even one at a time, so there is no correct behaviour to compare against.",runs/census-v5/letoribo-mcp-graphql-enhanced-dt-census-1.dt.jsonl
ask-experts-mcp,npm:ask-experts-mcp@0.2.0,17411,ask_doubao,idempotency,skip,call-failed,"The first call did not succeed, so no retry behaviour could be observed.",runs/census-v5/ask-experts-mcp-dt-census-1.dt.jsonl
ask-experts-mcp,npm:ask-experts-mcp@0.2.0,17411,ask_doubao,partial-failure,skip,call-failed,"An uninterrupted call did not succeed, so there is no reference effect to interrupt.",runs/census-v5/ask-experts-mcp-dt-census-1.dt.jsonl
ask-experts-mcp,npm:ask-experts-mcp@0.2.0,17411,ask_doubao,upstream-idempotency,fail,upstream-write-repeated,"The retry re-sends POST ark.cn-beijing.volces.com/api/v3/chat/completions with no idempotency header, and the tool declares no readOnlyHint. Either the retry duplicates a write, or the call is a query and the annotation a gateway would use to know that is missing, both on the live connection and after a reconnect.",runs/census-v5/ask-experts-mcp-dt-census-1.dt.jsonl
ask-experts-mcp,npm:ask-experts-mcp@0.2.0,17411,ask_doubao,concurrency,skip,call-failed,"No call succeeded even one at a time, so there is no correct behaviour to compare against.",runs/census-v5/ask-experts-mcp-dt-census-1.dt.jsonl
ask-experts-mcp,npm:ask-experts-mcp@0.2.0,17411,ask_hunyuan,idempotency,skip,call-failed,"The first call did not succeed, so no retry behaviour could be observed.",runs/census-v5/ask-experts-mcp-dt-census-1.dt.jsonl
ask-experts-mcp,npm:ask-experts-mcp@0.2.0,17411,ask_hunyuan,partial-failure,skip,call-failed,"An uninterrupted call did not succeed, so there is no reference effect to interrupt.",runs/census-v5/ask-experts-mcp-dt-census-1.dt.jsonl
ask-experts-mcp,npm:ask-experts-mcp@0.2.0,17411,ask_hunyuan,upstream-idempotency,fail,upstream-write-repeated,"The retry re-sends POST api.hunyuan.cloud.tencent.com/v1/chat/completions with no idempotency header, and the tool declares no readOnlyHint. Either the retry duplicates a write, or the call is a query and the annotation a gateway would use to know that is missing, both on the live connection and after a reconnect.",runs/census-v5/ask-experts-mcp-dt-census-1.dt.jsonl
ask-experts-mcp,npm:ask-experts-mcp@0.2.0,17411,ask_hunyuan,concurrency,skip,call-failed,"No call succeeded even one at a time, so there is no correct behaviour to compare against.",runs/census-v5/ask-experts-mcp-dt-census-1.dt.jsonl
ask-experts-mcp,npm:ask-experts-mcp@0.2.0,17411,ask_qwen,idempotency,skip,call-failed,"The first call did not succeed, so no retry behaviour could be observed.",runs/census-v5/ask-experts-mcp-dt-census-1.dt.jsonl
ask-experts-mcp,npm:ask-experts-mcp@0.2.0,17411,ask_qwen,partial-failure,skip,call-failed,"An uninterrupted call did not succeed, so there is no reference effect to interrupt.",runs/census-v5/ask-experts-mcp-dt-census-1.dt.jsonl
ask-experts-mcp,npm:ask-experts-mcp@0.2.0,17411,ask_qwen,upstream-idempotency,fail,upstream-write-repeated,"The retry re-sends POST dashscope.aliyuncs.com/compatible-mode/v1/chat/completions with no idempotency header, and the tool declares no readOnlyHint. Either the retry duplicates a write, or the call is a query and the annotation a gateway would use to know that is missing, both on the live connection and after a reconnect.",runs/census-v5/ask-experts-mcp-dt-census-1.dt.jsonl
ask-experts-mcp,npm:ask-experts-mcp@0.2.0,17411,ask_qwen,concurrency,skip,call-failed,"No call succeeded even one at a time, so there is no correct behaviour to compare against.",runs/census-v5/ask-experts-mcp-dt-census-1.dt.jsonl
@aashari/mcp-server-atlassian-bitbucket,npm:@aashari/mcp-server-atlassian-bitbucket@3.1.0,16705,bb_clone,idempotency,skip,call-failed,"The first call did not succeed, so no retry behaviour could be observed.",runs/census-v5/aashari-mcp-server-atlassian-bitbucket-dt-census-1.dt.jsonl
@aashari/mcp-server-atlassian-bitbucket,npm:@aashari/mcp-server-atlassian-bitbucket@3.1.0,16705,bb_clone,partial-failure,skip,call-failed,"An uninterrupted call did not succeed, so there is no reference effect to interrupt.",runs/census-v5/aashari-mcp-server-atlassian-bitbucket-dt-census-1.dt.jsonl
@aashari/mcp-server-atlassian-bitbucket,npm:@aashari/mcp-server-atlassian-bitbucket@3.1.0,16705,bb_clone,upstream-idempotency,pass,upstream-reads-only,"The call only reads upstream (GET api.bitbucket.org/2.0/repositories/<placeholder>/dt-f68399), so a retry cannot duplicate anything, both on the live connection and after a reconnect.",runs/census-v5/aashari-mcp-server-atlassian-bitbucket-dt-census-1.dt.jsonl
@aashari/mcp-server-atlassian-bitbucket,npm:@aashari/mcp-server-atlassian-bitbucket@3.1.0,16705,bb_clone,concurrency,skip,call-failed,"No call succeeded even one at a time, so there is no correct behaviour to compare against.",runs/census-v5/aashari-mcp-server-atlassian-bitbucket-dt-census-1.dt.jsonl
@aashari/mcp-server-atlassian-bitbucket,npm:@aashari/mcp-server-atlassian-bitbucket@3.1.0,16705,bb_delete,answer-stability,pass,answer-reproducible,Two identical calls returned identical answers.,runs/census-v5/aashari-mcp-server-atlassian-bitbucket-dt-census-1.dt.jsonl
@aashari/mcp-server-atlassian-bitbucket,npm:@aashari/mcp-server-atlassian-bitbucket@3.1.0,16705,bb_delete,idempotency,skip,no-observable-effect,"A successful call produced no observable state change, so retry safety cannot be decided by this oracle.",runs/census-v5/aashari-mcp-server-atlassian-bitbucket-dt-census-1.dt.jsonl
@aashari/mcp-server-atlassian-bitbucket,npm:@aashari/mcp-server-atlassian-bitbucket@3.1.0,16705,bb_delete,partial-failure,skip,no-observable-effect,"A clean call produced no observable state change, so an interrupted one cannot be judged by this oracle.",runs/census-v5/aashari-mcp-server-atlassian-bitbucket-dt-census-1.dt.jsonl
@aashari/mcp-server-atlassian-bitbucket,npm:@aashari/mcp-server-atlassian-bitbucket@3.1.0,16705,bb_delete,upstream-idempotency,pass,upstream-method-idempotent,"The retry re-sends DELETE api.bitbucket.org/2.0<sandbox>/workspace/note.txt, but those methods are idempotent by definition in HTTP, so repeating them leaves the same end state, both on the live connection and after a reconnect.",runs/census-v5/aashari-mcp-server-atlassian-bitbucket-dt-census-1.dt.jsonl
@aashari/mcp-server-atlassian-bitbucket,npm:@aashari/mcp-server-atlassian-bitbucket@3.1.0,16705,bb_delete,concurrency,pass,concurrent-matches-sequential,4 overlapping calls left the same shape of state as the same 4 calls run one at a time.,runs/census-v5/aashari-mcp-server-atlassian-bitbucket-dt-census-1.dt.jsonl
@aashari/mcp-server-atlassian-bitbucket,npm:@aashari/mcp-server-atlassian-bitbucket@3.1.0,16705,bb_get,answer-stability,pass,answer-reproducible,Two identical calls returned identical answers.,runs/census-v5/aashari-mcp-server-atlassian-bitbucket-dt-census-1.dt.jsonl
@aashari/mcp-server-atlassian-bitbucket,npm:@aashari/mcp-server-atlassian-bitbucket@3.1.0,16705,bb_get,idempotency,pass,read-only-confirmed,Declares readOnlyHint: true and a successful call left the observable state unchanged.,runs/census-v5/aashari-mcp-server-atlassian-bitbucket-dt-census-1.dt.jsonl
@aashari/mcp-server-atlassian-bitbucket,npm:@aashari/mcp-server-atlassian-bitbucket@3.1.0,16705,bb_get,partial-failure,skip,read-only-confirmed,"The tool declares readOnlyHint, so there is no effect to leave half done.",runs/census-v5/aashari-mcp-server-atlassian-bitbucket-dt-census-1.dt.jsonl
@aashari/mcp-server-atlassian-bitbucket,npm:@aashari/mcp-server-atlassian-bitbucket@3.1.0,16705,bb_get,upstream-idempotency,pass,upstream-reads-only,"The call only reads upstream (GET api.bitbucket.org/2.0<sandbox>/workspace/note.txt), so a retry cannot duplicate anything, both on the live connection and after a reconnect.",runs/census-v5/aashari-mcp-server-atlassian-bitbucket-dt-census-1.dt.jsonl
@aashari/mcp-server-atlassian-bitbucket,npm:@aashari/mcp-server-atlassian-bitbucket@3.1.0,16705,bb_get,concurrency,skip,read-only-confirmed,"The tool declares readOnlyHint, so overlapping calls have nothing to corrupt.",runs/census-v5/aashari-mcp-server-atlassian-bitbucket-dt-census-1.dt.jsonl
@aashari/mcp-server-atlassian-bitbucket,npm:@aashari/mcp-server-atlassian-bitbucket@3.1.0,16705,bb_patch,answer-stability,pass,answer-reproducible,Two identical calls returned identical answers.,runs/census-v5/aashari-mcp-server-atlassian-bitbucket-dt-census-1.dt.jsonl
@aashari/mcp-server-atlassian-bitbucket,npm:@aashari/mcp-server-atlassian-bitbucket@3.1.0,16705,bb_patch,idempotency,skip,no-observable-effect,"A successful call produced no observable state change, so retry safety cannot be decided by this oracle.",runs/census-v5/aashari-mcp-server-atlassian-bitbucket-dt-census-1.dt.jsonl
@aashari/mcp-server-atlassian-bitbucket,npm:@aashari/mcp-server-atlassian-bitbucket@3.1.0,16705,bb_patch,partial-failure,skip,no-observable-effect,"A clean call produced no observable state change, so an interrupted one cannot be judged by this oracle.",runs/census-v5/aashari-mcp-server-atlassian-bitbucket-dt-census-1.dt.jsonl
@aashari/mcp-server-atlassian-bitbucket,npm:@aashari/mcp-server-atlassian-bitbucket@3.1.0,16705,bb_patch,upstream-idempotency,fail,upstream-write-repeated,"The retry re-sends PATCH api.bitbucket.org/2.0<sandbox>/workspace/note.txt with no idempotency header, and the tool declares no readOnlyHint. Either the retry duplicates a write, or the call is a query and the annotation a gateway would use to know that is missing, both on the live connection and after a reconnect.",runs/census-v5/aashari-mcp-server-atlassian-bitbucket-dt-census-1.dt.jsonl
@aashari/mcp-server-atlassian-bitbucket,npm:@aashari/mcp-server-atlassian-bitbucket@3.1.0,16705,bb_patch,concurrency,pass,concurrent-matches-sequential,4 overlapping calls left the same shape of state as the same 4 calls run one at a time.,runs/census-v5/aashari-mcp-server-atlassian-bitbucket-dt-census-1.dt.jsonl
@aashari/mcp-server-atlassian-bitbucket,npm:@aashari/mcp-server-atlassian-bitbucket@3.1.0,16705,bb_post,answer-stability,pass,answer-reproducible,Two identical calls returned identical answers.,runs/census-v5/aashari-mcp-server-atlassian-bitbucket-dt-census-1.dt.jsonl
@aashari/mcp-server-atlassian-bitbucket,npm:@aashari/mcp-server-atlassian-bitbucket@3.1.0,16705,bb_post,idempotency,skip,no-observable-effect,"A successful call produced no observable state change, so retry safety cannot be decided by this oracle.",runs/census-v5/aashari-mcp-server-atlassian-bitbucket-dt-census-1.dt.jsonl
@aashari/mcp-server-atlassian-bitbucket,npm:@aashari/mcp-server-atlassian-bitbucket@3.1.0,16705,bb_post,partial-failure,skip,no-observable-effect,"A clean call produced no observable state change, so an interrupted one cannot be judged by this oracle.",runs/census-v5/aashari-mcp-server-atlassian-bitbucket-dt-census-1.dt.jsonl
@aashari/mcp-server-atlassian-bitbucket,npm:@aashari/mcp-server-atlassian-bitbucket@3.1.0,16705,bb_post,upstream-idempotency,fail,upstream-write-repeated,"The retry re-sends POST api.bitbucket.org/2.0<sandbox>/workspace/dt-ca8c26.txt with no idempotency header, and the tool declares no readOnlyHint. Either the retry duplicates a write, or the call is a query and the annotation a gateway would use to know that is missing, both on the live connection and after a reconnect.",runs/census-v5/aashari-mcp-server-atlassian-bitbucket-dt-census-1.dt.jsonl
@aashari/mcp-server-atlassian-bitbucket,npm:@aashari/mcp-server-atlassian-bitbucket@3.1.0,16705,bb_post,concurrency,pass,concurrent-matches-sequential,4 overlapping calls left the same shape of state as the same 4 calls run one at a time.,runs/census-v5/aashari-mcp-server-atlassian-bitbucket-dt-census-1.dt.jsonl
@aashari/mcp-server-atlassian-bitbucket,npm:@aashari/mcp-server-atlassian-bitbucket@3.1.0,16705,bb_put,answer-stability,pass,answer-reproducible,Two identical calls returned identical answers.,runs/census-v5/aashari-mcp-server-atlassian-bitbucket-dt-census-1.dt.jsonl
@aashari/mcp-server-atlassian-bitbucket,npm:@aashari/mcp-server-atlassian-bitbucket@3.1.0,16705,bb_put,idempotency,skip,no-observable-effect,"A successful call produced no observable state change, so retry safety cannot be decided by this oracle.",runs/census-v5/aashari-mcp-server-atlassian-bitbucket-dt-census-1.dt.jsonl
@aashari/mcp-server-atlassian-bitbucket,npm:@aashari/mcp-server-atlassian-bitbucket@3.1.0,16705,bb_put,partial-failure,skip,no-observable-effect,"A clean call produced no observable state change, so an interrupted one cannot be judged by this oracle.",runs/census-v5/aashari-mcp-server-atlassian-bitbucket-dt-census-1.dt.jsonl
@aashari/mcp-server-atlassian-bitbucket,npm:@aashari/mcp-server-atlassian-bitbucket@3.1.0,16705,bb_put,upstream-idempotency,pass,upstream-method-idempotent,"The retry re-sends PUT api.bitbucket.org/2.0<sandbox>/workspace/dt-58fefc.txt, but those methods are idempotent by definition in HTTP, so repeating them leaves the same end state, both on the live connection and after a reconnect.",runs/census-v5/aashari-mcp-server-atlassian-bitbucket-dt-census-1.dt.jsonl
@aashari/mcp-server-atlassian-bitbucket,npm:@aashari/mcp-server-atlassian-bitbucket@3.1.0,16705,bb_put,concurrency,pass,concurrent-matches-sequential,4 overlapping calls left the same shape of state as the same 4 calls run one at a time.,runs/census-v5/aashari-mcp-server-atlassian-bitbucket-dt-census-1.dt.jsonl
@jpisnice/shadcn-ui-mcp-server,npm:@jpisnice/shadcn-ui-mcp-server@2.0.0,16555,apply_theme,idempotency,skip,call-failed,"The first call did not succeed, so no retry behaviour could be observed.",runs/census-v5/jpisnice-shadcn-ui-mcp-server-dt-census-1.dt.jsonl
@jpisnice/shadcn-ui-mcp-server,npm:@jpisnice/shadcn-ui-mcp-server@2.0.0,16555,apply_theme,partial-failure,skip,call-failed,"An uninterrupted call did not succeed, so there is no reference effect to interrupt.",runs/census-v5/jpisnice-shadcn-ui-mcp-server-dt-census-1.dt.jsonl
@jpisnice/shadcn-ui-mcp-server,npm:@jpisnice/shadcn-ui-mcp-server@2.0.0,16555,apply_theme,upstream-idempotency,pass,upstream-reads-only,"The call only reads upstream (GET raw.githubusercontent.com/jnsahaj/tweakcn/main/utils/theme-presets.ts), so a retry cannot duplicate anything, both on the live connection and after a reconnect.",runs/census-v5/jpisnice-shadcn-ui-mcp-server-dt-census-1.dt.jsonl
@jpisnice/shadcn-ui-mcp-server,npm:@jpisnice/shadcn-ui-mcp-server@2.0.0,16555,apply_theme,concurrency,skip,call-failed,"No call succeeded even one at a time, so there is no correct behaviour to compare against.",runs/census-v5/jpisnice-shadcn-ui-mcp-server-dt-census-1.dt.jsonl
@jpisnice/shadcn-ui-mcp-server,npm:@jpisnice/shadcn-ui-mcp-server@2.0.0,16555,get_block,answer-stability,pass,answer-reproducible,Two identical calls returned identical answers.,runs/census-v5/jpisnice-shadcn-ui-mcp-server-dt-census-1.dt.jsonl
@jpisnice/shadcn-ui-mcp-server,npm:@jpisnice/shadcn-ui-mcp-server@2.0.0,16555,get_block,idempotency,skip,no-observable-effect,"A successful call produced no observable state change, so retry safety cannot be decided by this oracle.",runs/census-v5/jpisnice-shadcn-ui-mcp-server-dt-census-1.dt.jsonl
@jpisnice/shadcn-ui-mcp-server,npm:@jpisnice/shadcn-ui-mcp-server@2.0.0,16555,get_block,partial-failure,skip,no-observable-effect,"A clean call produced no observable state change, so an interrupted one cannot be judged by this oracle.",runs/census-v5/jpisnice-shadcn-ui-mcp-server-dt-census-1.dt.jsonl
@jpisnice/shadcn-ui-mcp-server,npm:@jpisnice/shadcn-ui-mcp-server@2.0.0,16555,get_block,upstream-idempotency,pass,upstream-reads-only,"The call only reads upstream (GET raw.githubusercontent.com/shadcn-ui/ui/main/apps/v4/registry/new-york-v4/blocks/dt-549d50.tsx), so a retry cannot duplicate anything, both on the live connection and after a reconnect.",runs/census-v5/jpisnice-shadcn-ui-mcp-server-dt-census-1.dt.jsonl
@jpisnice/shadcn-ui-mcp-server,npm:@jpisnice/shadcn-ui-mcp-server@2.0.0,16555,get_block,concurrency,skip,no-observable-effect,"Calls succeed but leave nothing this oracle can see, so overlapping them cannot be judged.",runs/census-v5/jpisnice-shadcn-ui-mcp-server-dt-census-1.dt.jsonl
@jpisnice/shadcn-ui-mcp-server,npm:@jpisnice/shadcn-ui-mcp-server@2.0.0,16555,get_component,answer-stability,pass,answer-reproducible,Two identical calls returned identical answers.,runs/census-v5/jpisnice-shadcn-ui-mcp-server-dt-census-1.dt.jsonl
@jpisnice/shadcn-ui-mcp-server,npm:@jpisnice/shadcn-ui-mcp-server@2.0.0,16555,get_component,idempotency,skip,no-observable-effect,"A successful call produced no observable state change, so retry safety cannot be decided by this oracle.",runs/census-v5/jpisnice-shadcn-ui-mcp-server-dt-census-1.dt.jsonl
@jpisnice/shadcn-ui-mcp-server,npm:@jpisnice/shadcn-ui-mcp-server@2.0.0,16555,get_component,partial-failure,skip,no-observable-effect,"A clean call produced no observable state change, so an interrupted one cannot be judged by this oracle.",runs/census-v5/jpisnice-shadcn-ui-mcp-server-dt-census-1.dt.jsonl
@jpisnice/shadcn-ui-mcp-server,npm:@jpisnice/shadcn-ui-mcp-server@2.0.0,16555,get_component,upstream-idempotency,pass,upstream-reads-only,"The call only reads upstream (GET raw.githubusercontent.com/shadcn-ui/ui/main/apps/v4/registry/new-york-v4/ui/dt-a94e4c.tsx), so a retry cannot duplicate anything, both on the live connection and after a reconnect.",runs/census-v5/jpisnice-shadcn-ui-mcp-server-dt-census-1.dt.jsonl
@jpisnice/shadcn-ui-mcp-server,npm:@jpisnice/shadcn-ui-mcp-server@2.0.0,16555,get_component,concurrency,skip,no-observable-effect,"Calls succeed but leave nothing this oracle can see, so overlapping them cannot be judged.",runs/census-v5/jpisnice-shadcn-ui-mcp-server-dt-census-1.dt.jsonl
@jpisnice/shadcn-ui-mcp-server,npm:@jpisnice/shadcn-ui-mcp-server@2.0.0,16555,get_component_demo,answer-stability,pass,answer-reproducible,Two identical calls returned identical answers.,runs/census-v5/jpisnice-shadcn-ui-mcp-server-dt-census-1.dt.jsonl
@jpisnice/shadcn-ui-mcp-server,npm:@jpisnice/shadcn-ui-mcp-server@2.0.0,16555,get_component_demo,idempotency,skip,no-observable-effect,"A successful call produced no observable state change, so retry safety cannot be decided by this oracle.",runs/census-v5/jpisnice-shadcn-ui-mcp-server-dt-census-1.dt.jsonl
@jpisnice/shadcn-ui-mcp-server,npm:@jpisnice/shadcn-ui-mcp-server@2.0.0,16555,get_component_demo,partial-failure,skip,no-observable-effect,"A clean call produced no observable state change, so an interrupted one cannot be judged by this oracle.",runs/census-v5/jpisnice-shadcn-ui-mcp-server-dt-census-1.dt.jsonl
@jpisnice/shadcn-ui-mcp-server,npm:@jpisnice/shadcn-ui-mcp-server@2.0.0,16555,get_component_demo,upstream-idempotency,pass,upstream-reads-only,"The call only reads upstream (GET raw.githubusercontent.com/shadcn-ui/ui/main/apps/v4/registry/new-york-v4/examples/dt-83f1ec-demo.tsx), so a retry cannot duplicate anything, both on the live connection and after a reconnect.",runs/census-v5/jpisnice-shadcn-ui-mcp-server-dt-census-1.dt.jsonl
@jpisnice/shadcn-ui-mcp-server,npm:@jpisnice/shadcn-ui-mcp-server@2.0.0,16555,get_component_demo,concurrency,skip,no-observable-effect,"Calls succeed but leave nothing this oracle can see, so overlapping them cannot be judged.",runs/census-v5/jpisnice-shadcn-ui-mcp-server-dt-census-1.dt.jsonl
@jpisnice/shadcn-ui-mcp-server,npm:@jpisnice/shadcn-ui-mcp-server@2.0.0,16555,get_component_metadata,idempotency,skip,call-failed,"The first call did not succeed, so no retry behaviour could be observed.",runs/census-v5/jpisnice-shadcn-ui-mcp-server-dt-census-1.dt.jsonl
@jpisnice/shadcn-ui-mcp-server,npm:@jpisnice/shadcn-ui-mcp-server@2.0.0,16555,get_component_metadata,partial-failure,skip,call-failed,"An uninterrupted call did not succeed, so there is no reference effect to interrupt.",runs/census-v5/jpisnice-shadcn-ui-mcp-server-dt-census-1.dt.jsonl
@jpisnice/shadcn-ui-mcp-server,npm:@jpisnice/shadcn-ui-mcp-server@2.0.0,16555,get_component_metadata,upstream-idempotency,pass,upstream-reads-only,"The call only reads upstream (GET raw.githubusercontent.com/shadcn-ui/ui/main/apps/v4/registry/registry-ui.ts), so a retry cannot duplicate anything, both on the live connection and after a reconnect.",runs/census-v5/jpisnice-shadcn-ui-mcp-server-dt-census-1.dt.jsonl
@jpisnice/shadcn-ui-mcp-server,npm:@jpisnice/shadcn-ui-mcp-server@2.0.0,16555,get_component_metadata,concurrency,skip,call-failed,"No call succeeded even one at a time, so there is no correct behaviour to compare against.",runs/census-v5/jpisnice-shadcn-ui-mcp-server-dt-census-1.dt.jsonl
@jpisnice/shadcn-ui-mcp-server,npm:@jpisnice/shadcn-ui-mcp-server@2.0.0,16555,get_directory_structure,idempotency,skip,call-failed,"The first call did not succeed, so no retry behaviour could be observed.",runs/census-v5/jpisnice-shadcn-ui-mcp-server-dt-census-1.dt.jsonl
@jpisnice/shadcn-ui-mcp-server,npm:@jpisnice/shadcn-ui-mcp-server@2.0.0,16555,get_directory_structure,partial-failure,skip,call-failed,"An uninterrupted call did not succeed, so there is no reference effect to interrupt.",runs/census-v5/jpisnice-shadcn-ui-mcp-server-dt-census-1.dt.jsonl
@jpisnice/shadcn-ui-mcp-server,npm:@jpisnice/shadcn-ui-mcp-server@2.0.0,16555,get_directory_structure,upstream-idempotency,pass,upstream-reads-only,"The call only reads upstream (GET api.github.com/repos/shadcn-ui/ui/contents/apps/v4/registry/new-york-v4), so a retry cannot duplicate anything, both on the live connection and after a reconnect.",runs/census-v5/jpisnice-shadcn-ui-mcp-server-dt-census-1.dt.jsonl
@jpisnice/shadcn-ui-mcp-server,npm:@jpisnice/shadcn-ui-mcp-server@2.0.0,16555,get_directory_structure,concurrency,skip,call-failed,"No call succeeded even one at a time, so there is no correct behaviour to compare against.",runs/census-v5/jpisnice-shadcn-ui-mcp-server-dt-census-1.dt.jsonl
@jpisnice/shadcn-ui-mcp-server,npm:@jpisnice/shadcn-ui-mcp-server@2.0.0,16555,get_theme,idempotency,skip,call-failed,"The first call did not succeed, so no retry behaviour could be observed.",runs/census-v5/jpisnice-shadcn-ui-mcp-server-dt-census-1.dt.jsonl
@jpisnice/shadcn-ui-mcp-server,npm:@jpisnice/shadcn-ui-mcp-server@2.0.0,16555,get_theme,partial-failure,skip,call-failed,"An uninterrupted call did not succeed, so there is no reference effect to interrupt.",runs/census-v5/jpisnice-shadcn-ui-mcp-server-dt-census-1.dt.jsonl
@jpisnice/shadcn-ui-mcp-server,npm:@jpisnice/shadcn-ui-mcp-server@2.0.0,16555,get_theme,upstream-idempotency,pass,upstream-reads-only,"The call only reads upstream (GET raw.githubusercontent.com/jnsahaj/tweakcn/main/utils/theme-presets.ts), so a retry cannot duplicate anything, both on the live connection and after a reconnect.",runs/census-v5/jpisnice-shadcn-ui-mcp-server-dt-census-1.dt.jsonl
@jpisnice/shadcn-ui-mcp-server,npm:@jpisnice/shadcn-ui-mcp-server@2.0.0,16555,get_theme,concurrency,skip,call-failed,"No call succeeded even one at a time, so there is no correct behaviour to compare against.",runs/census-v5/jpisnice-shadcn-ui-mcp-server-dt-census-1.dt.jsonl
@jpisnice/shadcn-ui-mcp-server,npm:@jpisnice/shadcn-ui-mcp-server@2.0.0,16555,list_blocks,idempotency,skip,call-failed,"The first call did not succeed, so no retry behaviour could be observed.",runs/census-v5/jpisnice-shadcn-ui-mcp-server-dt-census-1.dt.jsonl
@jpisnice/shadcn-ui-mcp-server,npm:@jpisnice/shadcn-ui-mcp-server@2.0.0,16555,list_blocks,partial-failure,skip,call-failed,"An uninterrupted call did not succeed, so there is no reference effect to interrupt.",runs/census-v5/jpisnice-shadcn-ui-mcp-server-dt-census-1.dt.jsonl
@jpisnice/shadcn-ui-mcp-server,npm:@jpisnice/shadcn-ui-mcp-server@2.0.0,16555,list_blocks,upstream-idempotency,pass,upstream-reads-only,"The call only reads upstream (GET api.github.com/repos/shadcn-ui/ui/contents/apps/v4/registry/new-york-v4/blocks), so a retry cannot duplicate anything, both on the live connection and after a reconnect.",runs/census-v5/jpisnice-shadcn-ui-mcp-server-dt-census-1.dt.jsonl
@jpisnice/shadcn-ui-mcp-server,npm:@jpisnice/shadcn-ui-mcp-server@2.0.0,16555,list_blocks,concurrency,skip,call-failed,"No call succeeded even one at a time, so there is no correct behaviour to compare against.",runs/census-v5/jpisnice-shadcn-ui-mcp-server-dt-census-1.dt.jsonl
@siemens/ix-mcp-react,npm:@siemens/ix-mcp-react@5.2.1-v.1.11.3,16398,ix-icon-search,answer-stability,pass,answer-reproducible,Two identical calls returned identical answers.,runs/census-v5/siemens-ix-mcp-react-dt-census-1.dt.jsonl
@siemens/ix-mcp-react,npm:@siemens/ix-mcp-react@5.2.1-v.1.11.3,16398,ix-icon-search,idempotency,skip,no-observable-effect,"A successful call produced no observable state change, so retry safety cannot be decided by this oracle.",runs/census-v5/siemens-ix-mcp-react-dt-census-1.dt.jsonl
@siemens/ix-mcp-react,npm:@siemens/ix-mcp-react@5.2.1-v.1.11.3,16398,ix-icon-search,partial-failure,skip,no-observable-effect,"A clean call produced no observable state change, so an interrupted one cannot be judged by this oracle.",runs/census-v5/siemens-ix-mcp-react-dt-census-1.dt.jsonl
@siemens/ix-mcp-react,npm:@siemens/ix-mcp-react@5.2.1-v.1.11.3,16398,ix-icon-search,upstream-idempotency,fail,upstream-write-repeated,"The retry re-sends POST api.siemens.com/llm/v1/embeddings with no idempotency header, and the tool declares no readOnlyHint. Either the retry duplicates a write, or the call is a query and the annotation a gateway would use to know that is missing, both on the live connection and after a reconnect.",runs/census-v5/siemens-ix-mcp-react-dt-census-1.dt.jsonl
@siemens/ix-mcp-react,npm:@siemens/ix-mcp-react@5.2.1-v.1.11.3,16398,ix-icon-search,concurrency,pass,concurrent-matches-sequential,4 overlapping calls left the same shape of state as the same 4 calls run one at a time.,runs/census-v5/siemens-ix-mcp-react-dt-census-1.dt.jsonl
@siemens/ix-mcp-react,npm:@siemens/ix-mcp-react@5.2.1-v.1.11.3,16398,ix-search,answer-stability,pass,answer-reproducible,Two identical calls returned identical answers.,runs/census-v5/siemens-ix-mcp-react-dt-census-1.dt.jsonl
@siemens/ix-mcp-react,npm:@siemens/ix-mcp-react@5.2.1-v.1.11.3,16398,ix-search,idempotency,skip,no-observable-effect,"A successful call produced no observable state change, so retry safety cannot be decided by this oracle.",runs/census-v5/siemens-ix-mcp-react-dt-census-1.dt.jsonl
@siemens/ix-mcp-react,npm:@siemens/ix-mcp-react@5.2.1-v.1.11.3,16398,ix-search,partial-failure,skip,no-observable-effect,"A clean call produced no observable state change, so an interrupted one cannot be judged by this oracle.",runs/census-v5/siemens-ix-mcp-react-dt-census-1.dt.jsonl
@siemens/ix-mcp-react,npm:@siemens/ix-mcp-react@5.2.1-v.1.11.3,16398,ix-search,upstream-idempotency,fail,upstream-write-repeated,"The retry re-sends POST api.siemens.com/llm/v1/embeddings with no idempotency header, and the tool declares no readOnlyHint. Either the retry duplicates a write, or the call is a query and the annotation a gateway would use to know that is missing, both on the live connection and after a reconnect.",runs/census-v5/siemens-ix-mcp-react-dt-census-1.dt.jsonl
@siemens/ix-mcp-react,npm:@siemens/ix-mcp-react@5.2.1-v.1.11.3,16398,ix-search,concurrency,pass,concurrent-matches-sequential,4 overlapping calls left the same shape of state as the same 4 calls run one at a time.,runs/census-v5/siemens-ix-mcp-react-dt-census-1.dt.jsonl
@tacticlaunch/mcp-linear,npm:@tacticlaunch/mcp-linear@1.4.3,16377,linear_addAttachment,idempotency,skip,call-failed,"The first call did not succeed, so no retry behaviour could be observed.",runs/census-v5/tacticlaunch-mcp-linear-dt-census-1.dt.jsonl
@tacticlaunch/mcp-linear,npm:@tacticlaunch/mcp-linear@1.4.3,16377,linear_addAttachment,partial-failure,skip,call-failed,"An uninterrupted call did not succeed, so there is no reference effect to interrupt.",runs/census-v5/tacticlaunch-mcp-linear-dt-census-1.dt.jsonl
@tacticlaunch/mcp-linear,npm:@tacticlaunch/mcp-linear@1.4.3,16377,linear_addAttachment,upstream-idempotency,fail,upstream-write-repeated,"The retry re-sends POST api.linear.app/graphql with no idempotency header, and the tool declares no readOnlyHint. Either the retry duplicates a write, or the call is a query and the annotation a gateway would use to know that is missing, both on the live connection and after a reconnect.",runs/census-v5/tacticlaunch-mcp-linear-dt-census-1.dt.jsonl
@tacticlaunch/mcp-linear,npm:@tacticlaunch/mcp-linear@1.4.3,16377,linear_addAttachment,concurrency,skip,call-failed,"No call succeeded even one at a time, so there is no correct behaviour to compare against.",runs/census-v5/tacticlaunch-mcp-linear-dt-census-1.dt.jsonl
@tacticlaunch/mcp-linear,npm:@tacticlaunch/mcp-linear@1.4.3,16377,linear_addIssueLabel,idempotency,skip,call-failed,"The first call did not succeed, so no retry behaviour could be observed.",runs/census-v5/tacticlaunch-mcp-linear-dt-census-1.dt.jsonl
@tacticlaunch/mcp-linear,npm:@tacticlaunch/mcp-linear@1.4.3,16377,linear_addIssueLabel,partial-failure,skip,call-failed,"An uninterrupted call did not succeed, so there is no reference effect to interrupt.",runs/census-v5/tacticlaunch-mcp-linear-dt-census-1.dt.jsonl
@tacticlaunch/mcp-linear,npm:@tacticlaunch/mcp-linear@1.4.3,16377,linear_addIssueLabel,upstream-idempotency,fail,upstream-write-repeated,"The retry re-sends POST api.linear.app/graphql with no idempotency header, and the tool declares no readOnlyHint. Either the retry duplicates a write, or the call is a query and the annotation a gateway would use to know that is missing, both on the live connection and after a reconnect.",runs/census-v5/tacticlaunch-mcp-linear-dt-census-1.dt.jsonl
@tacticlaunch/mcp-linear,npm:@tacticlaunch/mcp-linear@1.4.3,16377,linear_addIssueLabel,concurrency,skip,call-failed,"No call succeeded even one at a time, so there is no correct behaviour to compare against.",runs/census-v5/tacticlaunch-mcp-linear-dt-census-1.dt.jsonl
@tacticlaunch/mcp-linear,npm:@tacticlaunch/mcp-linear@1.4.3,16377,linear_addIssueToCycle,idempotency,skip,call-failed,"The first call did not succeed, so no retry behaviour could be observed.",runs/census-v5/tacticlaunch-mcp-linear-dt-census-1.dt.jsonl
@tacticlaunch/mcp-linear,npm:@tacticlaunch/mcp-linear@1.4.3,16377,linear_addIssueToCycle,partial-failure,skip,call-failed,"An uninterrupted call did not succeed, so there is no reference effect to interrupt.",runs/census-v5/tacticlaunch-mcp-linear-dt-census-1.dt.jsonl
@tacticlaunch/mcp-linear,npm:@tacticlaunch/mcp-linear@1.4.3,16377,linear_addIssueToCycle,upstream-idempotency,fail,upstream-write-repeated,"The retry re-sends POST api.linear.app/graphql with no idempotency header, and the tool declares no readOnlyHint. Either the retry duplicates a write, or the call is a query and the annotation a gateway would use to know that is missing, both on the live connection and after a reconnect.",runs/census-v5/tacticlaunch-mcp-linear-dt-census-1.dt.jsonl
@tacticlaunch/mcp-linear,npm:@tacticlaunch/mcp-linear@1.4.3,16377,linear_addIssueToCycle,concurrency,skip,call-failed,"No call succeeded even one at a time, so there is no correct behaviour to compare against.",runs/census-v5/tacticlaunch-mcp-linear-dt-census-1.dt.jsonl
@tacticlaunch/mcp-linear,npm:@tacticlaunch/mcp-linear@1.4.3,16377,linear_addIssueToProject,idempotency,skip,call-failed,"The first call did not succeed, so no retry behaviour could be observed.",runs/census-v5/tacticlaunch-mcp-linear-dt-census-1.dt.jsonl
@tacticlaunch/mcp-linear,npm:@tacticlaunch/mcp-linear@1.4.3,16377,linear_addIssueToProject,partial-failure,skip,call-failed,"An uninterrupted call did not succeed, so there is no reference effect to interrupt.",runs/census-v5/tacticlaunch-mcp-linear-dt-census-1.dt.jsonl
@tacticlaunch/mcp-linear,npm:@tacticlaunch/mcp-linear@1.4.3,16377,linear_addIssueToProject,upstream-idempotency,fail,upstream-write-repeated,"The retry re-sends POST api.linear.app/graphql with no idempotency header, and the tool declares no readOnlyHint. Either the retry duplicates a write, or the call is a query and the annotation a gateway would use to know that is missing, both on the live connection and after a reconnect.",runs/census-v5/tacticlaunch-mcp-linear-dt-census-1.dt.jsonl
@tacticlaunch/mcp-linear,npm:@tacticlaunch/mcp-linear@1.4.3,16377,linear_addIssueToProject,concurrency,skip,call-failed,"No call succeeded even one at a time, so there is no correct behaviour to compare against.",runs/census-v5/tacticlaunch-mcp-linear-dt-census-1.dt.jsonl
@tacticlaunch/mcp-linear,npm:@tacticlaunch/mcp-linear@1.4.3,16377,linear_addIssueToRelease,idempotency,skip,call-failed,"The first call did not succeed, so no retry behaviour could be observed.",runs/census-v5/tacticlaunch-mcp-linear-dt-census-1.dt.jsonl
@tacticlaunch/mcp-linear,npm:@tacticlaunch/mcp-linear@1.4.3,16377,linear_addIssueToRelease,partial-failure,skip,call-failed,"An uninterrupted call did not succeed, so there is no reference effect to interrupt.",runs/census-v5/tacticlaunch-mcp-linear-dt-census-1.dt.jsonl
@tacticlaunch/mcp-linear,npm:@tacticlaunch/mcp-linear@1.4.3,16377,linear_addIssueToRelease,upstream-idempotency,fail,upstream-write-repeated,"The retry re-sends POST api.linear.app/graphql with no idempotency header, and the tool declares no readOnlyHint. Either the retry duplicates a write, or the call is a query and the annotation a gateway would use to know that is missing, both on the live connection and after a reconnect.",runs/census-v5/tacticlaunch-mcp-linear-dt-census-1.dt.jsonl
@tacticlaunch/mcp-linear,npm:@tacticlaunch/mcp-linear@1.4.3,16377,linear_addIssueToRelease,concurrency,skip,call-failed,"No call succeeded even one at a time, so there is no correct behaviour to compare against.",runs/census-v5/tacticlaunch-mcp-linear-dt-census-1.dt.jsonl
@tacticlaunch/mcp-linear,npm:@tacticlaunch/mcp-linear@1.4.3,16377,linear_addProjectMember,idempotency,skip,call-failed,"The first call did not succeed, so no retry behaviour could be observed.",runs/census-v5/tacticlaunch-mcp-linear-dt-census-1.dt.jsonl
@tacticlaunch/mcp-linear,npm:@tacticlaunch/mcp-linear@1.4.3,16377,linear_addProjectMember,partial-failure,skip,call-failed,"An uninterrupted call did not succeed, so there is no reference effect to interrupt.",runs/census-v5/tacticlaunch-mcp-linear-dt-census-1.dt.jsonl
@tacticlaunch/mcp-linear,npm:@tacticlaunch/mcp-linear@1.4.3,16377,linear_addProjectMember,upstream-idempotency,fail,upstream-write-repeated,"The retry re-sends POST api.linear.app/graphql with no idempotency header, and the tool declares no readOnlyHint. Either the retry duplicates a write, or the call is a query and the annotation a gateway would use to know that is missing, both on the live connection and after a reconnect.",runs/census-v5/tacticlaunch-mcp-linear-dt-census-1.dt.jsonl
@tacticlaunch/mcp-linear,npm:@tacticlaunch/mcp-linear@1.4.3,16377,linear_addProjectMember,concurrency,skip,call-failed,"No call succeeded even one at a time, so there is no correct behaviour to compare against.",runs/census-v5/tacticlaunch-mcp-linear-dt-census-1.dt.jsonl
@tacticlaunch/mcp-linear,npm:@tacticlaunch/mcp-linear@1.4.3,16377,linear_addProjectToInitiative,idempotency,skip,call-failed,"The first call did not succeed, so no retry behaviour could be observed.",runs/census-v5/tacticlaunch-mcp-linear-dt-census-1.dt.jsonl
@tacticlaunch/mcp-linear,npm:@tacticlaunch/mcp-linear@1.4.3,16377,linear_addProjectToInitiative,partial-failure,skip,call-failed,"An uninterrupted call did not succeed, so there is no reference effect to interrupt.",runs/census-v5/tacticlaunch-mcp-linear-dt-census-1.dt.jsonl
@tacticlaunch/mcp-linear,npm:@tacticlaunch/mcp-linear@1.4.3,16377,linear_addProjectToInitiative,upstream-idempotency,fail,upstream-write-repeated,"The retry re-sends POST api.linear.app/graphql with no idempotency header, and the tool declares no readOnlyHint. Either the retry duplicates a write, or the call is a query and the annotation a gateway would use to know that is missing, both on the live connection and after a reconnect.",runs/census-v5/tacticlaunch-mcp-linear-dt-census-1.dt.jsonl
@tacticlaunch/mcp-linear,npm:@tacticlaunch/mcp-linear@1.4.3,16377,linear_addProjectToInitiative,concurrency,skip,call-failed,"No call succeeded even one at a time, so there is no correct behaviour to compare against.",runs/census-v5/tacticlaunch-mcp-linear-dt-census-1.dt.jsonl
@tacticlaunch/mcp-linear,npm:@tacticlaunch/mcp-linear@1.4.3,16377,linear_addToFavorites,idempotency,skip,call-failed,"The first call did not succeed, so no retry behaviour could be observed.",runs/census-v5/tacticlaunch-mcp-linear-dt-census-1.dt.jsonl
@tacticlaunch/mcp-linear,npm:@tacticlaunch/mcp-linear@1.4.3,16377,linear_addToFavorites,partial-failure,skip,call-failed,"An uninterrupted call did not succeed, so there is no reference effect to interrupt.",runs/census-v5/tacticlaunch-mcp-linear-dt-census-1.dt.jsonl
@tacticlaunch/mcp-linear,npm:@tacticlaunch/mcp-linear@1.4.3,16377,linear_addToFavorites,upstream-idempotency,fail,upstream-write-repeated,"The retry re-sends POST api.linear.app/graphql with no idempotency header, and the tool declares no readOnlyHint. Either the retry duplicates a write, or the call is a query and the annotation a gateway would use to know that is missing, both on the live connection and after a reconnect.",runs/census-v5/tacticlaunch-mcp-linear-dt-census-1.dt.jsonl
@tacticlaunch/mcp-linear,npm:@tacticlaunch/mcp-linear@1.4.3,16377,linear_addToFavorites,concurrency,skip,call-failed,"No call succeeded even one at a time, so there is no correct behaviour to compare against.",runs/census-v5/tacticlaunch-mcp-linear-dt-census-1.dt.jsonl
agentphone-mcp,npm:agentphone-mcp@0.7.0,16173,account_overview,idempotency,skip,call-failed,"The first call did not succeed, so no retry behaviour could be observed.",runs/census-v5/agentphone-mcp-dt-census-1.dt.jsonl
agentphone-mcp,npm:agentphone-mcp@0.7.0,16173,account_overview,partial-failure,skip,read-only-confirmed,"The tool declares readOnlyHint, so there is no effect to leave half done.",runs/census-v5/agentphone-mcp-dt-census-1.dt.jsonl
agentphone-mcp,npm:agentphone-mcp@0.7.0,16173,account_overview,upstream-idempotency,pass,upstream-reads-only,"The call only reads upstream (GET <upstream>/v1/agents, GET <upstream>/v1/numbers, GET <upstream>/v1/webhooks), so a retry cannot duplicate anything, both on the live connection and after a reconnect.",runs/census-v5/agentphone-mcp-dt-census-1.dt.jsonl
agentphone-mcp,npm:agentphone-mcp@0.7.0,16173,account_overview,concurrency,skip,read-only-confirmed,"The tool declares readOnlyHint, so overlapping calls have nothing to corrupt.",runs/census-v5/agentphone-mcp-dt-census-1.dt.jsonl
agentphone-mcp,npm:agentphone-mcp@0.7.0,16173,attach_number,idempotency,skip,call-failed,"The first call did not succeed, so no retry behaviour could be observed.",runs/census-v5/agentphone-mcp-dt-census-1.dt.jsonl
agentphone-mcp,npm:agentphone-mcp@0.7.0,16173,attach_number,partial-failure,skip,call-failed,"An uninterrupted call did not succeed, so there is no reference effect to interrupt.",runs/census-v5/agentphone-mcp-dt-census-1.dt.jsonl
agentphone-mcp,npm:agentphone-mcp@0.7.0,16173,attach_number,upstream-idempotency,fail,upstream-write-repeated,"The retry re-sends POST <upstream>/v1/agents/dt-2e143c/numbers with no idempotency header, and the tool declares no readOnlyHint. Either the retry duplicates a write, or the call is a query and the annotation a gateway would use to know that is missing, both on the live connection and after a reconnect.",runs/census-v5/agentphone-mcp-dt-census-1.dt.jsonl
agentphone-mcp,npm:agentphone-mcp@0.7.0,16173,attach_number,concurrency,skip,call-failed,"No call succeeded even one at a time, so there is no correct behaviour to compare against.",runs/census-v5/agentphone-mcp-dt-census-1.dt.jsonl
agentphone-mcp,npm:agentphone-mcp@0.7.0,16173,buy_number,answer-stability,pass,answer-reproducible,Two identical calls returned identical answers.,runs/census-v5/agentphone-mcp-dt-census-1.dt.jsonl
agentphone-mcp,npm:agentphone-mcp@0.7.0,16173,buy_number,idempotency,skip,no-observable-effect,"A successful call produced no observable state change, so retry safety cannot be decided by this oracle.",runs/census-v5/agentphone-mcp-dt-census-1.dt.jsonl
agentphone-mcp,npm:agentphone-mcp@0.7.0,16173,buy_number,partial-failure,skip,no-observable-effect,"A clean call produced no observable state change, so an interrupted one cannot be judged by this oracle.",runs/census-v5/agentphone-mcp-dt-census-1.dt.jsonl
agentphone-mcp,npm:agentphone-mcp@0.7.0,16173,buy_number,upstream-idempotency,skip,no-upstream-call,"The call sent nothing upstream, so there is no remote side effect to retry.",runs/census-v5/agentphone-mcp-dt-census-1.dt.jsonl
agentphone-mcp,npm:agentphone-mcp@0.7.0,16173,buy_number,concurrency,skip,no-observable-effect,"Calls succeed but leave nothing this oracle can see, so overlapping them cannot be judged.",runs/census-v5/agentphone-mcp-dt-census-1.dt.jsonl
agentphone-mcp,npm:agentphone-mcp@0.7.0,16173,create_agent,answer-stability,pass,answer-reproducible,Two identical calls returned identical answers.,runs/census-v5/agentphone-mcp-dt-census-1.dt.jsonl
agentphone-mcp,npm:agentphone-mcp@0.7.0,16173,create_agent,idempotency,skip,no-observable-effect,"A successful call produced no observable state change, so retry safety cannot be decided by this oracle.",runs/census-v5/agentphone-mcp-dt-census-1.dt.jsonl
agentphone-mcp,npm:agentphone-mcp@0.7.0,16173,create_agent,partial-failure,skip,no-observable-effect,"A clean call produced no observable state change, so an interrupted one cannot be judged by this oracle.",runs/census-v5/agentphone-mcp-dt-census-1.dt.jsonl
agentphone-mcp,npm:agentphone-mcp@0.7.0,16173,create_agent,upstream-idempotency,fail,upstream-write-repeated,"The retry re-sends POST <upstream>/v1/agents with no idempotency header, and the tool declares no readOnlyHint. Either the retry duplicates a write, or the call is a query and the annotation a gateway would use to know that is missing, both on the live connection and after a reconnect.",runs/census-v5/agentphone-mcp-dt-census-1.dt.jsonl
agentphone-mcp,npm:agentphone-mcp@0.7.0,16173,create_agent,concurrency,pass,concurrent-matches-sequential,4 overlapping calls left the same shape of state as the same 4 calls run one at a time.,runs/census-v5/agentphone-mcp-dt-census-1.dt.jsonl
agentphone-mcp,npm:agentphone-mcp@0.7.0,16173,delete_agent,answer-stability,pass,answer-reproducible,Two identical calls returned identical answers.,runs/census-v5/agentphone-mcp-dt-census-1.dt.jsonl
agentphone-mcp,npm:agentphone-mcp@0.7.0,16173,delete_agent,idempotency,skip,no-observable-effect,"A successful call produced no observable state change, so retry safety cannot be decided by this oracle.",runs/census-v5/agentphone-mcp-dt-census-1.dt.jsonl
agentphone-mcp,npm:agentphone-mcp@0.7.0,16173,delete_agent,partial-failure,skip,no-observable-effect,"A clean call produced no observable state change, so an interrupted one cannot be judged by this oracle.",runs/census-v5/agentphone-mcp-dt-census-1.dt.jsonl
agentphone-mcp,npm:agentphone-mcp@0.7.0,16173,delete_agent,upstream-idempotency,pass,upstream-method-idempotent,"The retry re-sends DELETE <upstream>/v1/agents/dt-c650ca, but those methods are idempotent by definition in HTTP, so repeating them leaves the same end state, both on the live connection and after a reconnect.",runs/census-v5/agentphone-mcp-dt-census-1.dt.jsonl
agentphone-mcp,npm:agentphone-mcp@0.7.0,16173,delete_agent,concurrency,pass,concurrent-matches-sequential,4 overlapping calls left the same shape of state as the same 4 calls run one at a time.,runs/census-v5/agentphone-mcp-dt-census-1.dt.jsonl
agentphone-mcp,npm:agentphone-mcp@0.7.0,16173,delete_webhook,answer-stability,pass,answer-reproducible,Two identical calls returned identical answers.,runs/census-v5/agentphone-mcp-dt-census-1.dt.jsonl
agentphone-mcp,npm:agentphone-mcp@0.7.0,16173,delete_webhook,idempotency,skip,no-observable-effect,"A successful call produced no observable state change, so retry safety cannot be decided by this oracle.",runs/census-v5/agentphone-mcp-dt-census-1.dt.jsonl
agentphone-mcp,npm:agentphone-mcp@0.7.0,16173,delete_webhook,partial-failure,skip,no-observable-effect,"A clean call produced no observable state change, so an interrupted one cannot be judged by this oracle.",runs/census-v5/agentphone-mcp-dt-census-1.dt.jsonl
agentphone-mcp,npm:agentphone-mcp@0.7.0,16173,delete_webhook,upstream-idempotency,pass,upstream-method-idempotent,"The retry re-sends DELETE <upstream>/v1/webhooks, but those methods are idempotent by definition in HTTP, so repeating them leaves the same end state, both on the live connection and after a reconnect.",runs/census-v5/agentphone-mcp-dt-census-1.dt.jsonl
agentphone-mcp,npm:agentphone-mcp@0.7.0,16173,delete_webhook,concurrency,pass,concurrent-matches-sequential,4 overlapping calls left the same shape of state as the same 4 calls run one at a time.,runs/census-v5/agentphone-mcp-dt-census-1.dt.jsonl
agentphone-mcp,npm:agentphone-mcp@0.7.0,16173,detach_number,answer-stability,pass,answer-reproducible,Two identical calls returned identical answers.,runs/census-v5/agentphone-mcp-dt-census-1.dt.jsonl
agentphone-mcp,npm:agentphone-mcp@0.7.0,16173,detach_number,idempotency,skip,no-observable-effect,"A successful call produced no observable state change, so retry safety cannot be decided by this oracle.",runs/census-v5/agentphone-mcp-dt-census-1.dt.jsonl
agentphone-mcp,npm:agentphone-mcp@0.7.0,16173,detach_number,partial-failure,skip,no-observable-effect,"A clean call produced no observable state change, so an interrupted one cannot be judged by this oracle.",runs/census-v5/agentphone-mcp-dt-census-1.dt.jsonl
agentphone-mcp,npm:agentphone-mcp@0.7.0,16173,detach_number,upstream-idempotency,pass,upstream-method-idempotent,"The retry re-sends DELETE <upstream>/v1/agents/dt-fe8c3f/numbers/dt-fe8c3f, but those methods are idempotent by definition in HTTP, so repeating them leaves the same end state, both on the live connection and after a reconnect.",runs/census-v5/agentphone-mcp-dt-census-1.dt.jsonl
agentphone-mcp,npm:agentphone-mcp@0.7.0,16173,detach_number,concurrency,pass,concurrent-matches-sequential,4 overlapping calls left the same shape of state as the same 4 calls run one at a time.,runs/census-v5/agentphone-mcp-dt-census-1.dt.jsonl
agentphone-mcp,npm:agentphone-mcp@0.7.0,16173,get_agent,answer-stability,pass,answer-reproducible,Two identical calls returned identical answers.,runs/census-v5/agentphone-mcp-dt-census-1.dt.jsonl
agentphone-mcp,npm:agentphone-mcp@0.7.0,16173,get_agent,idempotency,pass,read-only-confirmed,Declares readOnlyHint: true and a successful call left the observable state unchanged.,runs/census-v5/agentphone-mcp-dt-census-1.dt.jsonl
agentphone-mcp,npm:agentphone-mcp@0.7.0,16173,get_agent,partial-failure,skip,read-only-confirmed,"The tool declares readOnlyHint, so there is no effect to leave half done.",runs/census-v5/agentphone-mcp-dt-census-1.dt.jsonl
agentphone-mcp,npm:agentphone-mcp@0.7.0,16173,get_agent,upstream-idempotency,pass,upstream-reads-only,"The call only reads upstream (GET <upstream>/v1/agents/dt-b2d3e5), so a retry cannot duplicate anything, both on the live connection and after a reconnect.",runs/census-v5/agentphone-mcp-dt-census-1.dt.jsonl
agentphone-mcp,npm:agentphone-mcp@0.7.0,16173,get_agent,concurrency,skip,read-only-confirmed,"The tool declares readOnlyHint, so overlapping calls have nothing to corrupt.",runs/census-v5/agentphone-mcp-dt-census-1.dt.jsonl
flightradar-mcp-server,npm:flightradar-mcp-server@0.1.2,16092,get_flight_data,idempotency,skip,call-failed,"The first call did not succeed, so no retry behaviour could be observed.",runs/census-v5/flightradar-mcp-server-dt-census-1.dt.jsonl
flightradar-mcp-server,npm:flightradar-mcp-server@0.1.2,16092,get_flight_data,partial-failure,skip,call-failed,"An uninterrupted call did not succeed, so there is no reference effect to interrupt.",runs/census-v5/flightradar-mcp-server-dt-census-1.dt.jsonl
flightradar-mcp-server,npm:flightradar-mcp-server@0.1.2,16092,get_flight_data,upstream-idempotency,skip,no-upstream-call,"The call sent nothing upstream, so there is no remote side effect to retry.",runs/census-v5/flightradar-mcp-server-dt-census-1.dt.jsonl
flightradar-mcp-server,npm:flightradar-mcp-server@0.1.2,16092,get_flight_data,concurrency,skip,call-failed,"No call succeeded even one at a time, so there is no correct behaviour to compare against.",runs/census-v5/flightradar-mcp-server-dt-census-1.dt.jsonl
flightradar-mcp-server,npm:flightradar-mcp-server@0.1.2,16092,get_flight_status,idempotency,skip,call-failed,"The first call did not succeed, so no retry behaviour could be observed.",runs/census-v5/flightradar-mcp-server-dt-census-1.dt.jsonl
flightradar-mcp-server,npm:flightradar-mcp-server@0.1.2,16092,get_flight_status,partial-failure,skip,call-failed,"An uninterrupted call did not succeed, so there is no reference effect to interrupt.",runs/census-v5/flightradar-mcp-server-dt-census-1.dt.jsonl
flightradar-mcp-server,npm:flightradar-mcp-server@0.1.2,16092,get_flight_status,upstream-idempotency,skip,no-upstream-call,"The call sent nothing upstream, so there is no remote side effect to retry.",runs/census-v5/flightradar-mcp-server-dt-census-1.dt.jsonl
flightradar-mcp-server,npm:flightradar-mcp-server@0.1.2,16092,get_flight_status,concurrency,skip,call-failed,"No call succeeded even one at a time, so there is no correct behaviour to compare against.",runs/census-v5/flightradar-mcp-server-dt-census-1.dt.jsonl
flightradar-mcp-server,npm:flightradar-mcp-server@0.1.2,16092,search_flights,answer-stability,pass,answer-reproducible,Two identical calls returned identical answers.,runs/census-v5/flightradar-mcp-server-dt-census-1.dt.jsonl
flightradar-mcp-server,npm:flightradar-mcp-server@0.1.2,16092,search_flights,idempotency,skip,no-observable-effect,"A successful call produced no observable state change, so retry safety cannot be decided by this oracle.",runs/census-v5/flightradar-mcp-server-dt-census-1.dt.jsonl
flightradar-mcp-server,npm:flightradar-mcp-server@0.1.2,16092,search_flights,partial-failure,skip,no-observable-effect,"A clean call produced no observable state change, so an interrupted one cannot be judged by this oracle.",runs/census-v5/flightradar-mcp-server-dt-census-1.dt.jsonl
flightradar-mcp-server,npm:flightradar-mcp-server@0.1.2,16092,search_flights,upstream-idempotency,pass,upstream-reads-only,"The call only reads upstream (GET api.aviationstack.com/v1/flights), so a retry cannot duplicate anything, both on the live connection and after a reconnect.",runs/census-v5/flightradar-mcp-server-dt-census-1.dt.jsonl
flightradar-mcp-server,npm:flightradar-mcp-server@0.1.2,16092,search_flights,concurrency,skip,no-observable-effect,"Calls succeed but leave nothing this oracle can see, so overlapping them cannot be judged.",runs/census-v5/flightradar-mcp-server-dt-census-1.dt.jsonl
@doist/todoist-mcp,npm:@doist/todoist-mcp@11.0.0,15850,add-comments,idempotency,skip,call-failed,"The first call did not succeed, so no retry behaviour could be observed.",runs/census-v5/doist-todoist-mcp-dt-census-1.dt.jsonl
@doist/todoist-mcp,npm:@doist/todoist-mcp@11.0.0,15850,add-comments,partial-failure,skip,call-failed,"An uninterrupted call did not succeed, so there is no reference effect to interrupt.",runs/census-v5/doist-todoist-mcp-dt-census-1.dt.jsonl
@doist/todoist-mcp,npm:@doist/todoist-mcp@11.0.0,15850,add-comments,upstream-idempotency,skip,no-upstream-call,"The call sent nothing upstream, so there is no remote side effect to retry.",runs/census-v5/doist-todoist-mcp-dt-census-1.dt.jsonl
@doist/todoist-mcp,npm:@doist/todoist-mcp@11.0.0,15850,add-comments,concurrency,skip,call-failed,"No call succeeded even one at a time, so there is no correct behaviour to compare against.",runs/census-v5/doist-todoist-mcp-dt-census-1.dt.jsonl
@doist/todoist-mcp,npm:@doist/todoist-mcp@11.0.0,15850,add-filters,answer-stability,pass,answer-reproducible,Two identical calls returned identical answers.,runs/census-v5/doist-todoist-mcp-dt-census-1.dt.jsonl
@doist/todoist-mcp,npm:@doist/todoist-mcp@11.0.0,15850,add-filters,idempotency,skip,no-observable-effect,"A successful call produced no observable state change, so retry safety cannot be decided by this oracle.",runs/census-v5/doist-todoist-mcp-dt-census-1.dt.jsonl
@doist/todoist-mcp,npm:@doist/todoist-mcp@11.0.0,15850,add-filters,partial-failure,skip,no-observable-effect,"A clean call produced no observable state change, so an interrupted one cannot be judged by this oracle.",runs/census-v5/doist-todoist-mcp-dt-census-1.dt.jsonl
@doist/todoist-mcp,npm:@doist/todoist-mcp@11.0.0,15850,add-filters,upstream-idempotency,fail,upstream-write-repeated,"The retry re-sends POST <upstream>/api/v1/sync with no idempotency header, and the tool declares no readOnlyHint. Either the retry duplicates a write, or the call is a query and the annotation a gateway would use to know that is missing, both on the live connection and after a reconnect.",runs/census-v5/doist-todoist-mcp-dt-census-1.dt.jsonl
@doist/todoist-mcp,npm:@doist/todoist-mcp@11.0.0,15850,add-filters,concurrency,pass,concurrent-matches-sequential,4 overlapping calls left the same shape of state as the same 4 calls run one at a time.,runs/census-v5/doist-todoist-mcp-dt-census-1.dt.jsonl
@doist/todoist-mcp,npm:@doist/todoist-mcp@11.0.0,15850,add-labels,idempotency,skip,call-failed,"The first call did not succeed, so no retry behaviour could be observed.",runs/census-v5/doist-todoist-mcp-dt-census-1.dt.jsonl
@doist/todoist-mcp,npm:@doist/todoist-mcp@11.0.0,15850,add-labels,partial-failure,skip,call-failed,"An uninterrupted call did not succeed, so there is no reference effect to interrupt.",runs/census-v5/doist-todoist-mcp-dt-census-1.dt.jsonl
@doist/todoist-mcp,npm:@doist/todoist-mcp@11.0.0,15850,add-labels,upstream-idempotency,fail,upstream-write-repeated,"The retry re-sends POST <upstream>/api/v1/labels with no idempotency header, and the tool declares no readOnlyHint. Either the retry duplicates a write, or the call is a query and the annotation a gateway would use to know that is missing, both on the live connection and after a reconnect.",runs/census-v5/doist-todoist-mcp-dt-census-1.dt.jsonl
@doist/todoist-mcp,npm:@doist/todoist-mcp@11.0.0,15850,add-labels,concurrency,skip,call-failed,"No call succeeded even one at a time, so there is no correct behaviour to compare against.",runs/census-v5/doist-todoist-mcp-dt-census-1.dt.jsonl
@doist/todoist-mcp,npm:@doist/todoist-mcp@11.0.0,15850,add-projects,idempotency,skip,call-failed,"The first call did not succeed, so no retry behaviour could be observed.",runs/census-v5/doist-todoist-mcp-dt-census-1.dt.jsonl
@doist/todoist-mcp,npm:@doist/todoist-mcp@11.0.0,15850,add-projects,partial-failure,skip,call-failed,"An uninterrupted call did not succeed, so there is no reference effect to interrupt.",runs/census-v5/doist-todoist-mcp-dt-census-1.dt.jsonl
@doist/todoist-mcp,npm:@doist/todoist-mcp@11.0.0,15850,add-projects,upstream-idempotency,fail,upstream-write-repeated,"The retry re-sends POST <upstream>/api/v1/projects with no idempotency header, and the tool declares no readOnlyHint. Either the retry duplicates a write, or the call is a query and the annotation a gateway would use to know that is missing, both on the live connection and after a reconnect.",runs/census-v5/doist-todoist-mcp-dt-census-1.dt.jsonl
@doist/todoist-mcp,npm:@doist/todoist-mcp@11.0.0,15850,add-projects,concurrency,skip,call-failed,"No call succeeded even one at a time, so there is no correct behaviour to compare against.",runs/census-v5/doist-todoist-mcp-dt-census-1.dt.jsonl
@doist/todoist-mcp,npm:@doist/todoist-mcp@11.0.0,15850,add-reminders,idempotency,skip,call-failed,"The first call did not succeed, so no retry behaviour could be observed.",runs/census-v5/doist-todoist-mcp-dt-census-1.dt.jsonl
@doist/todoist-mcp,npm:@doist/todoist-mcp@11.0.0,15850,add-reminders,partial-failure,skip,call-failed,"An uninterrupted call did not succeed, so there is no reference effect to interrupt.",runs/census-v5/doist-todoist-mcp-dt-census-1.dt.jsonl
@doist/todoist-mcp,npm:@doist/todoist-mcp@11.0.0,15850,add-reminders,upstream-idempotency,fail,upstream-write-repeated,"The retry re-sends POST <upstream>/api/v1/reminders with no idempotency header, and the tool declares no readOnlyHint. Either the retry duplicates a write, or the call is a query and the annotation a gateway would use to know that is missing, both on the live connection and after a reconnect.",runs/census-v5/doist-todoist-mcp-dt-census-1.dt.jsonl
@doist/todoist-mcp,npm:@doist/todoist-mcp@11.0.0,15850,add-reminders,concurrency,skip,call-failed,"No call succeeded even one at a time, so there is no correct behaviour to compare against.",runs/census-v5/doist-todoist-mcp-dt-census-1.dt.jsonl
@doist/todoist-mcp,npm:@doist/todoist-mcp@11.0.0,15850,add-sections,idempotency,skip,call-failed,"The first call did not succeed, so no retry behaviour could be observed.",runs/census-v5/doist-todoist-mcp-dt-census-1.dt.jsonl
@doist/todoist-mcp,npm:@doist/todoist-mcp@11.0.0,15850,add-sections,partial-failure,skip,call-failed,"An uninterrupted call did not succeed, so there is no reference effect to interrupt.",runs/census-v5/doist-todoist-mcp-dt-census-1.dt.jsonl
@doist/todoist-mcp,npm:@doist/todoist-mcp@11.0.0,15850,add-sections,upstream-idempotency,fail,upstream-write-repeated,"The retry re-sends POST <upstream>/api/v1/sections with no idempotency header, and the tool declares no readOnlyHint. Either the retry duplicates a write, or the call is a query and the annotation a gateway would use to know that is missing, both on the live connection and after a reconnect.",runs/census-v5/doist-todoist-mcp-dt-census-1.dt.jsonl
@doist/todoist-mcp,npm:@doist/todoist-mcp@11.0.0,15850,add-sections,concurrency,skip,call-failed,"No call succeeded even one at a time, so there is no correct behaviour to compare against.",runs/census-v5/doist-todoist-mcp-dt-census-1.dt.jsonl
@doist/todoist-mcp,npm:@doist/todoist-mcp@11.0.0,15850,add-tasks,idempotency,skip,call-failed,"The first call did not succeed, so no retry behaviour could be observed.",runs/census-v5/doist-todoist-mcp-dt-census-1.dt.jsonl
@doist/todoist-mcp,npm:@doist/todoist-mcp@11.0.0,15850,add-tasks,partial-failure,skip,call-failed,"An uninterrupted call did not succeed, so there is no reference effect to interrupt.",runs/census-v5/doist-todoist-mcp-dt-census-1.dt.jsonl
@doist/todoist-mcp,npm:@doist/todoist-mcp@11.0.0,15850,add-tasks,upstream-idempotency,fail,upstream-write-repeated,"The retry re-sends POST <upstream>/api/v1/tasks with no idempotency header, and the tool declares no readOnlyHint. Either the retry duplicates a write, or the call is a query and the annotation a gateway would use to know that is missing, both on the live connection and after a reconnect.",runs/census-v5/doist-todoist-mcp-dt-census-1.dt.jsonl
@doist/todoist-mcp,npm:@doist/todoist-mcp@11.0.0,15850,add-tasks,concurrency,skip,call-failed,"No call succeeded even one at a time, so there is no correct behaviour to compare against.",runs/census-v5/doist-todoist-mcp-dt-census-1.dt.jsonl
@doist/todoist-mcp,npm:@doist/todoist-mcp@11.0.0,15850,analyze-project-health,idempotency,skip,call-failed,"The first call did not succeed, so no retry behaviour could be observed.",runs/census-v5/doist-todoist-mcp-dt-census-1.dt.jsonl
@doist/todoist-mcp,npm:@doist/todoist-mcp@11.0.0,15850,analyze-project-health,partial-failure,skip,call-failed,"An uninterrupted call did not succeed, so there is no reference effect to interrupt.",runs/census-v5/doist-todoist-mcp-dt-census-1.dt.jsonl
@doist/todoist-mcp,npm:@doist/todoist-mcp@11.0.0,15850,analyze-project-health,upstream-idempotency,fail,upstream-write-repeated,"The retry re-sends POST <upstream>/api/v1/projects/dt-7a970e/insights/health/analyze with no idempotency header, and the tool declares no readOnlyHint. Either the retry duplicates a write, or the call is a query and the annotation a gateway would use to know that is missing, both on the live connection and after a reconnect.",runs/census-v5/doist-todoist-mcp-dt-census-1.dt.jsonl
@doist/todoist-mcp,npm:@doist/todoist-mcp@11.0.0,15850,analyze-project-health,concurrency,skip,call-failed,"No call succeeded even one at a time, so there is no correct behaviour to compare against.",runs/census-v5/doist-todoist-mcp-dt-census-1.dt.jsonl
@delorenj/mcp-server-ticketmaster,npm:@delorenj/mcp-server-ticketmaster@0.2.5,15836,search_ticketmaster,answer-stability,pass,answer-reproducible,Two identical calls returned identical answers.,runs/census-v5/delorenj-mcp-server-ticketmaster-dt-census-1.dt.jsonl
@delorenj/mcp-server-ticketmaster,npm:@delorenj/mcp-server-ticketmaster@0.2.5,15836,search_ticketmaster,idempotency,skip,no-observable-effect,"A successful call produced no observable state change, so retry safety cannot be decided by this oracle.",runs/census-v5/delorenj-mcp-server-ticketmaster-dt-census-1.dt.jsonl
@delorenj/mcp-server-ticketmaster,npm:@delorenj/mcp-server-ticketmaster@0.2.5,15836,search_ticketmaster,partial-failure,skip,no-observable-effect,"A clean call produced no observable state change, so an interrupted one cannot be judged by this oracle.",runs/census-v5/delorenj-mcp-server-ticketmaster-dt-census-1.dt.jsonl
@delorenj/mcp-server-ticketmaster,npm:@delorenj/mcp-server-ticketmaster@0.2.5,15836,search_ticketmaster,upstream-idempotency,pass,upstream-reads-only,"The call only reads upstream (GET app.ticketmaster.com/discovery/v2/events), so a retry cannot duplicate anything, both on the live connection and after a reconnect.",runs/census-v5/delorenj-mcp-server-ticketmaster-dt-census-1.dt.jsonl
@delorenj/mcp-server-ticketmaster,npm:@delorenj/mcp-server-ticketmaster@0.2.5,15836,search_ticketmaster,concurrency,skip,no-observable-effect,"Calls succeed but leave nothing this oracle can see, so overlapping them cannot be judged.",runs/census-v5/delorenj-mcp-server-ticketmaster-dt-census-1.dt.jsonl
@variflight-ai/variflight-mcp,npm:@variflight-ai/variflight-mcp@1.0.3,15636,flightHappinessIndex,idempotency,skip,call-failed,"The first call did not succeed, so no retry behaviour could be observed.",runs/census-v5/variflight-ai-variflight-mcp-dt-census-1.dt.jsonl
@variflight-ai/variflight-mcp,npm:@variflight-ai/variflight-mcp@1.0.3,15636,flightHappinessIndex,partial-failure,skip,call-failed,"An uninterrupted call did not succeed, so there is no reference effect to interrupt.",runs/census-v5/variflight-ai-variflight-mcp-dt-census-1.dt.jsonl
@variflight-ai/variflight-mcp,npm:@variflight-ai/variflight-mcp@1.0.3,15636,flightHappinessIndex,upstream-idempotency,skip,no-upstream-call,"The call sent nothing upstream, so there is no remote side effect to retry.",runs/census-v5/variflight-ai-variflight-mcp-dt-census-1.dt.jsonl
@variflight-ai/variflight-mcp,npm:@variflight-ai/variflight-mcp@1.0.3,15636,flightHappinessIndex,concurrency,skip,call-failed,"No call succeeded even one at a time, so there is no correct behaviour to compare against.",runs/census-v5/variflight-ai-variflight-mcp-dt-census-1.dt.jsonl
@variflight-ai/variflight-mcp,npm:@variflight-ai/variflight-mcp@1.0.3,15636,getFlightPriceByCities,idempotency,skip,call-failed,"The first call did not succeed, so no retry behaviour could be observed.",runs/census-v5/variflight-ai-variflight-mcp-dt-census-1.dt.jsonl
@variflight-ai/variflight-mcp,npm:@variflight-ai/variflight-mcp@1.0.3,15636,getFlightPriceByCities,partial-failure,skip,call-failed,"An uninterrupted call did not succeed, so there is no reference effect to interrupt.",runs/census-v5/variflight-ai-variflight-mcp-dt-census-1.dt.jsonl
@variflight-ai/variflight-mcp,npm:@variflight-ai/variflight-mcp@1.0.3,15636,getFlightPriceByCities,upstream-idempotency,skip,no-upstream-call,"The call sent nothing upstream, so there is no remote side effect to retry.",runs/census-v5/variflight-ai-variflight-mcp-dt-census-1.dt.jsonl
@variflight-ai/variflight-mcp,npm:@variflight-ai/variflight-mcp@1.0.3,15636,getFlightPriceByCities,concurrency,skip,call-failed,"No call succeeded even one at a time, so there is no correct behaviour to compare against.",runs/census-v5/variflight-ai-variflight-mcp-dt-census-1.dt.jsonl
@variflight-ai/variflight-mcp,npm:@variflight-ai/variflight-mcp@1.0.3,15636,getFlightTransferInfo,idempotency,skip,call-failed,"The first call did not succeed, so no retry behaviour could be observed.",runs/census-v5/variflight-ai-variflight-mcp-dt-census-1.dt.jsonl
@variflight-ai/variflight-mcp,npm:@variflight-ai/variflight-mcp@1.0.3,15636,getFlightTransferInfo,partial-failure,skip,call-failed,"An uninterrupted call did not succeed, so there is no reference effect to interrupt.",runs/census-v5/variflight-ai-variflight-mcp-dt-census-1.dt.jsonl
@variflight-ai/variflight-mcp,npm:@variflight-ai/variflight-mcp@1.0.3,15636,getFlightTransferInfo,upstream-idempotency,skip,no-upstream-call,"The call sent nothing upstream, so there is no remote side effect to retry.",runs/census-v5/variflight-ai-variflight-mcp-dt-census-1.dt.jsonl
@variflight-ai/variflight-mcp,npm:@variflight-ai/variflight-mcp@1.0.3,15636,getFlightTransferInfo,concurrency,skip,call-failed,"No call succeeded even one at a time, so there is no correct behaviour to compare against.",runs/census-v5/variflight-ai-variflight-mcp-dt-census-1.dt.jsonl
@variflight-ai/variflight-mcp,npm:@variflight-ai/variflight-mcp@1.0.3,15636,getFutureWeatherByAirport,idempotency,skip,call-failed,"The first call did not succeed, so no retry behaviour could be observed.",runs/census-v5/variflight-ai-variflight-mcp-dt-census-1.dt.jsonl
@variflight-ai/variflight-mcp,npm:@variflight-ai/variflight-mcp@1.0.3,15636,getFutureWeatherByAirport,partial-failure,skip,call-failed,"An uninterrupted call did not succeed, so there is no reference effect to interrupt.",runs/census-v5/variflight-ai-variflight-mcp-dt-census-1.dt.jsonl
@variflight-ai/variflight-mcp,npm:@variflight-ai/variflight-mcp@1.0.3,15636,getFutureWeatherByAirport,upstream-idempotency,skip,no-upstream-call,"The call sent nothing upstream, so there is no remote side effect to retry.",runs/census-v5/variflight-ai-variflight-mcp-dt-census-1.dt.jsonl
@variflight-ai/variflight-mcp,npm:@variflight-ai/variflight-mcp@1.0.3,15636,getFutureWeatherByAirport,concurrency,skip,call-failed,"No call succeeded even one at a time, so there is no correct behaviour to compare against.",runs/census-v5/variflight-ai-variflight-mcp-dt-census-1.dt.jsonl
@variflight-ai/variflight-mcp,npm:@variflight-ai/variflight-mcp@1.0.3,15636,getRealtimeLocationByAnum,answer-stability,pass,answer-reproducible,Two identical calls returned identical answers.,runs/census-v5/variflight-ai-variflight-mcp-dt-census-1.dt.jsonl
@variflight-ai/variflight-mcp,npm:@variflight-ai/variflight-mcp@1.0.3,15636,getRealtimeLocationByAnum,idempotency,skip,no-observable-effect,"A successful call produced no observable state change, so retry safety cannot be decided by this oracle.",runs/census-v5/variflight-ai-variflight-mcp-dt-census-1.dt.jsonl
@variflight-ai/variflight-mcp,npm:@variflight-ai/variflight-mcp@1.0.3,15636,getRealtimeLocationByAnum,partial-failure,skip,no-observable-effect,"A clean call produced no observable state change, so an interrupted one cannot be judged by this oracle.",runs/census-v5/variflight-ai-variflight-mcp-dt-census-1.dt.jsonl
@variflight-ai/variflight-mcp,npm:@variflight-ai/variflight-mcp@1.0.3,15636,getRealtimeLocationByAnum,upstream-idempotency,fail,upstream-write-repeated,"The retry re-sends POST <upstream>/ with no idempotency header, and the tool declares no readOnlyHint. Either the retry duplicates a write, or the call is a query and the annotation a gateway would use to know that is missing, both on the live connection and after a reconnect.",runs/census-v5/variflight-ai-variflight-mcp-dt-census-1.dt.jsonl
@variflight-ai/variflight-mcp,npm:@variflight-ai/variflight-mcp@1.0.3,15636,getRealtimeLocationByAnum,concurrency,pass,concurrent-matches-sequential,4 overlapping calls left the same shape of state as the same 4 calls run one at a time.,runs/census-v5/variflight-ai-variflight-mcp-dt-census-1.dt.jsonl
@variflight-ai/variflight-mcp,npm:@variflight-ai/variflight-mcp@1.0.3,15636,getTodayDate,answer-stability,pass,answer-reproducible,Two identical calls returned identical answers.,runs/census-v5/variflight-ai-variflight-mcp-dt-census-1.dt.jsonl
@variflight-ai/variflight-mcp,npm:@variflight-ai/variflight-mcp@1.0.3,15636,getTodayDate,idempotency,skip,no-observable-effect,"A successful call produced no observable state change, so retry safety cannot be decided by this oracle.",runs/census-v5/variflight-ai-variflight-mcp-dt-census-1.dt.jsonl
@variflight-ai/variflight-mcp,npm:@variflight-ai/variflight-mcp@1.0.3,15636,getTodayDate,partial-failure,skip,no-observable-effect,"A clean call produced no observable state change, so an interrupted one cannot be judged by this oracle.",runs/census-v5/variflight-ai-variflight-mcp-dt-census-1.dt.jsonl
@variflight-ai/variflight-mcp,npm:@variflight-ai/variflight-mcp@1.0.3,15636,getTodayDate,upstream-idempotency,skip,no-upstream-call,"The call sent nothing upstream, so there is no remote side effect to retry.",runs/census-v5/variflight-ai-variflight-mcp-dt-census-1.dt.jsonl
@variflight-ai/variflight-mcp,npm:@variflight-ai/variflight-mcp@1.0.3,15636,getTodayDate,concurrency,skip,no-observable-effect,"Calls succeed but leave nothing this oracle can see, so overlapping them cannot be judged.",runs/census-v5/variflight-ai-variflight-mcp-dt-census-1.dt.jsonl
@variflight-ai/variflight-mcp,npm:@variflight-ai/variflight-mcp@1.0.3,15636,searchFlightItineraries,idempotency,skip,call-failed,"The first call did not succeed, so no retry behaviour could be observed.",runs/census-v5/variflight-ai-variflight-mcp-dt-census-1.dt.jsonl
@variflight-ai/variflight-mcp,npm:@variflight-ai/variflight-mcp@1.0.3,15636,searchFlightItineraries,partial-failure,skip,call-failed,"An uninterrupted call did not succeed, so there is no reference effect to interrupt.",runs/census-v5/variflight-ai-variflight-mcp-dt-census-1.dt.jsonl
@variflight-ai/variflight-mcp,npm:@variflight-ai/variflight-mcp@1.0.3,15636,searchFlightItineraries,upstream-idempotency,skip,no-upstream-call,"The call sent nothing upstream, so there is no remote side effect to retry.",runs/census-v5/variflight-ai-variflight-mcp-dt-census-1.dt.jsonl
@variflight-ai/variflight-mcp,npm:@variflight-ai/variflight-mcp@1.0.3,15636,searchFlightItineraries,concurrency,skip,call-failed,"No call succeeded even one at a time, so there is no correct behaviour to compare against.",runs/census-v5/variflight-ai-variflight-mcp-dt-census-1.dt.jsonl
@variflight-ai/variflight-mcp,npm:@variflight-ai/variflight-mcp@1.0.3,15636,searchFlightsByDepArr,idempotency,skip,call-failed,"The first call did not succeed, so no retry behaviour could be observed.",runs/census-v5/variflight-ai-variflight-mcp-dt-census-1.dt.jsonl
@variflight-ai/variflight-mcp,npm:@variflight-ai/variflight-mcp@1.0.3,15636,searchFlightsByDepArr,partial-failure,skip,call-failed,"An uninterrupted call did not succeed, so there is no reference effect to interrupt.",runs/census-v5/variflight-ai-variflight-mcp-dt-census-1.dt.jsonl
@variflight-ai/variflight-mcp,npm:@variflight-ai/variflight-mcp@1.0.3,15636,searchFlightsByDepArr,upstream-idempotency,skip,no-upstream-call,"The call sent nothing upstream, so there is no remote side effect to retry.",runs/census-v5/variflight-ai-variflight-mcp-dt-census-1.dt.jsonl
@variflight-ai/variflight-mcp,npm:@variflight-ai/variflight-mcp@1.0.3,15636,searchFlightsByDepArr,concurrency,skip,call-failed,"No call succeeded even one at a time, so there is no correct behaviour to compare against.",runs/census-v5/variflight-ai-variflight-mcp-dt-census-1.dt.jsonl
@nextscope/mcp,npm:@nextscope/mcp@0.3.0,15547,nextscope_clear_traces,idempotency,skip,call-failed,"The first call did not succeed, so no retry behaviour could be observed.",runs/census-v5/nextscope-mcp-dt-census-1.dt.jsonl
@nextscope/mcp,npm:@nextscope/mcp@0.3.0,15547,nextscope_clear_traces,partial-failure,skip,call-failed,"An uninterrupted call did not succeed, so there is no reference effect to interrupt.",runs/census-v5/nextscope-mcp-dt-census-1.dt.jsonl
@nextscope/mcp,npm:@nextscope/mcp@0.3.0,15547,nextscope_clear_traces,upstream-idempotency,skip,no-upstream-call,"The call sent nothing upstream, so there is no remote side effect to retry.",runs/census-v5/nextscope-mcp-dt-census-1.dt.jsonl
@nextscope/mcp,npm:@nextscope/mcp@0.3.0,15547,nextscope_clear_traces,concurrency,skip,call-failed,"No call succeeded even one at a time, so there is no correct behaviour to compare against.",runs/census-v5/nextscope-mcp-dt-census-1.dt.jsonl
@nextscope/mcp,npm:@nextscope/mcp@0.3.0,15547,nextscope_export_trace,idempotency,skip,call-failed,"The first call did not succeed, so no retry behaviour could be observed.",runs/census-v5/nextscope-mcp-dt-census-1.dt.jsonl
@nextscope/mcp,npm:@nextscope/mcp@0.3.0,15547,nextscope_export_trace,partial-failure,skip,call-failed,"An uninterrupted call did not succeed, so there is no reference effect to interrupt.",runs/census-v5/nextscope-mcp-dt-census-1.dt.jsonl
@nextscope/mcp,npm:@nextscope/mcp@0.3.0,15547,nextscope_export_trace,upstream-idempotency,fail,upstream-write-repeated,"The retry re-sends POST localhost:3000/_nextscope/mcp with no idempotency header, and the tool declares no readOnlyHint. Either the retry duplicates a write, or the call is a query and the annotation a gateway would use to know that is missing, both on the live connection and after a reconnect.",runs/census-v5/nextscope-mcp-dt-census-1.dt.jsonl
@nextscope/mcp,npm:@nextscope/mcp@0.3.0,15547,nextscope_export_trace,concurrency,skip,call-failed,"No call succeeded even one at a time, so there is no correct behaviour to compare against.",runs/census-v5/nextscope-mcp-dt-census-1.dt.jsonl
@nextscope/mcp,npm:@nextscope/mcp@0.3.0,15547,nextscope_get_spans,idempotency,skip,call-failed,"The first call did not succeed, so no retry behaviour could be observed.",runs/census-v5/nextscope-mcp-dt-census-1.dt.jsonl
@nextscope/mcp,npm:@nextscope/mcp@0.3.0,15547,nextscope_get_spans,partial-failure,skip,call-failed,"An uninterrupted call did not succeed, so there is no reference effect to interrupt.",runs/census-v5/nextscope-mcp-dt-census-1.dt.jsonl
@nextscope/mcp,npm:@nextscope/mcp@0.3.0,15547,nextscope_get_spans,upstream-idempotency,fail,upstream-write-repeated,"The retry re-sends POST localhost:3000/_nextscope/mcp with no idempotency header, and the tool declares no readOnlyHint. Either the retry duplicates a write, or the call is a query and the annotation a gateway would use to know that is missing, both on the live connection and after a reconnect.",runs/census-v5/nextscope-mcp-dt-census-1.dt.jsonl
@nextscope/mcp,npm:@nextscope/mcp@0.3.0,15547,nextscope_get_spans,concurrency,skip,call-failed,"No call succeeded even one at a time, so there is no correct behaviour to compare against.",runs/census-v5/nextscope-mcp-dt-census-1.dt.jsonl
@nextscope/mcp,npm:@nextscope/mcp@0.3.0,15547,nextscope_get_trace,idempotency,skip,call-failed,"The first call did not succeed, so no retry behaviour could be observed.",runs/census-v5/nextscope-mcp-dt-census-1.dt.jsonl
@nextscope/mcp,npm:@nextscope/mcp@0.3.0,15547,nextscope_get_trace,partial-failure,skip,call-failed,"An uninterrupted call did not succeed, so there is no reference effect to interrupt.",runs/census-v5/nextscope-mcp-dt-census-1.dt.jsonl
@nextscope/mcp,npm:@nextscope/mcp@0.3.0,15547,nextscope_get_trace,upstream-idempotency,fail,upstream-write-repeated,"The retry re-sends POST localhost:3000/_nextscope/mcp with no idempotency header, and the tool declares no readOnlyHint. Either the retry duplicates a write, or the call is a query and the annotation a gateway would use to know that is missing, both on the live connection and after a reconnect.",runs/census-v5/nextscope-mcp-dt-census-1.dt.jsonl
@nextscope/mcp,npm:@nextscope/mcp@0.3.0,15547,nextscope_get_trace,concurrency,skip,call-failed,"No call succeeded even one at a time, so there is no correct behaviour to compare against.",runs/census-v5/nextscope-mcp-dt-census-1.dt.jsonl
@nextscope/mcp,npm:@nextscope/mcp@0.3.0,15547,nextscope_list_servers,answer-stability,pass,answer-reproducible,Two identical calls returned identical answers.,runs/census-v5/nextscope-mcp-dt-census-1.dt.jsonl
@nextscope/mcp,npm:@nextscope/mcp@0.3.0,15547,nextscope_list_servers,idempotency,skip,no-observable-effect,"A successful call produced no observable state change, so retry safety cannot be decided by this oracle.",runs/census-v5/nextscope-mcp-dt-census-1.dt.jsonl
@nextscope/mcp,npm:@nextscope/mcp@0.3.0,15547,nextscope_list_servers,partial-failure,skip,no-observable-effect,"A clean call produced no observable state change, so an interrupted one cannot be judged by this oracle.",runs/census-v5/nextscope-mcp-dt-census-1.dt.jsonl
@nextscope/mcp,npm:@nextscope/mcp@0.3.0,15547,nextscope_list_servers,upstream-idempotency,fail,upstream-write-repeated,"The retry re-sends POST localhost:3000/_nextscope/mcp with no idempotency header, and the tool declares no readOnlyHint. Either the retry duplicates a write, or the call is a query and the annotation a gateway would use to know that is missing, both on the live connection and after a reconnect.",runs/census-v5/nextscope-mcp-dt-census-1.dt.jsonl
@nextscope/mcp,npm:@nextscope/mcp@0.3.0,15547,nextscope_list_servers,concurrency,pass,concurrent-matches-sequential,4 overlapping calls left the same shape of state as the same 4 calls run one at a time.,runs/census-v5/nextscope-mcp-dt-census-1.dt.jsonl
@nextscope/mcp,npm:@nextscope/mcp@0.3.0,15547,nextscope_list_spans,idempotency,skip,call-failed,"The first call did not succeed, so no retry behaviour could be observed.",runs/census-v5/nextscope-mcp-dt-census-1.dt.jsonl
@nextscope/mcp,npm:@nextscope/mcp@0.3.0,15547,nextscope_list_spans,partial-failure,skip,call-failed,"An uninterrupted call did not succeed, so there is no reference effect to interrupt.",runs/census-v5/nextscope-mcp-dt-census-1.dt.jsonl
@nextscope/mcp,npm:@nextscope/mcp@0.3.0,15547,nextscope_list_spans,upstream-idempotency,fail,upstream-write-repeated,"The retry re-sends POST localhost:3000/_nextscope/mcp with no idempotency header, and the tool declares no readOnlyHint. Either the retry duplicates a write, or the call is a query and the annotation a gateway would use to know that is missing, both on the live connection and after a reconnect.",runs/census-v5/nextscope-mcp-dt-census-1.dt.jsonl
@nextscope/mcp,npm:@nextscope/mcp@0.3.0,15547,nextscope_list_spans,concurrency,skip,call-failed,"No call succeeded even one at a time, so there is no correct behaviour to compare against.",runs/census-v5/nextscope-mcp-dt-census-1.dt.jsonl
@atlassian-dc-mcp/jira,npm:@atlassian-dc-mcp/jira@0.34.0,15410,jira_createIssue,answer-stability,pass,answer-reproducible,Two identical calls returned identical answers.,runs/census-v5/atlassian-dc-mcp-jira-dt-census-1.dt.jsonl
@atlassian-dc-mcp/jira,npm:@atlassian-dc-mcp/jira@0.34.0,15410,jira_createIssue,idempotency,skip,no-observable-effect,"A successful call produced no observable state change, so retry safety cannot be decided by this oracle.",runs/census-v5/atlassian-dc-mcp-jira-dt-census-1.dt.jsonl
@atlassian-dc-mcp/jira,npm:@atlassian-dc-mcp/jira@0.34.0,15410,jira_createIssue,partial-failure,skip,no-observable-effect,"A clean call produced no observable state change, so an interrupted one cannot be judged by this oracle.",runs/census-v5/atlassian-dc-mcp-jira-dt-census-1.dt.jsonl
@atlassian-dc-mcp/jira,npm:@atlassian-dc-mcp/jira@0.34.0,15410,jira_createIssue,upstream-idempotency,fail,upstream-write-repeated,"The retry re-sends POST <upstream><placeholder>/api/2/issue with no idempotency header, and the tool declares no readOnlyHint. Either the retry duplicates a write, or the call is a query and the annotation a gateway would use to know that is missing, both on the live connection and after a reconnect.",runs/census-v5/atlassian-dc-mcp-jira-dt-census-1.dt.jsonl
@atlassian-dc-mcp/jira,npm:@atlassian-dc-mcp/jira@0.34.0,15410,jira_createIssue,concurrency,pass,concurrent-matches-sequential,4 overlapping calls left the same shape of state as the same 4 calls run one at a time.,runs/census-v5/atlassian-dc-mcp-jira-dt-census-1.dt.jsonl
@atlassian-dc-mcp/jira,npm:@atlassian-dc-mcp/jira@0.34.0,15410,jira_downloadAttachment,answer-stability,pass,answer-reproducible,Two identical calls returned identical answers.,runs/census-v5/atlassian-dc-mcp-jira-dt-census-1.dt.jsonl
@atlassian-dc-mcp/jira,npm:@atlassian-dc-mcp/jira@0.34.0,15410,jira_downloadAttachment,idempotency,skip,no-observable-effect,"A successful call produced no observable state change, so retry safety cannot be decided by this oracle.",runs/census-v5/atlassian-dc-mcp-jira-dt-census-1.dt.jsonl
@atlassian-dc-mcp/jira,npm:@atlassian-dc-mcp/jira@0.34.0,15410,jira_downloadAttachment,partial-failure,skip,no-observable-effect,"A clean call produced no observable state change, so an interrupted one cannot be judged by this oracle.",runs/census-v5/atlassian-dc-mcp-jira-dt-census-1.dt.jsonl
@atlassian-dc-mcp/jira,npm:@atlassian-dc-mcp/jira@0.34.0,15410,jira_downloadAttachment,upstream-idempotency,skip,no-upstream-call,"The call sent nothing upstream, so there is no remote side effect to retry.",runs/census-v5/atlassian-dc-mcp-jira-dt-census-1.dt.jsonl
@atlassian-dc-mcp/jira,npm:@atlassian-dc-mcp/jira@0.34.0,15410,jira_downloadAttachment,concurrency,skip,no-observable-effect,"Calls succeed but leave nothing this oracle can see, so overlapping them cannot be judged.",runs/census-v5/atlassian-dc-mcp-jira-dt-census-1.dt.jsonl
@atlassian-dc-mcp/jira,npm:@atlassian-dc-mcp/jira@0.34.0,15410,jira_getIssue,answer-stability,pass,answer-reproducible,Two identical calls returned identical answers.,runs/census-v5/atlassian-dc-mcp-jira-dt-census-1.dt.jsonl
@atlassian-dc-mcp/jira,npm:@atlassian-dc-mcp/jira@0.34.0,15410,jira_getIssue,idempotency,skip,no-observable-effect,"A successful call produced no observable state change, so retry safety cannot be decided by this oracle.",runs/census-v5/atlassian-dc-mcp-jira-dt-census-1.dt.jsonl
@atlassian-dc-mcp/jira,npm:@atlassian-dc-mcp/jira@0.34.0,15410,jira_getIssue,partial-failure,skip,no-observable-effect,"A clean call produced no observable state change, so an interrupted one cannot be judged by this oracle.",runs/census-v5/atlassian-dc-mcp-jira-dt-census-1.dt.jsonl
@atlassian-dc-mcp/jira,npm:@atlassian-dc-mcp/jira@0.34.0,15410,jira_getIssue,upstream-idempotency,pass,upstream-reads-only,"The call only reads upstream (GET <upstream><placeholder>/api/2/issue/dt-e25fbd), so a retry cannot duplicate anything, both on the live connection and after a reconnect.",runs/census-v5/atlassian-dc-mcp-jira-dt-census-1.dt.jsonl
@atlassian-dc-mcp/jira,npm:@atlassian-dc-mcp/jira@0.34.0,15410,jira_getIssue,concurrency,skip,no-observable-effect,"Calls succeed but leave nothing this oracle can see, so overlapping them cannot be judged.",runs/census-v5/atlassian-dc-mcp-jira-dt-census-1.dt.jsonl
@atlassian-dc-mcp/jira,npm:@atlassian-dc-mcp/jira@0.34.0,15410,jira_getIssueComments,answer-stability,pass,answer-reproducible,Two identical calls returned identical answers.,runs/census-v5/atlassian-dc-mcp-jira-dt-census-1.dt.jsonl
@atlassian-dc-mcp/jira,npm:@atlassian-dc-mcp/jira@0.34.0,15410,jira_getIssueComments,idempotency,skip,no-observable-effect,"A successful call produced no observable state change, so retry safety cannot be decided by this oracle.",runs/census-v5/atlassian-dc-mcp-jira-dt-census-1.dt.jsonl
@atlassian-dc-mcp/jira,npm:@atlassian-dc-mcp/jira@0.34.0,15410,jira_getIssueComments,partial-failure,skip,no-observable-effect,"A clean call produced no observable state change, so an interrupted one cannot be judged by this oracle.",runs/census-v5/atlassian-dc-mcp-jira-dt-census-1.dt.jsonl
@atlassian-dc-mcp/jira,npm:@atlassian-dc-mcp/jira@0.34.0,15410,jira_getIssueComments,upstream-idempotency,pass,upstream-reads-only,"The call only reads upstream (GET <upstream><placeholder>/api/2/issue/dt-afb862/comment), so a retry cannot duplicate anything, both on the live connection and after a reconnect.",runs/census-v5/atlassian-dc-mcp-jira-dt-census-1.dt.jsonl
@atlassian-dc-mcp/jira,npm:@atlassian-dc-mcp/jira@0.34.0,15410,jira_getIssueComments,concurrency,skip,no-observable-effect,"Calls succeed but leave nothing this oracle can see, so overlapping them cannot be judged.",runs/census-v5/atlassian-dc-mcp-jira-dt-census-1.dt.jsonl
@atlassian-dc-mcp/jira,npm:@atlassian-dc-mcp/jira@0.34.0,15410,jira_getIssueDevelopmentInfo,answer-stability,pass,answer-reproducible,Two identical calls returned identical answers.,runs/census-v5/atlassian-dc-mcp-jira-dt-census-1.dt.jsonl
@atlassian-dc-mcp/jira,npm:@atlassian-dc-mcp/jira@0.34.0,15410,jira_getIssueDevelopmentInfo,idempotency,skip,no-observable-effect,"A successful call produced no observable state change, so retry safety cannot be decided by this oracle.",runs/census-v5/atlassian-dc-mcp-jira-dt-census-1.dt.jsonl
@atlassian-dc-mcp/jira,npm:@atlassian-dc-mcp/jira@0.34.0,15410,jira_getIssueDevelopmentInfo,partial-failure,skip,no-observable-effect,"A clean call produced no observable state change, so an interrupted one cannot be judged by this oracle.",runs/census-v5/atlassian-dc-mcp-jira-dt-census-1.dt.jsonl
@atlassian-dc-mcp/jira,npm:@atlassian-dc-mcp/jira@0.34.0,15410,jira_getIssueDevelopmentInfo,upstream-idempotency,pass,upstream-reads-only,"The call only reads upstream (GET <upstream><placeholder>/api/2/issue/dt-1262d5), so a retry cannot duplicate anything, both on the live connection and after a reconnect.",runs/census-v5/atlassian-dc-mcp-jira-dt-census-1.dt.jsonl
@atlassian-dc-mcp/jira,npm:@atlassian-dc-mcp/jira@0.34.0,15410,jira_getIssueDevelopmentInfo,concurrency,skip,no-observable-effect,"Calls succeed but leave nothing this oracle can see, so overlapping them cannot be judged.",runs/census-v5/atlassian-dc-mcp-jira-dt-census-1.dt.jsonl
@atlassian-dc-mcp/jira,npm:@atlassian-dc-mcp/jira@0.34.0,15410,jira_getIssueLinkTypes,answer-stability,pass,answer-reproducible,Two identical calls returned identical answers.,runs/census-v5/atlassian-dc-mcp-jira-dt-census-1.dt.jsonl
@atlassian-dc-mcp/jira,npm:@atlassian-dc-mcp/jira@0.34.0,15410,jira_getIssueLinkTypes,idempotency,skip,no-observable-effect,"A successful call produced no observable state change, so retry safety cannot be decided by this oracle.",runs/census-v5/atlassian-dc-mcp-jira-dt-census-1.dt.jsonl
@atlassian-dc-mcp/jira,npm:@atlassian-dc-mcp/jira@0.34.0,15410,jira_getIssueLinkTypes,partial-failure,skip,no-observable-effect,"A clean call produced no observable state change, so an interrupted one cannot be judged by this oracle.",runs/census-v5/atlassian-dc-mcp-jira-dt-census-1.dt.jsonl
@atlassian-dc-mcp/jira,npm:@atlassian-dc-mcp/jira@0.34.0,15410,jira_getIssueLinkTypes,upstream-idempotency,pass,upstream-reads-only,"The call only reads upstream (GET <upstream><placeholder>/api/2/issueLinkType), so a retry cannot duplicate anything, both on the live connection and after a reconnect.",runs/census-v5/atlassian-dc-mcp-jira-dt-census-1.dt.jsonl
@atlassian-dc-mcp/jira,npm:@atlassian-dc-mcp/jira@0.34.0,15410,jira_getIssueLinkTypes,concurrency,skip,no-observable-effect,"Calls succeed but leave nothing this oracle can see, so overlapping them cannot be judged.",runs/census-v5/atlassian-dc-mcp-jira-dt-census-1.dt.jsonl
@atlassian-dc-mcp/jira,npm:@atlassian-dc-mcp/jira@0.34.0,15410,jira_getTransitions,answer-stability,pass,answer-reproducible,Two identical calls returned identical answers.,runs/census-v5/atlassian-dc-mcp-jira-dt-census-1.dt.jsonl
@atlassian-dc-mcp/jira,npm:@atlassian-dc-mcp/jira@0.34.0,15410,jira_getTransitions,idempotency,skip,no-observable-effect,"A successful call produced no observable state change, so retry safety cannot be decided by this oracle.",runs/census-v5/atlassian-dc-mcp-jira-dt-census-1.dt.jsonl
@atlassian-dc-mcp/jira,npm:@atlassian-dc-mcp/jira@0.34.0,15410,jira_getTransitions,partial-failure,skip,no-observable-effect,"A clean call produced no observable state change, so an interrupted one cannot be judged by this oracle.",runs/census-v5/atlassian-dc-mcp-jira-dt-census-1.dt.jsonl
@atlassian-dc-mcp/jira,npm:@atlassian-dc-mcp/jira@0.34.0,15410,jira_getTransitions,upstream-idempotency,pass,upstream-reads-only,"The call only reads upstream (GET <upstream><placeholder>/api/2/issue/dt-a3ef87/transitions), so a retry cannot duplicate anything, both on the live connection and after a reconnect.",runs/census-v5/atlassian-dc-mcp-jira-dt-census-1.dt.jsonl
@atlassian-dc-mcp/jira,npm:@atlassian-dc-mcp/jira@0.34.0,15410,jira_getTransitions,concurrency,skip,no-observable-effect,"Calls succeed but leave nothing this oracle can see, so overlapping them cannot be judged.",runs/census-v5/atlassian-dc-mcp-jira-dt-census-1.dt.jsonl
@atlassian-dc-mcp/jira,npm:@atlassian-dc-mcp/jira@0.34.0,15410,jira_linkIssues,answer-stability,pass,answer-reproducible,Two identical calls returned identical answers.,runs/census-v5/atlassian-dc-mcp-jira-dt-census-1.dt.jsonl
@atlassian-dc-mcp/jira,npm:@atlassian-dc-mcp/jira@0.34.0,15410,jira_linkIssues,idempotency,skip,no-observable-effect,"A successful call produced no observable state change, so retry safety cannot be decided by this oracle.",runs/census-v5/atlassian-dc-mcp-jira-dt-census-1.dt.jsonl
@atlassian-dc-mcp/jira,npm:@atlassian-dc-mcp/jira@0.34.0,15410,jira_linkIssues,partial-failure,skip,no-observable-effect,"A clean call produced no observable state change, so an interrupted one cannot be judged by this oracle.",runs/census-v5/atlassian-dc-mcp-jira-dt-census-1.dt.jsonl
@atlassian-dc-mcp/jira,npm:@atlassian-dc-mcp/jira@0.34.0,15410,jira_linkIssues,upstream-idempotency,fail,upstream-write-repeated,"The retry re-sends POST <upstream><placeholder>/api/2/issueLink with no idempotency header, and the tool declares no readOnlyHint. Either the retry duplicates a write, or the call is a query and the annotation a gateway would use to know that is missing, both on the live connection and after a reconnect.",runs/census-v5/atlassian-dc-mcp-jira-dt-census-1.dt.jsonl
@atlassian-dc-mcp/jira,npm:@atlassian-dc-mcp/jira@0.34.0,15410,jira_linkIssues,concurrency,pass,concurrent-matches-sequential,4 overlapping calls left the same shape of state as the same 4 calls run one at a time.,runs/census-v5/atlassian-dc-mcp-jira-dt-census-1.dt.jsonl
@tiberriver256/mcp-server-azure-devops,npm:@tiberriver256/mcp-server-azure-devops@0.1.46,15269,add_pull_request_comment,answer-stability,pass,answer-reproducible,Two identical calls returned identical answers.,runs/census-v5/tiberriver256-mcp-server-azure-devops-dt-census-1.dt.jsonl
@tiberriver256/mcp-server-azure-devops,npm:@tiberriver256/mcp-server-azure-devops@0.1.46,15269,add_pull_request_comment,idempotency,skip,no-observable-effect,"A successful call produced no observable state change, so retry safety cannot be decided by this oracle.",runs/census-v5/tiberriver256-mcp-server-azure-devops-dt-census-1.dt.jsonl
@tiberriver256/mcp-server-azure-devops,npm:@tiberriver256/mcp-server-azure-devops@0.1.46,15269,add_pull_request_comment,partial-failure,skip,no-observable-effect,"A clean call produced no observable state change, so an interrupted one cannot be judged by this oracle.",runs/census-v5/tiberriver256-mcp-server-azure-devops-dt-census-1.dt.jsonl
@tiberriver256/mcp-server-azure-devops,npm:@tiberriver256/mcp-server-azure-devops@0.1.46,15269,add_pull_request_comment,upstream-idempotency,skip,no-upstream-call,"The call sent nothing upstream, so there is no remote side effect to retry.",runs/census-v5/tiberriver256-mcp-server-azure-devops-dt-census-1.dt.jsonl
@tiberriver256/mcp-server-azure-devops,npm:@tiberriver256/mcp-server-azure-devops@0.1.46,15269,add_pull_request_comment,concurrency,skip,no-observable-effect,"Calls succeed but leave nothing this oracle can see, so overlapping them cannot be judged.",runs/census-v5/tiberriver256-mcp-server-azure-devops-dt-census-1.dt.jsonl
@tiberriver256/mcp-server-azure-devops,npm:@tiberriver256/mcp-server-azure-devops@0.1.46,15269,create_branch,answer-stability,pass,answer-reproducible,Two identical calls returned identical answers.,runs/census-v5/tiberriver256-mcp-server-azure-devops-dt-census-1.dt.jsonl
@tiberriver256/mcp-server-azure-devops,npm:@tiberriver256/mcp-server-azure-devops@0.1.46,15269,create_branch,idempotency,skip,no-observable-effect,"A successful call produced no observable state change, so retry safety cannot be decided by this oracle.",runs/census-v5/tiberriver256-mcp-server-azure-devops-dt-census-1.dt.jsonl
@tiberriver256/mcp-server-azure-devops,npm:@tiberriver256/mcp-server-azure-devops@0.1.46,15269,create_branch,partial-failure,skip,no-observable-effect,"A clean call produced no observable state change, so an interrupted one cannot be judged by this oracle.",runs/census-v5/tiberriver256-mcp-server-azure-devops-dt-census-1.dt.jsonl
@tiberriver256/mcp-server-azure-devops,npm:@tiberriver256/mcp-server-azure-devops@0.1.46,15269,create_branch,upstream-idempotency,skip,no-upstream-call,"The call sent nothing upstream, so there is no remote side effect to retry.",runs/census-v5/tiberriver256-mcp-server-azure-devops-dt-census-1.dt.jsonl
@tiberriver256/mcp-server-azure-devops,npm:@tiberriver256/mcp-server-azure-devops@0.1.46,15269,create_branch,concurrency,skip,no-observable-effect,"Calls succeed but leave nothing this oracle can see, so overlapping them cannot be judged.",runs/census-v5/tiberriver256-mcp-server-azure-devops-dt-census-1.dt.jsonl
@tiberriver256/mcp-server-azure-devops,npm:@tiberriver256/mcp-server-azure-devops@0.1.46,15269,create_commit,answer-stability,pass,answer-reproducible,Two identical calls returned identical answers.,runs/census-v5/tiberriver256-mcp-server-azure-devops-dt-census-1.dt.jsonl
@tiberriver256/mcp-server-azure-devops,npm:@tiberriver256/mcp-server-azure-devops@0.1.46,15269,create_commit,idempotency,skip,no-observable-effect,"A successful call produced no observable state change, so retry safety cannot be decided by this oracle.",runs/census-v5/tiberriver256-mcp-server-azure-devops-dt-census-1.dt.jsonl
@tiberriver256/mcp-server-azure-devops,npm:@tiberriver256/mcp-server-azure-devops@0.1.46,15269,create_commit,partial-failure,skip,no-observable-effect,"A clean call produced no observable state change, so an interrupted one cannot be judged by this oracle.",runs/census-v5/tiberriver256-mcp-server-azure-devops-dt-census-1.dt.jsonl
@tiberriver256/mcp-server-azure-devops,npm:@tiberriver256/mcp-server-azure-devops@0.1.46,15269,create_commit,upstream-idempotency,skip,no-upstream-call,"The call sent nothing upstream, so there is no remote side effect to retry.",runs/census-v5/tiberriver256-mcp-server-azure-devops-dt-census-1.dt.jsonl
@tiberriver256/mcp-server-azure-devops,npm:@tiberriver256/mcp-server-azure-devops@0.1.46,15269,create_commit,concurrency,skip,no-observable-effect,"Calls succeed but leave nothing this oracle can see, so overlapping them cannot be judged.",runs/census-v5/tiberriver256-mcp-server-azure-devops-dt-census-1.dt.jsonl
@tiberriver256/mcp-server-azure-devops,npm:@tiberriver256/mcp-server-azure-devops@0.1.46,15269,create_pull_request,answer-stability,pass,answer-reproducible,Two identical calls returned identical answers.,runs/census-v5/tiberriver256-mcp-server-azure-devops-dt-census-1.dt.jsonl
@tiberriver256/mcp-server-azure-devops,npm:@tiberriver256/mcp-server-azure-devops@0.1.46,15269,create_pull_request,idempotency,skip,no-observable-effect,"A successful call produced no observable state change, so retry safety cannot be decided by this oracle.",runs/census-v5/tiberriver256-mcp-server-azure-devops-dt-census-1.dt.jsonl
@tiberriver256/mcp-server-azure-devops,npm:@tiberriver256/mcp-server-azure-devops@0.1.46,15269,create_pull_request,partial-failure,skip,no-observable-effect,"A clean call produced no observable state change, so an interrupted one cannot be judged by this oracle.",runs/census-v5/tiberriver256-mcp-server-azure-devops-dt-census-1.dt.jsonl
@tiberriver256/mcp-server-azure-devops,npm:@tiberriver256/mcp-server-azure-devops@0.1.46,15269,create_pull_request,upstream-idempotency,skip,no-upstream-call,"The call sent nothing upstream, so there is no remote side effect to retry.",runs/census-v5/tiberriver256-mcp-server-azure-devops-dt-census-1.dt.jsonl
@tiberriver256/mcp-server-azure-devops,npm:@tiberriver256/mcp-server-azure-devops@0.1.46,15269,create_pull_request,concurrency,skip,no-observable-effect,"Calls succeed but leave nothing this oracle can see, so overlapping them cannot be judged.",runs/census-v5/tiberriver256-mcp-server-azure-devops-dt-census-1.dt.jsonl
@tiberriver256/mcp-server-azure-devops,npm:@tiberriver256/mcp-server-azure-devops@0.1.46,15269,create_wiki,answer-stability,pass,answer-reproducible,Two identical calls returned identical answers.,runs/census-v5/tiberriver256-mcp-server-azure-devops-dt-census-1.dt.jsonl
@tiberriver256/mcp-server-azure-devops,npm:@tiberriver256/mcp-server-azure-devops@0.1.46,15269,create_wiki,idempotency,skip,no-observable-effect,"A successful call produced no observable state change, so retry safety cannot be decided by this oracle.",runs/census-v5/tiberriver256-mcp-server-azure-devops-dt-census-1.dt.jsonl
@tiberriver256/mcp-server-azure-devops,npm:@tiberriver256/mcp-server-azure-devops@0.1.46,15269,create_wiki,partial-failure,skip,no-observable-effect,"A clean call produced no observable state change, so an interrupted one cannot be judged by this oracle.",runs/census-v5/tiberriver256-mcp-server-azure-devops-dt-census-1.dt.jsonl
@tiberriver256/mcp-server-azure-devops,npm:@tiberriver256/mcp-server-azure-devops@0.1.46,15269,create_wiki,upstream-idempotency,skip,no-upstream-call,"The call sent nothing upstream, so there is no remote side effect to retry.",runs/census-v5/tiberriver256-mcp-server-azure-devops-dt-census-1.dt.jsonl
@tiberriver256/mcp-server-azure-devops,npm:@tiberriver256/mcp-server-azure-devops@0.1.46,15269,create_wiki,concurrency,skip,no-observable-effect,"Calls succeed but leave nothing this oracle can see, so overlapping them cannot be judged.",runs/census-v5/tiberriver256-mcp-server-azure-devops-dt-census-1.dt.jsonl
@tiberriver256/mcp-server-azure-devops,npm:@tiberriver256/mcp-server-azure-devops@0.1.46,15269,create_wiki_page,answer-stability,pass,answer-reproducible,Two identical calls returned identical answers.,runs/census-v5/tiberriver256-mcp-server-azure-devops-dt-census-1.dt.jsonl
@tiberriver256/mcp-server-azure-devops,npm:@tiberriver256/mcp-server-azure-devops@0.1.46,15269,create_wiki_page,idempotency,skip,no-observable-effect,"A successful call produced no observable state change, so retry safety cannot be decided by this oracle.",runs/census-v5/tiberriver256-mcp-server-azure-devops-dt-census-1.dt.jsonl
@tiberriver256/mcp-server-azure-devops,npm:@tiberriver256/mcp-server-azure-devops@0.1.46,15269,create_wiki_page,partial-failure,skip,no-observable-effect,"A clean call produced no observable state change, so an interrupted one cannot be judged by this oracle.",runs/census-v5/tiberriver256-mcp-server-azure-devops-dt-census-1.dt.jsonl
@tiberriver256/mcp-server-azure-devops,npm:@tiberriver256/mcp-server-azure-devops@0.1.46,15269,create_wiki_page,upstream-idempotency,skip,no-upstream-call,"The call sent nothing upstream, so there is no remote side effect to retry.",runs/census-v5/tiberriver256-mcp-server-azure-devops-dt-census-1.dt.jsonl
@tiberriver256/mcp-server-azure-devops,npm:@tiberriver256/mcp-server-azure-devops@0.1.46,15269,create_wiki_page,concurrency,skip,no-observable-effect,"Calls succeed but leave nothing this oracle can see, so overlapping them cannot be judged.",runs/census-v5/tiberriver256-mcp-server-azure-devops-dt-census-1.dt.jsonl
@tiberriver256/mcp-server-azure-devops,npm:@tiberriver256/mcp-server-azure-devops@0.1.46,15269,create_work_item,answer-stability,pass,answer-reproducible,Two identical calls returned identical answers.,runs/census-v5/tiberriver256-mcp-server-azure-devops-dt-census-1.dt.jsonl
@tiberriver256/mcp-server-azure-devops,npm:@tiberriver256/mcp-server-azure-devops@0.1.46,15269,create_work_item,idempotency,skip,no-observable-effect,"A successful call produced no observable state change, so retry safety cannot be decided by this oracle.",runs/census-v5/tiberriver256-mcp-server-azure-devops-dt-census-1.dt.jsonl
@tiberriver256/mcp-server-azure-devops,npm:@tiberriver256/mcp-server-azure-devops@0.1.46,15269,create_work_item,partial-failure,skip,no-observable-effect,"A clean call produced no observable state change, so an interrupted one cannot be judged by this oracle.",runs/census-v5/tiberriver256-mcp-server-azure-devops-dt-census-1.dt.jsonl
@tiberriver256/mcp-server-azure-devops,npm:@tiberriver256/mcp-server-azure-devops@0.1.46,15269,create_work_item,upstream-idempotency,skip,no-upstream-call,"The call sent nothing upstream, so there is no remote side effect to retry.",runs/census-v5/tiberriver256-mcp-server-azure-devops-dt-census-1.dt.jsonl
@tiberriver256/mcp-server-azure-devops,npm:@tiberriver256/mcp-server-azure-devops@0.1.46,15269,create_work_item,concurrency,skip,no-observable-effect,"Calls succeed but leave nothing this oracle can see, so overlapping them cannot be judged.",runs/census-v5/tiberriver256-mcp-server-azure-devops-dt-census-1.dt.jsonl
@tiberriver256/mcp-server-azure-devops,npm:@tiberriver256/mcp-server-azure-devops@0.1.46,15269,download_pipeline_artifact,answer-stability,pass,answer-reproducible,Two identical calls returned identical answers.,runs/census-v5/tiberriver256-mcp-server-azure-devops-dt-census-1.dt.jsonl
@tiberriver256/mcp-server-azure-devops,npm:@tiberriver256/mcp-server-azure-devops@0.1.46,15269,download_pipeline_artifact,idempotency,skip,no-observable-effect,"A successful call produced no observable state change, so retry safety cannot be decided by this oracle.",runs/census-v5/tiberriver256-mcp-server-azure-devops-dt-census-1.dt.jsonl
@tiberriver256/mcp-server-azure-devops,npm:@tiberriver256/mcp-server-azure-devops@0.1.46,15269,download_pipeline_artifact,partial-failure,skip,no-observable-effect,"A clean call produced no observable state change, so an interrupted one cannot be judged by this oracle.",runs/census-v5/tiberriver256-mcp-server-azure-devops-dt-census-1.dt.jsonl
@tiberriver256/mcp-server-azure-devops,npm:@tiberriver256/mcp-server-azure-devops@0.1.46,15269,download_pipeline_artifact,upstream-idempotency,skip,no-upstream-call,"The call sent nothing upstream, so there is no remote side effect to retry.",runs/census-v5/tiberriver256-mcp-server-azure-devops-dt-census-1.dt.jsonl
@tiberriver256/mcp-server-azure-devops,npm:@tiberriver256/mcp-server-azure-devops@0.1.46,15269,download_pipeline_artifact,concurrency,skip,no-observable-effect,"Calls succeed but leave nothing this oracle can see, so overlapping them cannot be judged.",runs/census-v5/tiberriver256-mcp-server-azure-devops-dt-census-1.dt.jsonl
mcp-gsheets,npm:mcp-gsheets@1.10.2,15080,sheets_add_conditional_formatting,answer-stability,pass,answer-reproducible,Two identical calls returned identical answers.,runs/census-v5/mcp-gsheets-dt-census-1.dt.jsonl
mcp-gsheets,npm:mcp-gsheets@1.10.2,15080,sheets_add_conditional_formatting,idempotency,skip,no-observable-effect,"A successful call produced no observable state change, so retry safety cannot be decided by this oracle.",runs/census-v5/mcp-gsheets-dt-census-1.dt.jsonl
mcp-gsheets,npm:mcp-gsheets@1.10.2,15080,sheets_add_conditional_formatting,partial-failure,skip,no-observable-effect,"A clean call produced no observable state change, so an interrupted one cannot be judged by this oracle.",runs/census-v5/mcp-gsheets-dt-census-1.dt.jsonl
mcp-gsheets,npm:mcp-gsheets@1.10.2,15080,sheets_add_conditional_formatting,upstream-idempotency,skip,no-upstream-call,"The call sent nothing upstream, so there is no remote side effect to retry.",runs/census-v5/mcp-gsheets-dt-census-1.dt.jsonl
mcp-gsheets,npm:mcp-gsheets@1.10.2,15080,sheets_add_conditional_formatting,concurrency,skip,no-observable-effect,"Calls succeed but leave nothing this oracle can see, so overlapping them cannot be judged.",runs/census-v5/mcp-gsheets-dt-census-1.dt.jsonl
mcp-gsheets,npm:mcp-gsheets@1.10.2,15080,sheets_add_table,answer-stability,pass,answer-reproducible,Two identical calls returned identical answers.,runs/census-v5/mcp-gsheets-dt-census-1.dt.jsonl
mcp-gsheets,npm:mcp-gsheets@1.10.2,15080,sheets_add_table,idempotency,skip,no-observable-effect,"A successful call produced no observable state change, so retry safety cannot be decided by this oracle.",runs/census-v5/mcp-gsheets-dt-census-1.dt.jsonl
mcp-gsheets,npm:mcp-gsheets@1.10.2,15080,sheets_add_table,partial-failure,skip,no-observable-effect,"A clean call produced no observable state change, so an interrupted one cannot be judged by this oracle.",runs/census-v5/mcp-gsheets-dt-census-1.dt.jsonl
mcp-gsheets,npm:mcp-gsheets@1.10.2,15080,sheets_add_table,upstream-idempotency,skip,no-upstream-call,"The call sent nothing upstream, so there is no remote side effect to retry.",runs/census-v5/mcp-gsheets-dt-census-1.dt.jsonl
mcp-gsheets,npm:mcp-gsheets@1.10.2,15080,sheets_add_table,concurrency,skip,no-observable-effect,"Calls succeed but leave nothing this oracle can see, so overlapping them cannot be judged.",runs/census-v5/mcp-gsheets-dt-census-1.dt.jsonl
mcp-gsheets,npm:mcp-gsheets@1.10.2,15080,sheets_append_values,answer-stability,pass,answer-reproducible,Two identical calls returned identical answers.,runs/census-v5/mcp-gsheets-dt-census-1.dt.jsonl
mcp-gsheets,npm:mcp-gsheets@1.10.2,15080,sheets_append_values,idempotency,skip,no-observable-effect,"A successful call produced no observable state change, so retry safety cannot be decided by this oracle.",runs/census-v5/mcp-gsheets-dt-census-1.dt.jsonl
mcp-gsheets,npm:mcp-gsheets@1.10.2,15080,sheets_append_values,partial-failure,skip,no-observable-effect,"A clean call produced no observable state change, so an interrupted one cannot be judged by this oracle.",runs/census-v5/mcp-gsheets-dt-census-1.dt.jsonl
mcp-gsheets,npm:mcp-gsheets@1.10.2,15080,sheets_append_values,upstream-idempotency,skip,no-upstream-call,"The call sent nothing upstream, so there is no remote side effect to retry.",runs/census-v5/mcp-gsheets-dt-census-1.dt.jsonl
mcp-gsheets,npm:mcp-gsheets@1.10.2,15080,sheets_append_values,concurrency,skip,no-observable-effect,"Calls succeed but leave nothing this oracle can see, so overlapping them cannot be judged.",runs/census-v5/mcp-gsheets-dt-census-1.dt.jsonl
mcp-gsheets,npm:mcp-gsheets@1.10.2,15080,sheets_batch_delete_sheets,answer-stability,pass,answer-reproducible,Two identical calls returned identical answers.,runs/census-v5/mcp-gsheets-dt-census-1.dt.jsonl
mcp-gsheets,npm:mcp-gsheets@1.10.2,15080,sheets_batch_delete_sheets,idempotency,skip,no-observable-effect,"A successful call produced no observable state change, so retry safety cannot be decided by this oracle.",runs/census-v5/mcp-gsheets-dt-census-1.dt.jsonl
mcp-gsheets,npm:mcp-gsheets@1.10.2,15080,sheets_batch_delete_sheets,partial-failure,skip,no-observable-effect,"A clean call produced no observable state change, so an interrupted one cannot be judged by this oracle.",runs/census-v5/mcp-gsheets-dt-census-1.dt.jsonl
mcp-gsheets,npm:mcp-gsheets@1.10.2,15080,sheets_batch_delete_sheets,upstream-idempotency,skip,no-upstream-call,"The call sent nothing upstream, so there is no remote side effect to retry.",runs/census-v5/mcp-gsheets-dt-census-1.dt.jsonl
mcp-gsheets,npm:mcp-gsheets@1.10.2,15080,sheets_batch_delete_sheets,concurrency,skip,no-observable-effect,"Calls succeed but leave nothing this oracle can see, so overlapping them cannot be judged.",runs/census-v5/mcp-gsheets-dt-census-1.dt.jsonl
mcp-gsheets,npm:mcp-gsheets@1.10.2,15080,sheets_batch_format_cells,answer-stability,pass,answer-reproducible,Two identical calls returned identical answers.,runs/census-v5/mcp-gsheets-dt-census-1.dt.jsonl
mcp-gsheets,npm:mcp-gsheets@1.10.2,15080,sheets_batch_format_cells,idempotency,skip,no-observable-effect,"A successful call produced no observable state change, so retry safety cannot be decided by this oracle.",runs/census-v5/mcp-gsheets-dt-census-1.dt.jsonl
mcp-gsheets,npm:mcp-gsheets@1.10.2,15080,sheets_batch_format_cells,partial-failure,skip,no-observable-effect,"A clean call produced no observable state change, so an interrupted one cannot be judged by this oracle.",runs/census-v5/mcp-gsheets-dt-census-1.dt.jsonl
mcp-gsheets,npm:mcp-gsheets@1.10.2,15080,sheets_batch_format_cells,upstream-idempotency,skip,no-upstream-call,"The call sent nothing upstream, so there is no remote side effect to retry.",runs/census-v5/mcp-gsheets-dt-census-1.dt.jsonl
mcp-gsheets,npm:mcp-gsheets@1.10.2,15080,sheets_batch_format_cells,concurrency,skip,no-observable-effect,"Calls succeed but leave nothing this oracle can see, so overlapping them cannot be judged.",runs/census-v5/mcp-gsheets-dt-census-1.dt.jsonl
mcp-gsheets,npm:mcp-gsheets@1.10.2,15080,sheets_batch_get_values,answer-stability,pass,answer-reproducible,Two identical calls returned identical answers.,runs/census-v5/mcp-gsheets-dt-census-1.dt.jsonl
mcp-gsheets,npm:mcp-gsheets@1.10.2,15080,sheets_batch_get_values,idempotency,pass,read-only-confirmed,Declares readOnlyHint: true and a successful call left the observable state unchanged.,runs/census-v5/mcp-gsheets-dt-census-1.dt.jsonl
mcp-gsheets,npm:mcp-gsheets@1.10.2,15080,sheets_batch_get_values,partial-failure,skip,read-only-confirmed,"The tool declares readOnlyHint, so there is no effect to leave half done.",runs/census-v5/mcp-gsheets-dt-census-1.dt.jsonl
mcp-gsheets,npm:mcp-gsheets@1.10.2,15080,sheets_batch_get_values,upstream-idempotency,skip,no-upstream-call,"The call sent nothing upstream, so there is no remote side effect to retry.",runs/census-v5/mcp-gsheets-dt-census-1.dt.jsonl
mcp-gsheets,npm:mcp-gsheets@1.10.2,15080,sheets_batch_get_values,concurrency,skip,read-only-confirmed,"The tool declares readOnlyHint, so overlapping calls have nothing to corrupt.",runs/census-v5/mcp-gsheets-dt-census-1.dt.jsonl
mcp-gsheets,npm:mcp-gsheets@1.10.2,15080,sheets_batch_update_values,answer-stability,pass,answer-reproducible,Two identical calls returned identical answers.,runs/census-v5/mcp-gsheets-dt-census-1.dt.jsonl
mcp-gsheets,npm:mcp-gsheets@1.10.2,15080,sheets_batch_update_values,idempotency,skip,no-observable-effect,"A successful call produced no observable state change, so retry safety cannot be decided by this oracle.",runs/census-v5/mcp-gsheets-dt-census-1.dt.jsonl
mcp-gsheets,npm:mcp-gsheets@1.10.2,15080,sheets_batch_update_values,partial-failure,skip,no-observable-effect,"A clean call produced no observable state change, so an interrupted one cannot be judged by this oracle.",runs/census-v5/mcp-gsheets-dt-census-1.dt.jsonl
mcp-gsheets,npm:mcp-gsheets@1.10.2,15080,sheets_batch_update_values,upstream-idempotency,skip,no-upstream-call,"The call sent nothing upstream, so there is no remote side effect to retry.",runs/census-v5/mcp-gsheets-dt-census-1.dt.jsonl
mcp-gsheets,npm:mcp-gsheets@1.10.2,15080,sheets_batch_update_values,concurrency,skip,no-observable-effect,"Calls succeed but leave nothing this oracle can see, so overlapping them cannot be judged.",runs/census-v5/mcp-gsheets-dt-census-1.dt.jsonl
mcp-gsheets,npm:mcp-gsheets@1.10.2,15080,sheets_check_access,answer-stability,pass,answer-reproducible,Two identical calls returned identical answers.,runs/census-v5/mcp-gsheets-dt-census-1.dt.jsonl
mcp-gsheets,npm:mcp-gsheets@1.10.2,15080,sheets_check_access,idempotency,pass,read-only-confirmed,Declares readOnlyHint: true and a successful call left the observable state unchanged.,runs/census-v5/mcp-gsheets-dt-census-1.dt.jsonl
mcp-gsheets,npm:mcp-gsheets@1.10.2,15080,sheets_check_access,partial-failure,skip,read-only-confirmed,"The tool declares readOnlyHint, so there is no effect to leave half done.",runs/census-v5/mcp-gsheets-dt-census-1.dt.jsonl
mcp-gsheets,npm:mcp-gsheets@1.10.2,15080,sheets_check_access,upstream-idempotency,skip,no-upstream-call,"The call sent nothing upstream, so there is no remote side effect to retry.",runs/census-v5/mcp-gsheets-dt-census-1.dt.jsonl
mcp-gsheets,npm:mcp-gsheets@1.10.2,15080,sheets_check_access,concurrency,skip,read-only-confirmed,"The tool declares readOnlyHint, so overlapping calls have nothing to corrupt.",runs/census-v5/mcp-gsheets-dt-census-1.dt.jsonl
@skanda-yutori/mcp-send-email,npm:@skanda-yutori/mcp-send-email@1.0.0,14368,send-email,answer-stability,pass,answer-reproducible,Two identical calls returned identical answers.,runs/census-v5/skanda-yutori-mcp-send-email-dt-census-1.dt.jsonl
@skanda-yutori/mcp-send-email,npm:@skanda-yutori/mcp-send-email@1.0.0,14368,send-email,idempotency,skip,no-observable-effect,"A successful call produced no observable state change, so retry safety cannot be decided by this oracle.",runs/census-v5/skanda-yutori-mcp-send-email-dt-census-1.dt.jsonl
@skanda-yutori/mcp-send-email,npm:@skanda-yutori/mcp-send-email@1.0.0,14368,send-email,partial-failure,skip,no-observable-effect,"A clean call produced no observable state change, so an interrupted one cannot be judged by this oracle.",runs/census-v5/skanda-yutori-mcp-send-email-dt-census-1.dt.jsonl
@skanda-yutori/mcp-send-email,npm:@skanda-yutori/mcp-send-email@1.0.0,14368,send-email,upstream-idempotency,fail,upstream-write-repeated,"The retry re-sends POST api.resend.com/emails with no idempotency header, and the tool declares no readOnlyHint. Either the retry duplicates a write, or the call is a query and the annotation a gateway would use to know that is missing, both on the live connection and after a reconnect.",runs/census-v5/skanda-yutori-mcp-send-email-dt-census-1.dt.jsonl
@skanda-yutori/mcp-send-email,npm:@skanda-yutori/mcp-send-email@1.0.0,14368,send-email,concurrency,pass,concurrent-matches-sequential,4 overlapping calls left the same shape of state as the same 4 calls run one at a time.,runs/census-v5/skanda-yutori-mcp-send-email-dt-census-1.dt.jsonl
@rebasepro/mcp,npm:@rebasepro/mcp@0.17.3,14244,create_document,idempotency,skip,call-failed,"The first call did not succeed, so no retry behaviour could be observed.",runs/census-v5/rebasepro-mcp-dt-census-1.dt.jsonl
@rebasepro/mcp,npm:@rebasepro/mcp@0.17.3,14244,create_document,partial-failure,skip,call-failed,"An uninterrupted call did not succeed, so there is no reference effect to interrupt.",runs/census-v5/rebasepro-mcp-dt-census-1.dt.jsonl
@rebasepro/mcp,npm:@rebasepro/mcp@0.17.3,14244,create_document,upstream-idempotency,skip,no-upstream-call,"The call sent nothing upstream, so there is no remote side effect to retry.",runs/census-v5/rebasepro-mcp-dt-census-1.dt.jsonl
@rebasepro/mcp,npm:@rebasepro/mcp@0.17.3,14244,create_document,concurrency,skip,call-failed,"No call succeeded even one at a time, so there is no correct behaviour to compare against.",runs/census-v5/rebasepro-mcp-dt-census-1.dt.jsonl
@rebasepro/mcp,npm:@rebasepro/mcp@0.17.3,14244,create_user,idempotency,skip,call-failed,"The first call did not succeed, so no retry behaviour could be observed.",runs/census-v5/rebasepro-mcp-dt-census-1.dt.jsonl
@rebasepro/mcp,npm:@rebasepro/mcp@0.17.3,14244,create_user,partial-failure,skip,call-failed,"An uninterrupted call did not succeed, so there is no reference effect to interrupt.",runs/census-v5/rebasepro-mcp-dt-census-1.dt.jsonl
@rebasepro/mcp,npm:@rebasepro/mcp@0.17.3,14244,create_user,upstream-idempotency,skip,no-upstream-call,"The call sent nothing upstream, so there is no remote side effect to retry.",runs/census-v5/rebasepro-mcp-dt-census-1.dt.jsonl
@rebasepro/mcp,npm:@rebasepro/mcp@0.17.3,14244,create_user,concurrency,skip,call-failed,"No call succeeded even one at a time, so there is no correct behaviour to compare against.",runs/census-v5/rebasepro-mcp-dt-census-1.dt.jsonl
@rebasepro/mcp,npm:@rebasepro/mcp@0.17.3,14244,cron_get_job,answer-stability,pass,answer-reproducible,Two identical calls returned identical answers.,runs/census-v5/rebasepro-mcp-dt-census-1.dt.jsonl
@rebasepro/mcp,npm:@rebasepro/mcp@0.17.3,14244,cron_get_job,idempotency,skip,no-observable-effect,"A successful call produced no observable state change, so retry safety cannot be decided by this oracle.",runs/census-v5/rebasepro-mcp-dt-census-1.dt.jsonl
@rebasepro/mcp,npm:@rebasepro/mcp@0.17.3,14244,cron_get_job,partial-failure,skip,no-observable-effect,"A clean call produced no observable state change, so an interrupted one cannot be judged by this oracle.",runs/census-v5/rebasepro-mcp-dt-census-1.dt.jsonl
@rebasepro/mcp,npm:@rebasepro/mcp@0.17.3,14244,cron_get_job,upstream-idempotency,pass,upstream-reads-only,"The call only reads upstream (GET <upstream>/api/cron/dt-681c02), so a retry cannot duplicate anything, both on the live connection and after a reconnect.",runs/census-v5/rebasepro-mcp-dt-census-1.dt.jsonl
@rebasepro/mcp,npm:@rebasepro/mcp@0.17.3,14244,cron_get_job,concurrency,skip,no-observable-effect,"Calls succeed but leave nothing this oracle can see, so overlapping them cannot be judged.",runs/census-v5/rebasepro-mcp-dt-census-1.dt.jsonl
@rebasepro/mcp,npm:@rebasepro/mcp@0.17.3,14244,cron_get_job_logs,answer-stability,pass,answer-reproducible,Two identical calls returned identical answers.,runs/census-v5/rebasepro-mcp-dt-census-1.dt.jsonl
@rebasepro/mcp,npm:@rebasepro/mcp@0.17.3,14244,cron_get_job_logs,idempotency,skip,no-observable-effect,"A successful call produced no observable state change, so retry safety cannot be decided by this oracle.",runs/census-v5/rebasepro-mcp-dt-census-1.dt.jsonl
@rebasepro/mcp,npm:@rebasepro/mcp@0.17.3,14244,cron_get_job_logs,partial-failure,skip,no-observable-effect,"A clean call produced no observable state change, so an interrupted one cannot be judged by this oracle.",runs/census-v5/rebasepro-mcp-dt-census-1.dt.jsonl
@rebasepro/mcp,npm:@rebasepro/mcp@0.17.3,14244,cron_get_job_logs,upstream-idempotency,pass,upstream-reads-only,"The call only reads upstream (GET <upstream>/api/cron/dt-6ec41e/logs), so a retry cannot duplicate anything, both on the live connection and after a reconnect.",runs/census-v5/rebasepro-mcp-dt-census-1.dt.jsonl
@rebasepro/mcp,npm:@rebasepro/mcp@0.17.3,14244,cron_get_job_logs,concurrency,skip,no-observable-effect,"Calls succeed but leave nothing this oracle can see, so overlapping them cannot be judged.",runs/census-v5/rebasepro-mcp-dt-census-1.dt.jsonl
@rebasepro/mcp,npm:@rebasepro/mcp@0.17.3,14244,cron_list_jobs,answer-stability,pass,answer-reproducible,Two identical calls returned identical answers.,runs/census-v5/rebasepro-mcp-dt-census-1.dt.jsonl
@rebasepro/mcp,npm:@rebasepro/mcp@0.17.3,14244,cron_list_jobs,idempotency,skip,no-observable-effect,"A successful call produced no observable state change, so retry safety cannot be decided by this oracle.",runs/census-v5/rebasepro-mcp-dt-census-1.dt.jsonl
@rebasepro/mcp,npm:@rebasepro/mcp@0.17.3,14244,cron_list_jobs,partial-failure,skip,no-observable-effect,"A clean call produced no observable state change, so an interrupted one cannot be judged by this oracle.",runs/census-v5/rebasepro-mcp-dt-census-1.dt.jsonl
@rebasepro/mcp,npm:@rebasepro/mcp@0.17.3,14244,cron_list_jobs,upstream-idempotency,pass,upstream-reads-only,"The call only reads upstream (GET <upstream>/api/cron), so a retry cannot duplicate anything, both on the live connection and after a reconnect.",runs/census-v5/rebasepro-mcp-dt-census-1.dt.jsonl
@rebasepro/mcp,npm:@rebasepro/mcp@0.17.3,14244,cron_list_jobs,concurrency,skip,no-observable-effect,"Calls succeed but leave nothing this oracle can see, so overlapping them cannot be judged.",runs/census-v5/rebasepro-mcp-dt-census-1.dt.jsonl
@rebasepro/mcp,npm:@rebasepro/mcp@0.17.3,14244,cron_toggle_job,idempotency,skip,call-failed,"The first call did not succeed, so no retry behaviour could be observed.",runs/census-v5/rebasepro-mcp-dt-census-1.dt.jsonl
@rebasepro/mcp,npm:@rebasepro/mcp@0.17.3,14244,cron_toggle_job,partial-failure,skip,call-failed,"An uninterrupted call did not succeed, so there is no reference effect to interrupt.",runs/census-v5/rebasepro-mcp-dt-census-1.dt.jsonl
@rebasepro/mcp,npm:@rebasepro/mcp@0.17.3,14244,cron_toggle_job,upstream-idempotency,skip,no-upstream-call,"The call sent nothing upstream, so there is no remote side effect to retry.",runs/census-v5/rebasepro-mcp-dt-census-1.dt.jsonl
@rebasepro/mcp,npm:@rebasepro/mcp@0.17.3,14244,cron_toggle_job,concurrency,skip,call-failed,"No call succeeded even one at a time, so there is no correct behaviour to compare against.",runs/census-v5/rebasepro-mcp-dt-census-1.dt.jsonl
@rebasepro/mcp,npm:@rebasepro/mcp@0.17.3,14244,cron_trigger_job,idempotency,skip,call-failed,"The first call did not succeed, so no retry behaviour could be observed.",runs/census-v5/rebasepro-mcp-dt-census-1.dt.jsonl
@rebasepro/mcp,npm:@rebasepro/mcp@0.17.3,14244,cron_trigger_job,partial-failure,skip,call-failed,"An uninterrupted call did not succeed, so there is no reference effect to interrupt.",runs/census-v5/rebasepro-mcp-dt-census-1.dt.jsonl
@rebasepro/mcp,npm:@rebasepro/mcp@0.17.3,14244,cron_trigger_job,upstream-idempotency,skip,no-upstream-call,"The call sent nothing upstream, so there is no remote side effect to retry.",runs/census-v5/rebasepro-mcp-dt-census-1.dt.jsonl
@rebasepro/mcp,npm:@rebasepro/mcp@0.17.3,14244,cron_trigger_job,concurrency,skip,call-failed,"No call succeeded even one at a time, so there is no correct behaviour to compare against.",runs/census-v5/rebasepro-mcp-dt-census-1.dt.jsonl
@rebasepro/mcp,npm:@rebasepro/mcp@0.17.3,14244,delete_document,idempotency,skip,call-failed,"The first call did not succeed, so no retry behaviour could be observed.",runs/census-v5/rebasepro-mcp-dt-census-1.dt.jsonl
@rebasepro/mcp,npm:@rebasepro/mcp@0.17.3,14244,delete_document,partial-failure,skip,call-failed,"An uninterrupted call did not succeed, so there is no reference effect to interrupt.",runs/census-v5/rebasepro-mcp-dt-census-1.dt.jsonl
@rebasepro/mcp,npm:@rebasepro/mcp@0.17.3,14244,delete_document,upstream-idempotency,skip,no-upstream-call,"The call sent nothing upstream, so there is no remote side effect to retry.",runs/census-v5/rebasepro-mcp-dt-census-1.dt.jsonl
@rebasepro/mcp,npm:@rebasepro/mcp@0.17.3,14244,delete_document,concurrency,skip,call-failed,"No call succeeded even one at a time, so there is no correct behaviour to compare against.",runs/census-v5/rebasepro-mcp-dt-census-1.dt.jsonl
malicious-mcp-server,npm:malicious-mcp-server@1.5.0,13851,codeGenerator,answer-stability,pass,answer-reproducible,Two identical calls returned identical answers.,runs/census-v5/malicious-mcp-server-dt-census-1.dt.jsonl
malicious-mcp-server,npm:malicious-mcp-server@1.5.0,13851,codeGenerator,idempotency,skip,no-observable-effect,"A successful call produced no observable state change, so retry safety cannot be decided by this oracle.",runs/census-v5/malicious-mcp-server-dt-census-1.dt.jsonl
malicious-mcp-server,npm:malicious-mcp-server@1.5.0,13851,codeGenerator,partial-failure,skip,no-observable-effect,"A clean call produced no observable state change, so an interrupted one cannot be judged by this oracle.",runs/census-v5/malicious-mcp-server-dt-census-1.dt.jsonl
malicious-mcp-server,npm:malicious-mcp-server@1.5.0,13851,codeGenerator,upstream-idempotency,skip,no-upstream-call,"The call sent nothing upstream, so there is no remote side effect to retry.",runs/census-v5/malicious-mcp-server-dt-census-1.dt.jsonl
malicious-mcp-server,npm:malicious-mcp-server@1.5.0,13851,codeGenerator,concurrency,skip,no-observable-effect,"Calls succeed but leave nothing this oracle can see, so overlapping them cannot be judged.",runs/census-v5/malicious-mcp-server-dt-census-1.dt.jsonl
malicious-mcp-server,npm:malicious-mcp-server@1.5.0,13851,customerDataProvider,answer-stability,pass,answer-reproducible,Two identical calls returned identical answers.,runs/census-v5/malicious-mcp-server-dt-census-1.dt.jsonl
malicious-mcp-server,npm:malicious-mcp-server@1.5.0,13851,customerDataProvider,idempotency,skip,no-observable-effect,"A successful call produced no observable state change, so retry safety cannot be decided by this oracle.",runs/census-v5/malicious-mcp-server-dt-census-1.dt.jsonl
malicious-mcp-server,npm:malicious-mcp-server@1.5.0,13851,customerDataProvider,partial-failure,skip,no-observable-effect,"A clean call produced no observable state change, so an interrupted one cannot be judged by this oracle.",runs/census-v5/malicious-mcp-server-dt-census-1.dt.jsonl
malicious-mcp-server,npm:malicious-mcp-server@1.5.0,13851,customerDataProvider,upstream-idempotency,skip,no-upstream-call,"The call sent nothing upstream, so there is no remote side effect to retry.",runs/census-v5/malicious-mcp-server-dt-census-1.dt.jsonl
malicious-mcp-server,npm:malicious-mcp-server@1.5.0,13851,customerDataProvider,concurrency,skip,no-observable-effect,"Calls succeed but leave nothing this oracle can see, so overlapping them cannot be judged.",runs/census-v5/malicious-mcp-server-dt-census-1.dt.jsonl
malicious-mcp-server,npm:malicious-mcp-server@1.5.0,13851,echo,answer-stability,pass,answer-reproducible,Two identical calls returned identical answers.,runs/census-v5/malicious-mcp-server-dt-census-1.dt.jsonl
malicious-mcp-server,npm:malicious-mcp-server@1.5.0,13851,echo,idempotency,skip,no-observable-effect,"A successful call produced no observable state change, so retry safety cannot be decided by this oracle.",runs/census-v5/malicious-mcp-server-dt-census-1.dt.jsonl
malicious-mcp-server,npm:malicious-mcp-server@1.5.0,13851,echo,partial-failure,skip,no-observable-effect,"A clean call produced no observable state change, so an interrupted one cannot be judged by this oracle.",runs/census-v5/malicious-mcp-server-dt-census-1.dt.jsonl
malicious-mcp-server,npm:malicious-mcp-server@1.5.0,13851,echo,upstream-idempotency,skip,no-upstream-call,"The call sent nothing upstream, so there is no remote side effect to retry.",runs/census-v5/malicious-mcp-server-dt-census-1.dt.jsonl
malicious-mcp-server,npm:malicious-mcp-server@1.5.0,13851,echo,concurrency,skip,no-observable-effect,"Calls succeed but leave nothing this oracle can see, so overlapping them cannot be judged.",runs/census-v5/malicious-mcp-server-dt-census-1.dt.jsonl
malicious-mcp-server,npm:malicious-mcp-server@1.5.0,13851,messageFormatter,answer-stability,pass,answer-reproducible,Two identical calls returned identical answers.,runs/census-v5/malicious-mcp-server-dt-census-1.dt.jsonl
malicious-mcp-server,npm:malicious-mcp-server@1.5.0,13851,messageFormatter,idempotency,skip,no-observable-effect,"A successful call produced no observable state change, so retry safety cannot be decided by this oracle.",runs/census-v5/malicious-mcp-server-dt-census-1.dt.jsonl
malicious-mcp-server,npm:malicious-mcp-server@1.5.0,13851,messageFormatter,partial-failure,skip,no-observable-effect,"A clean call produced no observable state change, so an interrupted one cannot be judged by this oracle.",runs/census-v5/malicious-mcp-server-dt-census-1.dt.jsonl
malicious-mcp-server,npm:malicious-mcp-server@1.5.0,13851,messageFormatter,upstream-idempotency,skip,no-upstream-call,"The call sent nothing upstream, so there is no remote side effect to retry.",runs/census-v5/malicious-mcp-server-dt-census-1.dt.jsonl
malicious-mcp-server,npm:malicious-mcp-server@1.5.0,13851,messageFormatter,concurrency,skip,no-observable-effect,"Calls succeed but leave nothing this oracle can see, so overlapping them cannot be judged.",runs/census-v5/malicious-mcp-server-dt-census-1.dt.jsonl
malicious-mcp-server,npm:malicious-mcp-server@1.5.0,13851,promptGuardTriggerer,answer-stability,pass,answer-reproducible,Two identical calls returned identical answers.,runs/census-v5/malicious-mcp-server-dt-census-1.dt.jsonl
malicious-mcp-server,npm:malicious-mcp-server@1.5.0,13851,promptGuardTriggerer,idempotency,skip,no-observable-effect,"A successful call produced no observable state change, so retry safety cannot be decided by this oracle.",runs/census-v5/malicious-mcp-server-dt-census-1.dt.jsonl
malicious-mcp-server,npm:malicious-mcp-server@1.5.0,13851,promptGuardTriggerer,partial-failure,skip,no-observable-effect,"A clean call produced no observable state change, so an interrupted one cannot be judged by this oracle.",runs/census-v5/malicious-mcp-server-dt-census-1.dt.jsonl
malicious-mcp-server,npm:malicious-mcp-server@1.5.0,13851,promptGuardTriggerer,upstream-idempotency,skip,no-upstream-call,"The call sent nothing upstream, so there is no remote side effect to retry.",runs/census-v5/malicious-mcp-server-dt-census-1.dt.jsonl
malicious-mcp-server,npm:malicious-mcp-server@1.5.0,13851,promptGuardTriggerer,concurrency,skip,no-observable-effect,"Calls succeed but leave nothing this oracle can see, so overlapping them cannot be judged.",runs/census-v5/malicious-mcp-server-dt-census-1.dt.jsonl
malicious-mcp-server,npm:malicious-mcp-server@1.5.0,13851,timeout,idempotency,skip,call-failed,"The first call did not succeed, so no retry behaviour could be observed.",runs/census-v5/malicious-mcp-server-dt-census-1.dt.jsonl
malicious-mcp-server,npm:malicious-mcp-server@1.5.0,13851,timeout,partial-failure,skip,call-failed,"An uninterrupted call did not succeed, so there is no reference effect to interrupt.",runs/census-v5/malicious-mcp-server-dt-census-1.dt.jsonl
malicious-mcp-server,npm:malicious-mcp-server@1.5.0,13851,timeout,upstream-idempotency,skip,no-upstream-call,"The call sent nothing upstream, so there is no remote side effect to retry.",runs/census-v5/malicious-mcp-server-dt-census-1.dt.jsonl
malicious-mcp-server,npm:malicious-mcp-server@1.5.0,13851,timeout,concurrency,skip,call-failed,"No call succeeded even one at a time, so there is no correct behaviour to compare against.",runs/census-v5/malicious-mcp-server-dt-census-1.dt.jsonl
malicious-mcp-server,npm:malicious-mcp-server@1.5.0,13851,tokenInputReceiver,answer-stability,pass,answer-reproducible,Two identical calls returned identical answers.,runs/census-v5/malicious-mcp-server-dt-census-1.dt.jsonl
malicious-mcp-server,npm:malicious-mcp-server@1.5.0,13851,tokenInputReceiver,idempotency,skip,no-observable-effect,"A successful call produced no observable state change, so retry safety cannot be decided by this oracle.",runs/census-v5/malicious-mcp-server-dt-census-1.dt.jsonl
malicious-mcp-server,npm:malicious-mcp-server@1.5.0,13851,tokenInputReceiver,partial-failure,skip,no-observable-effect,"A clean call produced no observable state change, so an interrupted one cannot be judged by this oracle.",runs/census-v5/malicious-mcp-server-dt-census-1.dt.jsonl
malicious-mcp-server,npm:malicious-mcp-server@1.5.0,13851,tokenInputReceiver,upstream-idempotency,skip,no-upstream-call,"The call sent nothing upstream, so there is no remote side effect to retry.",runs/census-v5/malicious-mcp-server-dt-census-1.dt.jsonl
malicious-mcp-server,npm:malicious-mcp-server@1.5.0,13851,tokenInputReceiver,concurrency,skip,no-observable-effect,"Calls succeed but leave nothing this oracle can see, so overlapping them cannot be judged.",runs/census-v5/malicious-mcp-server-dt-census-1.dt.jsonl
hyperbrowser-mcp,npm:hyperbrowser-mcp@1.0.25,13699,browser_use_agent,idempotency,skip,call-failed,"The first call did not succeed, so no retry behaviour could be observed.",runs/census-v5/hyperbrowser-mcp-dt-census-1.dt.jsonl
hyperbrowser-mcp,npm:hyperbrowser-mcp@1.0.25,13699,browser_use_agent,partial-failure,skip,call-failed,"An uninterrupted call did not succeed, so there is no reference effect to interrupt.",runs/census-v5/hyperbrowser-mcp-dt-census-1.dt.jsonl
hyperbrowser-mcp,npm:hyperbrowser-mcp@1.0.25,13699,browser_use_agent,upstream-idempotency,fail,upstream-write-repeated,"The retry re-sends POST app.hyperbrowser.ai/api/task/browser-use with no idempotency header, and the tool declares no readOnlyHint. Either the retry duplicates a write, or the call is a query and the annotation a gateway would use to know that is missing, both on the live connection and after a reconnect.",runs/census-v5/hyperbrowser-mcp-dt-census-1.dt.jsonl
hyperbrowser-mcp,npm:hyperbrowser-mcp@1.0.25,13699,browser_use_agent,concurrency,skip,call-failed,"No call succeeded even one at a time, so there is no correct behaviour to compare against.",runs/census-v5/hyperbrowser-mcp-dt-census-1.dt.jsonl
hyperbrowser-mcp,npm:hyperbrowser-mcp@1.0.25,13699,claude_computer_use_agent,idempotency,skip,call-failed,"The first call did not succeed, so no retry behaviour could be observed.",runs/census-v5/hyperbrowser-mcp-dt-census-1.dt.jsonl
hyperbrowser-mcp,npm:hyperbrowser-mcp@1.0.25,13699,claude_computer_use_agent,partial-failure,skip,call-failed,"An uninterrupted call did not succeed, so there is no reference effect to interrupt.",runs/census-v5/hyperbrowser-mcp-dt-census-1.dt.jsonl
hyperbrowser-mcp,npm:hyperbrowser-mcp@1.0.25,13699,claude_computer_use_agent,upstream-idempotency,fail,upstream-write-repeated,"The retry re-sends POST app.hyperbrowser.ai/api/task/claude-computer-use with no idempotency header, and the tool declares no readOnlyHint. Either the retry duplicates a write, or the call is a query and the annotation a gateway would use to know that is missing, both on the live connection and after a reconnect.",runs/census-v5/hyperbrowser-mcp-dt-census-1.dt.jsonl
hyperbrowser-mcp,npm:hyperbrowser-mcp@1.0.25,13699,claude_computer_use_agent,concurrency,skip,call-failed,"No call succeeded even one at a time, so there is no correct behaviour to compare against.",runs/census-v5/hyperbrowser-mcp-dt-census-1.dt.jsonl
hyperbrowser-mcp,npm:hyperbrowser-mcp@1.0.25,13699,crawl_webpages,idempotency,skip,call-failed,"The first call did not succeed, so no retry behaviour could be observed.",runs/census-v5/hyperbrowser-mcp-dt-census-1.dt.jsonl
hyperbrowser-mcp,npm:hyperbrowser-mcp@1.0.25,13699,crawl_webpages,partial-failure,skip,call-failed,"An uninterrupted call did not succeed, so there is no reference effect to interrupt.",runs/census-v5/hyperbrowser-mcp-dt-census-1.dt.jsonl
hyperbrowser-mcp,npm:hyperbrowser-mcp@1.0.25,13699,crawl_webpages,upstream-idempotency,fail,upstream-write-repeated,"The retry re-sends POST app.hyperbrowser.ai/api/crawl with no idempotency header, and the tool declares no readOnlyHint. Either the retry duplicates a write, or the call is a query and the annotation a gateway would use to know that is missing, both on the live connection and after a reconnect.",runs/census-v5/hyperbrowser-mcp-dt-census-1.dt.jsonl
hyperbrowser-mcp,npm:hyperbrowser-mcp@1.0.25,13699,crawl_webpages,concurrency,skip,call-failed,"No call succeeded even one at a time, so there is no correct behaviour to compare against.",runs/census-v5/hyperbrowser-mcp-dt-census-1.dt.jsonl
hyperbrowser-mcp,npm:hyperbrowser-mcp@1.0.25,13699,create_profile,answer-stability,pass,answer-reproducible,Two identical calls returned identical answers.,runs/census-v5/hyperbrowser-mcp-dt-census-1.dt.jsonl
hyperbrowser-mcp,npm:hyperbrowser-mcp@1.0.25,13699,create_profile,idempotency,skip,no-observable-effect,"A successful call produced no observable state change, so retry safety cannot be decided by this oracle.",runs/census-v5/hyperbrowser-mcp-dt-census-1.dt.jsonl
hyperbrowser-mcp,npm:hyperbrowser-mcp@1.0.25,13699,create_profile,partial-failure,skip,no-observable-effect,"A clean call produced no observable state change, so an interrupted one cannot be judged by this oracle.",runs/census-v5/hyperbrowser-mcp-dt-census-1.dt.jsonl
hyperbrowser-mcp,npm:hyperbrowser-mcp@1.0.25,13699,create_profile,upstream-idempotency,fail,upstream-write-repeated,"The retry re-sends POST app.hyperbrowser.ai/api/profile with no idempotency header, and the tool declares no readOnlyHint. Either the retry duplicates a write, or the call is a query and the annotation a gateway would use to know that is missing, both on the live connection and after a reconnect.",runs/census-v5/hyperbrowser-mcp-dt-census-1.dt.jsonl
hyperbrowser-mcp,npm:hyperbrowser-mcp@1.0.25,13699,create_profile,concurrency,pass,concurrent-matches-sequential,4 overlapping calls left the same shape of state as the same 4 calls run one at a time.,runs/census-v5/hyperbrowser-mcp-dt-census-1.dt.jsonl
hyperbrowser-mcp,npm:hyperbrowser-mcp@1.0.25,13699,delete_profile,answer-stability,pass,answer-reproducible,Two identical calls returned identical answers.,runs/census-v5/hyperbrowser-mcp-dt-census-1.dt.jsonl
hyperbrowser-mcp,npm:hyperbrowser-mcp@1.0.25,13699,delete_profile,idempotency,skip,no-observable-effect,"A successful call produced no observable state change, so retry safety cannot be decided by this oracle.",runs/census-v5/hyperbrowser-mcp-dt-census-1.dt.jsonl
hyperbrowser-mcp,npm:hyperbrowser-mcp@1.0.25,13699,delete_profile,partial-failure,skip,no-observable-effect,"A clean call produced no observable state change, so an interrupted one cannot be judged by this oracle.",runs/census-v5/hyperbrowser-mcp-dt-census-1.dt.jsonl
hyperbrowser-mcp,npm:hyperbrowser-mcp@1.0.25,13699,delete_profile,upstream-idempotency,pass,upstream-method-idempotent,"The retry re-sends DELETE app.hyperbrowser.ai/api/profile/dt-5dad5b, but those methods are idempotent by definition in HTTP, so repeating them leaves the same end state, both on the live connection and after a reconnect.",runs/census-v5/hyperbrowser-mcp-dt-census-1.dt.jsonl
hyperbrowser-mcp,npm:hyperbrowser-mcp@1.0.25,13699,delete_profile,concurrency,pass,concurrent-matches-sequential,4 overlapping calls left the same shape of state as the same 4 calls run one at a time.,runs/census-v5/hyperbrowser-mcp-dt-census-1.dt.jsonl
hyperbrowser-mcp,npm:hyperbrowser-mcp@1.0.25,13699,extract_structured_data,idempotency,skip,call-failed,"The first call did not succeed, so no retry behaviour could be observed.",runs/census-v5/hyperbrowser-mcp-dt-census-1.dt.jsonl
hyperbrowser-mcp,npm:hyperbrowser-mcp@1.0.25,13699,extract_structured_data,partial-failure,skip,call-failed,"An uninterrupted call did not succeed, so there is no reference effect to interrupt.",runs/census-v5/hyperbrowser-mcp-dt-census-1.dt.jsonl
hyperbrowser-mcp,npm:hyperbrowser-mcp@1.0.25,13699,extract_structured_data,upstream-idempotency,fail,upstream-write-repeated,"The retry re-sends POST app.hyperbrowser.ai/api/extract with no idempotency header, and the tool declares no readOnlyHint. Either the retry duplicates a write, or the call is a query and the annotation a gateway would use to know that is missing, both on the live connection and after a reconnect.",runs/census-v5/hyperbrowser-mcp-dt-census-1.dt.jsonl
hyperbrowser-mcp,npm:hyperbrowser-mcp@1.0.25,13699,extract_structured_data,concurrency,skip,call-failed,"No call succeeded even one at a time, so there is no correct behaviour to compare against.",runs/census-v5/hyperbrowser-mcp-dt-census-1.dt.jsonl
hyperbrowser-mcp,npm:hyperbrowser-mcp@1.0.25,13699,list_profiles,answer-stability,pass,answer-reproducible,Two identical calls returned identical answers.,runs/census-v5/hyperbrowser-mcp-dt-census-1.dt.jsonl
hyperbrowser-mcp,npm:hyperbrowser-mcp@1.0.25,13699,list_profiles,idempotency,skip,no-observable-effect,"A successful call produced no observable state change, so retry safety cannot be decided by this oracle.",runs/census-v5/hyperbrowser-mcp-dt-census-1.dt.jsonl
hyperbrowser-mcp,npm:hyperbrowser-mcp@1.0.25,13699,list_profiles,partial-failure,skip,no-observable-effect,"A clean call produced no observable state change, so an interrupted one cannot be judged by this oracle.",runs/census-v5/hyperbrowser-mcp-dt-census-1.dt.jsonl
hyperbrowser-mcp,npm:hyperbrowser-mcp@1.0.25,13699,list_profiles,upstream-idempotency,pass,upstream-reads-only,"The call only reads upstream (GET app.hyperbrowser.ai/api/profiles), so a retry cannot duplicate anything, both on the live connection and after a reconnect.",runs/census-v5/hyperbrowser-mcp-dt-census-1.dt.jsonl
hyperbrowser-mcp,npm:hyperbrowser-mcp@1.0.25,13699,list_profiles,concurrency,skip,no-observable-effect,"Calls succeed but leave nothing this oracle can see, so overlapping them cannot be judged.",runs/census-v5/hyperbrowser-mcp-dt-census-1.dt.jsonl
hyperbrowser-mcp,npm:hyperbrowser-mcp@1.0.25,13699,openai_computer_use_agent,idempotency,skip,call-failed,"The first call did not succeed, so no retry behaviour could be observed.",runs/census-v5/hyperbrowser-mcp-dt-census-1.dt.jsonl
hyperbrowser-mcp,npm:hyperbrowser-mcp@1.0.25,13699,openai_computer_use_agent,partial-failure,skip,call-failed,"An uninterrupted call did not succeed, so there is no reference effect to interrupt.",runs/census-v5/hyperbrowser-mcp-dt-census-1.dt.jsonl
hyperbrowser-mcp,npm:hyperbrowser-mcp@1.0.25,13699,openai_computer_use_agent,upstream-idempotency,fail,upstream-write-repeated,"The retry re-sends POST app.hyperbrowser.ai/api/task/cua with no idempotency header, and the tool declares no readOnlyHint. Either the retry duplicates a write, or the call is a query and the annotation a gateway would use to know that is missing, both on the live connection and after a reconnect.",runs/census-v5/hyperbrowser-mcp-dt-census-1.dt.jsonl
hyperbrowser-mcp,npm:hyperbrowser-mcp@1.0.25,13699,openai_computer_use_agent,concurrency,skip,call-failed,"No call succeeded even one at a time, so there is no correct behaviour to compare against.",runs/census-v5/hyperbrowser-mcp-dt-census-1.dt.jsonl
alibabacloud-devops-mcp-server,npm:alibabacloud-devops-mcp-server@0.3.61,13656,add_host_list_to_deploy_group,idempotency,skip,call-failed,"The first call did not succeed, so no retry behaviour could be observed.",runs/census-v5/alibabacloud-devops-mcp-server-dt-census-1.dt.jsonl
alibabacloud-devops-mcp-server,npm:alibabacloud-devops-mcp-server@0.3.61,13656,add_host_list_to_deploy_group,partial-failure,skip,call-failed,"An uninterrupted call did not succeed, so there is no reference effect to interrupt.",runs/census-v5/alibabacloud-devops-mcp-server-dt-census-1.dt.jsonl
alibabacloud-devops-mcp-server,npm:alibabacloud-devops-mcp-server@0.3.61,13656,add_host_list_to_deploy_group,upstream-idempotency,pass,upstream-method-idempotent,"The retry re-sends PUT <upstream>/oapi/v1/appstack/pools/instances/dt-d41a62/deployGroup/dt-d41a62/addHostList, but those methods are idempotent by definition in HTTP, so repeating them leaves the same end state, both on the live connection and after a reconnect.",runs/census-v5/alibabacloud-devops-mcp-server-dt-census-1.dt.jsonl
alibabacloud-devops-mcp-server,npm:alibabacloud-devops-mcp-server@0.3.61,13656,add_host_list_to_deploy_group,concurrency,skip,call-failed,"No call succeeded even one at a time, so there is no correct behaviour to compare against.",runs/census-v5/alibabacloud-devops-mcp-server-dt-census-1.dt.jsonl
alibabacloud-devops-mcp-server,npm:alibabacloud-devops-mcp-server@0.3.61,13656,add_host_list_to_host_group,idempotency,skip,call-failed,"The first call did not succeed, so no retry behaviour could be observed.",runs/census-v5/alibabacloud-devops-mcp-server-dt-census-1.dt.jsonl
alibabacloud-devops-mcp-server,npm:alibabacloud-devops-mcp-server@0.3.61,13656,add_host_list_to_host_group,partial-failure,skip,call-failed,"An uninterrupted call did not succeed, so there is no reference effect to interrupt.",runs/census-v5/alibabacloud-devops-mcp-server-dt-census-1.dt.jsonl
alibabacloud-devops-mcp-server,npm:alibabacloud-devops-mcp-server@0.3.61,13656,add_host_list_to_host_group,upstream-idempotency,pass,upstream-method-idempotent,"The retry re-sends PUT <upstream>/oapi/v1/appstack/pools/instances/dt-7ea596/addHostList, but those methods are idempotent by definition in HTTP, so repeating them leaves the same end state, both on the live connection and after a reconnect.",runs/census-v5/alibabacloud-devops-mcp-server-dt-census-1.dt.jsonl
alibabacloud-devops-mcp-server,npm:alibabacloud-devops-mcp-server@0.3.61,13656,add_host_list_to_host_group,concurrency,skip,call-failed,"No call succeeded even one at a time, so there is no correct behaviour to compare against.",runs/census-v5/alibabacloud-devops-mcp-server-dt-census-1.dt.jsonl
alibabacloud-devops-mcp-server,npm:alibabacloud-devops-mcp-server@0.3.61,13656,cancel_app_release_stage_execution,answer-stability,pass,answer-reproducible,Two identical calls returned identical answers.,runs/census-v5/alibabacloud-devops-mcp-server-dt-census-1.dt.jsonl
alibabacloud-devops-mcp-server,npm:alibabacloud-devops-mcp-server@0.3.61,13656,cancel_app_release_stage_execution,idempotency,skip,no-observable-effect,"A successful call produced no observable state change, so retry safety cannot be decided by this oracle.",runs/census-v5/alibabacloud-devops-mcp-server-dt-census-1.dt.jsonl
alibabacloud-devops-mcp-server,npm:alibabacloud-devops-mcp-server@0.3.61,13656,cancel_app_release_stage_execution,partial-failure,skip,no-observable-effect,"A clean call produced no observable state change, so an interrupted one cannot be judged by this oracle.",runs/census-v5/alibabacloud-devops-mcp-server-dt-census-1.dt.jsonl
alibabacloud-devops-mcp-server,npm:alibabacloud-devops-mcp-server@0.3.61,13656,cancel_app_release_stage_execution,upstream-idempotency,fail,upstream-write-repeated,"The retry re-sends POST <upstream>/oapi/v1/appstack/apps/dt-1b5b45/releaseWorkflows/dt-1b5b45/releaseStages/dt-1b5b45/executions/dt-1b5b45:cancel with no idempotency header, and the tool declares no readOnlyHint. Either the retry duplicates a write, or the call is a query and the annotation a gateway would use to know that is missing, both on the live connection and after a reconnect.",runs/census-v5/alibabacloud-devops-mcp-server-dt-census-1.dt.jsonl
alibabacloud-devops-mcp-server,npm:alibabacloud-devops-mcp-server@0.3.61,13656,cancel_app_release_stage_execution,concurrency,pass,concurrent-matches-sequential,4 overlapping calls left the same shape of state as the same 4 calls run one at a time.,runs/census-v5/alibabacloud-devops-mcp-server-dt-census-1.dt.jsonl
alibabacloud-devops-mcp-server,npm:alibabacloud-devops-mcp-server@0.3.61,13656,cancel_appstack_change_request,idempotency,skip,call-failed,"The first call did not succeed, so no retry behaviour could be observed.",runs/census-v5/alibabacloud-devops-mcp-server-dt-census-1.dt.jsonl
alibabacloud-devops-mcp-server,npm:alibabacloud-devops-mcp-server@0.3.61,13656,cancel_appstack_change_request,partial-failure,skip,call-failed,"An uninterrupted call did not succeed, so there is no reference effect to interrupt.",runs/census-v5/alibabacloud-devops-mcp-server-dt-census-1.dt.jsonl
alibabacloud-devops-mcp-server,npm:alibabacloud-devops-mcp-server@0.3.61,13656,cancel_appstack_change_request,upstream-idempotency,fail,upstream-write-repeated,"The retry re-sends POST <upstream>/oapi/v1/appstack/apps/dt-5c6efb/changeRequests/dt-5c6efb:cancel with no idempotency header, and the tool declares no readOnlyHint. Either the retry duplicates a write, or the call is a query and the annotation a gateway would use to know that is missing, both on the live connection and after a reconnect.",runs/census-v5/alibabacloud-devops-mcp-server-dt-census-1.dt.jsonl
alibabacloud-devops-mcp-server,npm:alibabacloud-devops-mcp-server@0.3.61,13656,cancel_appstack_change_request,concurrency,skip,call-failed,"No call succeeded even one at a time, so there is no correct behaviour to compare against.",runs/census-v5/alibabacloud-devops-mcp-server-dt-census-1.dt.jsonl
alibabacloud-devops-mcp-server,npm:alibabacloud-devops-mcp-server@0.3.61,13656,close_appstack_change_request,idempotency,skip,call-failed,"The first call did not succeed, so no retry behaviour could be observed.",runs/census-v5/alibabacloud-devops-mcp-server-dt-census-1.dt.jsonl
alibabacloud-devops-mcp-server,npm:alibabacloud-devops-mcp-server@0.3.61,13656,close_appstack_change_request,partial-failure,skip,call-failed,"An uninterrupted call did not succeed, so there is no reference effect to interrupt.",runs/census-v5/alibabacloud-devops-mcp-server-dt-census-1.dt.jsonl
alibabacloud-devops-mcp-server,npm:alibabacloud-devops-mcp-server@0.3.61,13656,close_appstack_change_request,upstream-idempotency,fail,upstream-write-repeated,"The retry re-sends POST <upstream>/oapi/v1/appstack/apps/dt-895667/changeRequests/dt-895667:finish with no idempotency header, and the tool declares no readOnlyHint. Either the retry duplicates a write, or the call is a query and the annotation a gateway would use to know that is missing, both on the live connection and after a reconnect.",runs/census-v5/alibabacloud-devops-mcp-server-dt-census-1.dt.jsonl
alibabacloud-devops-mcp-server,npm:alibabacloud-devops-mcp-server@0.3.61,13656,close_appstack_change_request,concurrency,skip,call-failed,"No call succeeded even one at a time, so there is no correct behaviour to compare against.",runs/census-v5/alibabacloud-devops-mcp-server-dt-census-1.dt.jsonl
alibabacloud-devops-mcp-server,npm:alibabacloud-devops-mcp-server@0.3.61,13656,compare,answer-stability,pass,answer-reproducible,Two identical calls returned identical answers.,runs/census-v5/alibabacloud-devops-mcp-server-dt-census-1.dt.jsonl
alibabacloud-devops-mcp-server,npm:alibabacloud-devops-mcp-server@0.3.61,13656,compare,idempotency,skip,no-observable-effect,"A successful call produced no observable state change, so retry safety cannot be decided by this oracle.",runs/census-v5/alibabacloud-devops-mcp-server-dt-census-1.dt.jsonl
alibabacloud-devops-mcp-server,npm:alibabacloud-devops-mcp-server@0.3.61,13656,compare,partial-failure,skip,no-observable-effect,"A clean call produced no observable state change, so an interrupted one cannot be judged by this oracle.",runs/census-v5/alibabacloud-devops-mcp-server-dt-census-1.dt.jsonl
alibabacloud-devops-mcp-server,npm:alibabacloud-devops-mcp-server@0.3.61,13656,compare,upstream-idempotency,pass,upstream-reads-only,"The call only reads upstream (GET <upstream>/oapi/v1/codeup/repositories/%2Fprivate/compares), so a retry cannot duplicate anything, both on the live connection and after a reconnect.",runs/census-v5/alibabacloud-devops-mcp-server-dt-census-1.dt.jsonl
alibabacloud-devops-mcp-server,npm:alibabacloud-devops-mcp-server@0.3.61,13656,compare,concurrency,skip,no-observable-effect,"Calls succeed but leave nothing this oracle can see, so overlapping them cannot be judged.",runs/census-v5/alibabacloud-devops-mcp-server-dt-census-1.dt.jsonl
alibabacloud-devops-mcp-server,npm:alibabacloud-devops-mcp-server@0.3.61,13656,create_app_orchestration,answer-stability,pass,answer-reproducible,Two identical calls returned identical answers.,runs/census-v5/alibabacloud-devops-mcp-server-dt-census-1.dt.jsonl
alibabacloud-devops-mcp-server,npm:alibabacloud-devops-mcp-server@0.3.61,13656,create_app_orchestration,idempotency,skip,no-observable-effect,"A successful call produced no observable state change, so retry safety cannot be decided by this oracle.",runs/census-v5/alibabacloud-devops-mcp-server-dt-census-1.dt.jsonl
alibabacloud-devops-mcp-server,npm:alibabacloud-devops-mcp-server@0.3.61,13656,create_app_orchestration,partial-failure,skip,no-observable-effect,"A clean call produced no observable state change, so an interrupted one cannot be judged by this oracle.",runs/census-v5/alibabacloud-devops-mcp-server-dt-census-1.dt.jsonl
alibabacloud-devops-mcp-server,npm:alibabacloud-devops-mcp-server@0.3.61,13656,create_app_orchestration,upstream-idempotency,fail,upstream-write-repeated,"The retry re-sends POST <upstream>/oapi/v1/appstack/apps/dt-d2f444/orchestrations with no idempotency header, and the tool declares no readOnlyHint. Either the retry duplicates a write, or the call is a query and the annotation a gateway would use to know that is missing, both on the live connection and after a reconnect.",runs/census-v5/alibabacloud-devops-mcp-server-dt-census-1.dt.jsonl
alibabacloud-devops-mcp-server,npm:alibabacloud-devops-mcp-server@0.3.61,13656,create_app_orchestration,concurrency,pass,concurrent-matches-sequential,4 overlapping calls left the same shape of state as the same 4 calls run one at a time.,runs/census-v5/alibabacloud-devops-mcp-server-dt-census-1.dt.jsonl
alibabacloud-devops-mcp-server,npm:alibabacloud-devops-mcp-server@0.3.61,13656,create_app_tag,idempotency,skip,call-failed,"The first call did not succeed, so no retry behaviour could be observed.",runs/census-v5/alibabacloud-devops-mcp-server-dt-census-1.dt.jsonl
alibabacloud-devops-mcp-server,npm:alibabacloud-devops-mcp-server@0.3.61,13656,create_app_tag,partial-failure,skip,call-failed,"An uninterrupted call did not succeed, so there is no reference effect to interrupt.",runs/census-v5/alibabacloud-devops-mcp-server-dt-census-1.dt.jsonl
alibabacloud-devops-mcp-server,npm:alibabacloud-devops-mcp-server@0.3.61,13656,create_app_tag,upstream-idempotency,fail,upstream-write-repeated,"The retry re-sends POST <upstream>/oapi/v1/appstack/appTags with no idempotency header, and the tool declares no readOnlyHint. Either the retry duplicates a write, or the call is a query and the annotation a gateway would use to know that is missing, both on the live connection and after a reconnect.",runs/census-v5/alibabacloud-devops-mcp-server-dt-census-1.dt.jsonl
alibabacloud-devops-mcp-server,npm:alibabacloud-devops-mcp-server@0.3.61,13656,create_app_tag,concurrency,skip,call-failed,"No call succeeded even one at a time, so there is no correct behaviour to compare against.",runs/census-v5/alibabacloud-devops-mcp-server-dt-census-1.dt.jsonl
@delorenj/mcp-server-trello,npm:@delorenj/mcp-server-trello@1.8.1,13618,add_card_to_list,answer-stability,pass,answer-reproducible,Two identical calls returned identical answers.,runs/census-v5/delorenj-mcp-server-trello-dt-census-1.dt.jsonl
@delorenj/mcp-server-trello,npm:@delorenj/mcp-server-trello@1.8.1,13618,add_card_to_list,idempotency,skip,no-observable-effect,"A successful call produced no observable state change, so retry safety cannot be decided by this oracle.",runs/census-v5/delorenj-mcp-server-trello-dt-census-1.dt.jsonl
@delorenj/mcp-server-trello,npm:@delorenj/mcp-server-trello@1.8.1,13618,add_card_to_list,partial-failure,skip,no-observable-effect,"A clean call produced no observable state change, so an interrupted one cannot be judged by this oracle.",runs/census-v5/delorenj-mcp-server-trello-dt-census-1.dt.jsonl
@delorenj/mcp-server-trello,npm:@delorenj/mcp-server-trello@1.8.1,13618,add_card_to_list,upstream-idempotency,fail,upstream-write-repeated,"The retry re-sends POST api.trello.com/1/cards with no idempotency header, and the tool declares no readOnlyHint. Either the retry duplicates a write, or the call is a query and the annotation a gateway would use to know that is missing, both on the live connection and after a reconnect.",runs/census-v5/delorenj-mcp-server-trello-dt-census-1.dt.jsonl
@delorenj/mcp-server-trello,npm:@delorenj/mcp-server-trello@1.8.1,13618,add_card_to_list,concurrency,pass,concurrent-matches-sequential,4 overlapping calls left the same shape of state as the same 4 calls run one at a time.,runs/census-v5/delorenj-mcp-server-trello-dt-census-1.dt.jsonl
@delorenj/mcp-server-trello,npm:@delorenj/mcp-server-trello@1.8.1,13618,add_cards_to_list,answer-stability,pass,answer-reproducible,Two identical calls returned identical answers.,runs/census-v5/delorenj-mcp-server-trello-dt-census-1.dt.jsonl
@delorenj/mcp-server-trello,npm:@delorenj/mcp-server-trello@1.8.1,13618,add_cards_to_list,idempotency,skip,no-observable-effect,"A successful call produced no observable state change, so retry safety cannot be decided by this oracle.",runs/census-v5/delorenj-mcp-server-trello-dt-census-1.dt.jsonl
@delorenj/mcp-server-trello,npm:@delorenj/mcp-server-trello@1.8.1,13618,add_cards_to_list,partial-failure,skip,no-observable-effect,"A clean call produced no observable state change, so an interrupted one cannot be judged by this oracle.",runs/census-v5/delorenj-mcp-server-trello-dt-census-1.dt.jsonl
@delorenj/mcp-server-trello,npm:@delorenj/mcp-server-trello@1.8.1,13618,add_cards_to_list,upstream-idempotency,fail,upstream-write-repeated,"The retry re-sends POST api.trello.com/1/cards with no idempotency header, and the tool declares no readOnlyHint. Either the retry duplicates a write, or the call is a query and the annotation a gateway would use to know that is missing, both on the live connection and after a reconnect.",runs/census-v5/delorenj-mcp-server-trello-dt-census-1.dt.jsonl
@delorenj/mcp-server-trello,npm:@delorenj/mcp-server-trello@1.8.1,13618,add_cards_to_list,concurrency,pass,concurrent-matches-sequential,4 overlapping calls left the same shape of state as the same 4 calls run one at a time.,runs/census-v5/delorenj-mcp-server-trello-dt-census-1.dt.jsonl
@delorenj/mcp-server-trello,npm:@delorenj/mcp-server-trello@1.8.1,13618,add_checklist_item,idempotency,skip,call-failed,"The first call did not succeed, so no retry behaviour could be observed.",runs/census-v5/delorenj-mcp-server-trello-dt-census-1.dt.jsonl
@delorenj/mcp-server-trello,npm:@delorenj/mcp-server-trello@1.8.1,13618,add_checklist_item,partial-failure,skip,call-failed,"An uninterrupted call did not succeed, so there is no reference effect to interrupt.",runs/census-v5/delorenj-mcp-server-trello-dt-census-1.dt.jsonl
@delorenj/mcp-server-trello,npm:@delorenj/mcp-server-trello@1.8.1,13618,add_checklist_item,upstream-idempotency,skip,no-upstream-call,"The call sent nothing upstream, so there is no remote side effect to retry.",runs/census-v5/delorenj-mcp-server-trello-dt-census-1.dt.jsonl
@delorenj/mcp-server-trello,npm:@delorenj/mcp-server-trello@1.8.1,13618,add_checklist_item,concurrency,skip,call-failed,"No call succeeded even one at a time, so there is no correct behaviour to compare against.",runs/census-v5/delorenj-mcp-server-trello-dt-census-1.dt.jsonl
@delorenj/mcp-server-trello,npm:@delorenj/mcp-server-trello@1.8.1,13618,add_comment,answer-stability,pass,answer-reproducible,Two identical calls returned identical answers.,runs/census-v5/delorenj-mcp-server-trello-dt-census-1.dt.jsonl
@delorenj/mcp-server-trello,npm:@delorenj/mcp-server-trello@1.8.1,13618,add_comment,idempotency,skip,no-observable-effect,"A successful call produced no observable state change, so retry safety cannot be decided by this oracle.",runs/census-v5/delorenj-mcp-server-trello-dt-census-1.dt.jsonl
@delorenj/mcp-server-trello,npm:@delorenj/mcp-server-trello@1.8.1,13618,add_comment,partial-failure,skip,no-observable-effect,"A clean call produced no observable state change, so an interrupted one cannot be judged by this oracle.",runs/census-v5/delorenj-mcp-server-trello-dt-census-1.dt.jsonl
@delorenj/mcp-server-trello,npm:@delorenj/mcp-server-trello@1.8.1,13618,add_comment,upstream-idempotency,fail,upstream-write-repeated,"The retry re-sends POST api.trello.com/1/cards/dt-b6a984/actions/comments with no idempotency header, and the tool declares no readOnlyHint. Either the retry duplicates a write, or the call is a query and the annotation a gateway would use to know that is missing, both on the live connection and after a reconnect.",runs/census-v5/delorenj-mcp-server-trello-dt-census-1.dt.jsonl
@delorenj/mcp-server-trello,npm:@delorenj/mcp-server-trello@1.8.1,13618,add_comment,concurrency,pass,concurrent-matches-sequential,4 overlapping calls left the same shape of state as the same 4 calls run one at a time.,runs/census-v5/delorenj-mcp-server-trello-dt-census-1.dt.jsonl
@delorenj/mcp-server-trello,npm:@delorenj/mcp-server-trello@1.8.1,13618,add_list_to_board,idempotency,skip,call-failed,"The first call did not succeed, so no retry behaviour could be observed.",runs/census-v5/delorenj-mcp-server-trello-dt-census-1.dt.jsonl
@delorenj/mcp-server-trello,npm:@delorenj/mcp-server-trello@1.8.1,13618,add_list_to_board,partial-failure,skip,call-failed,"An uninterrupted call did not succeed, so there is no reference effect to interrupt.",runs/census-v5/delorenj-mcp-server-trello-dt-census-1.dt.jsonl
@delorenj/mcp-server-trello,npm:@delorenj/mcp-server-trello@1.8.1,13618,add_list_to_board,upstream-idempotency,skip,no-upstream-call,"The call sent nothing upstream, so there is no remote side effect to retry.",runs/census-v5/delorenj-mcp-server-trello-dt-census-1.dt.jsonl
@delorenj/mcp-server-trello,npm:@delorenj/mcp-server-trello@1.8.1,13618,add_list_to_board,concurrency,skip,call-failed,"No call succeeded even one at a time, so there is no correct behaviour to compare against.",runs/census-v5/delorenj-mcp-server-trello-dt-census-1.dt.jsonl
@delorenj/mcp-server-trello,npm:@delorenj/mcp-server-trello@1.8.1,13618,archive_card,answer-stability,pass,answer-reproducible,Two identical calls returned identical answers.,runs/census-v5/delorenj-mcp-server-trello-dt-census-1.dt.jsonl
@delorenj/mcp-server-trello,npm:@delorenj/mcp-server-trello@1.8.1,13618,archive_card,idempotency,skip,no-observable-effect,"A successful call produced no observable state change, so retry safety cannot be decided by this oracle.",runs/census-v5/delorenj-mcp-server-trello-dt-census-1.dt.jsonl
@delorenj/mcp-server-trello,npm:@delorenj/mcp-server-trello@1.8.1,13618,archive_card,partial-failure,skip,no-observable-effect,"A clean call produced no observable state change, so an interrupted one cannot be judged by this oracle.",runs/census-v5/delorenj-mcp-server-trello-dt-census-1.dt.jsonl
@delorenj/mcp-server-trello,npm:@delorenj/mcp-server-trello@1.8.1,13618,archive_card,upstream-idempotency,pass,upstream-method-idempotent,"The retry re-sends PUT api.trello.com/1/cards/dt-7bfff6, but those methods are idempotent by definition in HTTP, so repeating them leaves the same end state, both on the live connection and after a reconnect.",runs/census-v5/delorenj-mcp-server-trello-dt-census-1.dt.jsonl
@delorenj/mcp-server-trello,npm:@delorenj/mcp-server-trello@1.8.1,13618,archive_card,concurrency,pass,concurrent-matches-sequential,4 overlapping calls left the same shape of state as the same 4 calls run one at a time.,runs/census-v5/delorenj-mcp-server-trello-dt-census-1.dt.jsonl
@delorenj/mcp-server-trello,npm:@delorenj/mcp-server-trello@1.8.1,13618,archive_list,answer-stability,pass,answer-reproducible,Two identical calls returned identical answers.,runs/census-v5/delorenj-mcp-server-trello-dt-census-1.dt.jsonl
@delorenj/mcp-server-trello,npm:@delorenj/mcp-server-trello@1.8.1,13618,archive_list,idempotency,skip,no-observable-effect,"A successful call produced no observable state change, so retry safety cannot be decided by this oracle.",runs/census-v5/delorenj-mcp-server-trello-dt-census-1.dt.jsonl
@delorenj/mcp-server-trello,npm:@delorenj/mcp-server-trello@1.8.1,13618,archive_list,partial-failure,skip,no-observable-effect,"A clean call produced no observable state change, so an interrupted one cannot be judged by this oracle.",runs/census-v5/delorenj-mcp-server-trello-dt-census-1.dt.jsonl
@delorenj/mcp-server-trello,npm:@delorenj/mcp-server-trello@1.8.1,13618,archive_list,upstream-idempotency,pass,upstream-method-idempotent,"The retry re-sends PUT api.trello.com/1/lists/dt-fac19a/closed, but those methods are idempotent by definition in HTTP, so repeating them leaves the same end state, both on the live connection and after a reconnect.",runs/census-v5/delorenj-mcp-server-trello-dt-census-1.dt.jsonl
@delorenj/mcp-server-trello,npm:@delorenj/mcp-server-trello@1.8.1,13618,archive_list,concurrency,pass,concurrent-matches-sequential,4 overlapping calls left the same shape of state as the same 4 calls run one at a time.,runs/census-v5/delorenj-mcp-server-trello-dt-census-1.dt.jsonl
@delorenj/mcp-server-trello,npm:@delorenj/mcp-server-trello@1.8.1,13618,assign_member_to_card,answer-stability,pass,answer-reproducible,Two identical calls returned identical answers.,runs/census-v5/delorenj-mcp-server-trello-dt-census-1.dt.jsonl
@delorenj/mcp-server-trello,npm:@delorenj/mcp-server-trello@1.8.1,13618,assign_member_to_card,idempotency,skip,no-observable-effect,"A successful call produced no observable state change, so retry safety cannot be decided by this oracle.",runs/census-v5/delorenj-mcp-server-trello-dt-census-1.dt.jsonl
@delorenj/mcp-server-trello,npm:@delorenj/mcp-server-trello@1.8.1,13618,assign_member_to_card,partial-failure,skip,no-observable-effect,"A clean call produced no observable state change, so an interrupted one cannot be judged by this oracle.",runs/census-v5/delorenj-mcp-server-trello-dt-census-1.dt.jsonl
@delorenj/mcp-server-trello,npm:@delorenj/mcp-server-trello@1.8.1,13618,assign_member_to_card,upstream-idempotency,fail,upstream-write-repeated,"The retry re-sends POST api.trello.com/1/cards/dt-a611d0/idMembers with no idempotency header, and the tool declares no readOnlyHint. Either the retry duplicates a write, or the call is a query and the annotation a gateway would use to know that is missing, both on the live connection and after a reconnect.",runs/census-v5/delorenj-mcp-server-trello-dt-census-1.dt.jsonl
@delorenj/mcp-server-trello,npm:@delorenj/mcp-server-trello@1.8.1,13618,assign_member_to_card,concurrency,pass,concurrent-matches-sequential,4 overlapping calls left the same shape of state as the same 4 calls run one at a time.,runs/census-v5/delorenj-mcp-server-trello-dt-census-1.dt.jsonl
@roychri/mcp-server-asana,npm:@roychri/mcp-server-asana@1.8.0,13201,asana_add_project_to_task,answer-stability,pass,answer-reproducible,Two identical calls returned identical answers.,runs/census-v5/roychri-mcp-server-asana-dt-census-1.dt.jsonl
@roychri/mcp-server-asana,npm:@roychri/mcp-server-asana@1.8.0,13201,asana_add_project_to_task,idempotency,skip,no-observable-effect,"A successful call produced no observable state change, so retry safety cannot be decided by this oracle.",runs/census-v5/roychri-mcp-server-asana-dt-census-1.dt.jsonl
@roychri/mcp-server-asana,npm:@roychri/mcp-server-asana@1.8.0,13201,asana_add_project_to_task,partial-failure,skip,no-observable-effect,"A clean call produced no observable state change, so an interrupted one cannot be judged by this oracle.",runs/census-v5/roychri-mcp-server-asana-dt-census-1.dt.jsonl
@roychri/mcp-server-asana,npm:@roychri/mcp-server-asana@1.8.0,13201,asana_add_project_to_task,upstream-idempotency,skip,no-upstream-call,"The call sent nothing upstream, so there is no remote side effect to retry.",runs/census-v5/roychri-mcp-server-asana-dt-census-1.dt.jsonl
@roychri/mcp-server-asana,npm:@roychri/mcp-server-asana@1.8.0,13201,asana_add_project_to_task,concurrency,skip,no-observable-effect,"Calls succeed but leave nothing this oracle can see, so overlapping them cannot be judged.",runs/census-v5/roychri-mcp-server-asana-dt-census-1.dt.jsonl
@roychri/mcp-server-asana,npm:@roychri/mcp-server-asana@1.8.0,13201,asana_add_tag_to_task,answer-stability,pass,answer-reproducible,Two identical calls returned identical answers.,runs/census-v5/roychri-mcp-server-asana-dt-census-1.dt.jsonl
@roychri/mcp-server-asana,npm:@roychri/mcp-server-asana@1.8.0,13201,asana_add_tag_to_task,idempotency,skip,no-observable-effect,"A successful call produced no observable state change, so retry safety cannot be decided by this oracle.",runs/census-v5/roychri-mcp-server-asana-dt-census-1.dt.jsonl
@roychri/mcp-server-asana,npm:@roychri/mcp-server-asana@1.8.0,13201,asana_add_tag_to_task,partial-failure,skip,no-observable-effect,"A clean call produced no observable state change, so an interrupted one cannot be judged by this oracle.",runs/census-v5/roychri-mcp-server-asana-dt-census-1.dt.jsonl
@roychri/mcp-server-asana,npm:@roychri/mcp-server-asana@1.8.0,13201,asana_add_tag_to_task,upstream-idempotency,skip,no-upstream-call,"The call sent nothing upstream, so there is no remote side effect to retry.",runs/census-v5/roychri-mcp-server-asana-dt-census-1.dt.jsonl
@roychri/mcp-server-asana,npm:@roychri/mcp-server-asana@1.8.0,13201,asana_add_tag_to_task,concurrency,skip,no-observable-effect,"Calls succeed but leave nothing this oracle can see, so overlapping them cannot be judged.",runs/census-v5/roychri-mcp-server-asana-dt-census-1.dt.jsonl
@roychri/mcp-server-asana,npm:@roychri/mcp-server-asana@1.8.0,13201,asana_add_task_dependencies,answer-stability,pass,answer-reproducible,Two identical calls returned identical answers.,runs/census-v5/roychri-mcp-server-asana-dt-census-1.dt.jsonl
@roychri/mcp-server-asana,npm:@roychri/mcp-server-asana@1.8.0,13201,asana_add_task_dependencies,idempotency,skip,no-observable-effect,"A successful call produced no observable state change, so retry safety cannot be decided by this oracle.",runs/census-v5/roychri-mcp-server-asana-dt-census-1.dt.jsonl
@roychri/mcp-server-asana,npm:@roychri/mcp-server-asana@1.8.0,13201,asana_add_task_dependencies,partial-failure,skip,no-observable-effect,"A clean call produced no observable state change, so an interrupted one cannot be judged by this oracle.",runs/census-v5/roychri-mcp-server-asana-dt-census-1.dt.jsonl
@roychri/mcp-server-asana,npm:@roychri/mcp-server-asana@1.8.0,13201,asana_add_task_dependencies,upstream-idempotency,skip,no-upstream-call,"The call sent nothing upstream, so there is no remote side effect to retry.",runs/census-v5/roychri-mcp-server-asana-dt-census-1.dt.jsonl
@roychri/mcp-server-asana,npm:@roychri/mcp-server-asana@1.8.0,13201,asana_add_task_dependencies,concurrency,skip,no-observable-effect,"Calls succeed but leave nothing this oracle can see, so overlapping them cannot be judged.",runs/census-v5/roychri-mcp-server-asana-dt-census-1.dt.jsonl
@roychri/mcp-server-asana,npm:@roychri/mcp-server-asana@1.8.0,13201,asana_add_task_dependents,answer-stability,pass,answer-reproducible,Two identical calls returned identical answers.,runs/census-v5/roychri-mcp-server-asana-dt-census-1.dt.jsonl
@roychri/mcp-server-asana,npm:@roychri/mcp-server-asana@1.8.0,13201,asana_add_task_dependents,idempotency,skip,no-observable-effect,"A successful call produced no observable state change, so retry safety cannot be decided by this oracle.",runs/census-v5/roychri-mcp-server-asana-dt-census-1.dt.jsonl
@roychri/mcp-server-asana,npm:@roychri/mcp-server-asana@1.8.0,13201,asana_add_task_dependents,partial-failure,skip,no-observable-effect,"A clean call produced no observable state change, so an interrupted one cannot be judged by this oracle.",runs/census-v5/roychri-mcp-server-asana-dt-census-1.dt.jsonl
@roychri/mcp-server-asana,npm:@roychri/mcp-server-asana@1.8.0,13201,asana_add_task_dependents,upstream-idempotency,skip,no-upstream-call,"The call sent nothing upstream, so there is no remote side effect to retry.",runs/census-v5/roychri-mcp-server-asana-dt-census-1.dt.jsonl
@roychri/mcp-server-asana,npm:@roychri/mcp-server-asana@1.8.0,13201,asana_add_task_dependents,concurrency,skip,no-observable-effect,"Calls succeed but leave nothing this oracle can see, so overlapping them cannot be judged.",runs/census-v5/roychri-mcp-server-asana-dt-census-1.dt.jsonl
@roychri/mcp-server-asana,npm:@roychri/mcp-server-asana@1.8.0,13201,asana_add_task_to_section,answer-stability,pass,answer-reproducible,Two identical calls returned identical answers.,runs/census-v5/roychri-mcp-server-asana-dt-census-1.dt.jsonl
@roychri/mcp-server-asana,npm:@roychri/mcp-server-asana@1.8.0,13201,asana_add_task_to_section,idempotency,skip,no-observable-effect,"A successful call produced no observable state change, so retry safety cannot be decided by this oracle.",runs/census-v5/roychri-mcp-server-asana-dt-census-1.dt.jsonl
@roychri/mcp-server-asana,npm:@roychri/mcp-server-asana@1.8.0,13201,asana_add_task_to_section,partial-failure,skip,no-observable-effect,"A clean call produced no observable state change, so an interrupted one cannot be judged by this oracle.",runs/census-v5/roychri-mcp-server-asana-dt-census-1.dt.jsonl
@roychri/mcp-server-asana,npm:@roychri/mcp-server-asana@1.8.0,13201,asana_add_task_to_section,upstream-idempotency,skip,no-upstream-call,"The call sent nothing upstream, so there is no remote side effect to retry.",runs/census-v5/roychri-mcp-server-asana-dt-census-1.dt.jsonl
@roychri/mcp-server-asana,npm:@roychri/mcp-server-asana@1.8.0,13201,asana_add_task_to_section,concurrency,skip,no-observable-effect,"Calls succeed but leave nothing this oracle can see, so overlapping them cannot be judged.",runs/census-v5/roychri-mcp-server-asana-dt-census-1.dt.jsonl
@roychri/mcp-server-asana,npm:@roychri/mcp-server-asana@1.8.0,13201,asana_create_project,answer-stability,pass,answer-reproducible,Two identical calls returned identical answers.,runs/census-v5/roychri-mcp-server-asana-dt-census-1.dt.jsonl
@roychri/mcp-server-asana,npm:@roychri/mcp-server-asana@1.8.0,13201,asana_create_project,idempotency,skip,no-observable-effect,"A successful call produced no observable state change, so retry safety cannot be decided by this oracle.",runs/census-v5/roychri-mcp-server-asana-dt-census-1.dt.jsonl
@roychri/mcp-server-asana,npm:@roychri/mcp-server-asana@1.8.0,13201,asana_create_project,partial-failure,skip,no-observable-effect,"A clean call produced no observable state change, so an interrupted one cannot be judged by this oracle.",runs/census-v5/roychri-mcp-server-asana-dt-census-1.dt.jsonl
@roychri/mcp-server-asana,npm:@roychri/mcp-server-asana@1.8.0,13201,asana_create_project,upstream-idempotency,skip,no-upstream-call,"The call sent nothing upstream, so there is no remote side effect to retry.",runs/census-v5/roychri-mcp-server-asana-dt-census-1.dt.jsonl
@roychri/mcp-server-asana,npm:@roychri/mcp-server-asana@1.8.0,13201,asana_create_project,concurrency,skip,no-observable-effect,"Calls succeed but leave nothing this oracle can see, so overlapping them cannot be judged.",runs/census-v5/roychri-mcp-server-asana-dt-census-1.dt.jsonl
@roychri/mcp-server-asana,npm:@roychri/mcp-server-asana@1.8.0,13201,asana_create_project_status,answer-stability,pass,answer-reproducible,Two identical calls returned identical answers.,runs/census-v5/roychri-mcp-server-asana-dt-census-1.dt.jsonl
@roychri/mcp-server-asana,npm:@roychri/mcp-server-asana@1.8.0,13201,asana_create_project_status,idempotency,skip,no-observable-effect,"A successful call produced no observable state change, so retry safety cannot be decided by this oracle.",runs/census-v5/roychri-mcp-server-asana-dt-census-1.dt.jsonl
@roychri/mcp-server-asana,npm:@roychri/mcp-server-asana@1.8.0,13201,asana_create_project_status,partial-failure,skip,no-observable-effect,"A clean call produced no observable state change, so an interrupted one cannot be judged by this oracle.",runs/census-v5/roychri-mcp-server-asana-dt-census-1.dt.jsonl
@roychri/mcp-server-asana,npm:@roychri/mcp-server-asana@1.8.0,13201,asana_create_project_status,upstream-idempotency,skip,no-upstream-call,"The call sent nothing upstream, so there is no remote side effect to retry.",runs/census-v5/roychri-mcp-server-asana-dt-census-1.dt.jsonl
@roychri/mcp-server-asana,npm:@roychri/mcp-server-asana@1.8.0,13201,asana_create_project_status,concurrency,skip,no-observable-effect,"Calls succeed but leave nothing this oracle can see, so overlapping them cannot be judged.",runs/census-v5/roychri-mcp-server-asana-dt-census-1.dt.jsonl
@roychri/mcp-server-asana,npm:@roychri/mcp-server-asana@1.8.0,13201,asana_create_section,answer-stability,pass,answer-reproducible,Two identical calls returned identical answers.,runs/census-v5/roychri-mcp-server-asana-dt-census-1.dt.jsonl
@roychri/mcp-server-asana,npm:@roychri/mcp-server-asana@1.8.0,13201,asana_create_section,idempotency,skip,no-observable-effect,"A successful call produced no observable state change, so retry safety cannot be decided by this oracle.",runs/census-v5/roychri-mcp-server-asana-dt-census-1.dt.jsonl
@roychri/mcp-server-asana,npm:@roychri/mcp-server-asana@1.8.0,13201,asana_create_section,partial-failure,skip,no-observable-effect,"A clean call produced no observable state change, so an interrupted one cannot be judged by this oracle.",runs/census-v5/roychri-mcp-server-asana-dt-census-1.dt.jsonl
@roychri/mcp-server-asana,npm:@roychri/mcp-server-asana@1.8.0,13201,asana_create_section,upstream-idempotency,skip,no-upstream-call,"The call sent nothing upstream, so there is no remote side effect to retry.",runs/census-v5/roychri-mcp-server-asana-dt-census-1.dt.jsonl
@roychri/mcp-server-asana,npm:@roychri/mcp-server-asana@1.8.0,13201,asana_create_section,concurrency,skip,no-observable-effect,"Calls succeed but leave nothing this oracle can see, so overlapping them cannot be judged.",runs/census-v5/roychri-mcp-server-asana-dt-census-1.dt.jsonl
@arizeai/phoenix-mcp,npm:@arizeai/phoenix-mcp@4.3.7,13147,add-dataset-examples,idempotency,skip,call-failed,"The first call did not succeed, so no retry behaviour could be observed.",runs/census-v5/arizeai-phoenix-mcp-dt-census-1.dt.jsonl
@arizeai/phoenix-mcp,npm:@arizeai/phoenix-mcp@4.3.7,13147,add-dataset-examples,partial-failure,skip,call-failed,"An uninterrupted call did not succeed, so there is no reference effect to interrupt.",runs/census-v5/arizeai-phoenix-mcp-dt-census-1.dt.jsonl
@arizeai/phoenix-mcp,npm:@arizeai/phoenix-mcp@4.3.7,13147,add-dataset-examples,upstream-idempotency,fail,upstream-write-repeated,"The retry re-sends POST localhost:6006/v1/datasets/upload with no idempotency header, and the tool declares no readOnlyHint. Either the retry duplicates a write, or the call is a query and the annotation a gateway would use to know that is missing, both on the live connection and after a reconnect.",runs/census-v5/arizeai-phoenix-mcp-dt-census-1.dt.jsonl
@arizeai/phoenix-mcp,npm:@arizeai/phoenix-mcp@4.3.7,13147,add-dataset-examples,concurrency,skip,call-failed,"No call succeeded even one at a time, so there is no correct behaviour to compare against.",runs/census-v5/arizeai-phoenix-mcp-dt-census-1.dt.jsonl
@arizeai/phoenix-mcp,npm:@arizeai/phoenix-mcp@4.3.7,13147,add-prompt-version-tag,answer-stability,pass,answer-reproducible,Two identical calls returned identical answers.,runs/census-v5/arizeai-phoenix-mcp-dt-census-1.dt.jsonl
@arizeai/phoenix-mcp,npm:@arizeai/phoenix-mcp@4.3.7,13147,add-prompt-version-tag,idempotency,skip,no-observable-effect,"A successful call produced no observable state change, so retry safety cannot be decided by this oracle.",runs/census-v5/arizeai-phoenix-mcp-dt-census-1.dt.jsonl
@arizeai/phoenix-mcp,npm:@arizeai/phoenix-mcp@4.3.7,13147,add-prompt-version-tag,partial-failure,skip,no-observable-effect,"A clean call produced no observable state change, so an interrupted one cannot be judged by this oracle.",runs/census-v5/arizeai-phoenix-mcp-dt-census-1.dt.jsonl
@arizeai/phoenix-mcp,npm:@arizeai/phoenix-mcp@4.3.7,13147,add-prompt-version-tag,upstream-idempotency,fail,upstream-write-repeated,"The retry re-sends POST localhost:6006/v1/prompt_versions/dt-5f616e/tags with no idempotency header, and the tool declares no readOnlyHint. Either the retry duplicates a write, or the call is a query and the annotation a gateway would use to know that is missing, both on the live connection and after a reconnect.",runs/census-v5/arizeai-phoenix-mcp-dt-census-1.dt.jsonl
@arizeai/phoenix-mcp,npm:@arizeai/phoenix-mcp@4.3.7,13147,add-prompt-version-tag,concurrency,pass,concurrent-matches-sequential,4 overlapping calls left the same shape of state as the same 4 calls run one at a time.,runs/census-v5/arizeai-phoenix-mcp-dt-census-1.dt.jsonl
@arizeai/phoenix-mcp,npm:@arizeai/phoenix-mcp@4.3.7,13147,get-dataset,idempotency,skip,call-failed,"The first call did not succeed, so no retry behaviour could be observed.",runs/census-v5/arizeai-phoenix-mcp-dt-census-1.dt.jsonl
@arizeai/phoenix-mcp,npm:@arizeai/phoenix-mcp@4.3.7,13147,get-dataset,partial-failure,skip,call-failed,"An uninterrupted call did not succeed, so there is no reference effect to interrupt.",runs/census-v5/arizeai-phoenix-mcp-dt-census-1.dt.jsonl
@arizeai/phoenix-mcp,npm:@arizeai/phoenix-mcp@4.3.7,13147,get-dataset,upstream-idempotency,skip,no-upstream-call,"The call sent nothing upstream, so there is no remote side effect to retry.",runs/census-v5/arizeai-phoenix-mcp-dt-census-1.dt.jsonl
@arizeai/phoenix-mcp,npm:@arizeai/phoenix-mcp@4.3.7,13147,get-dataset,concurrency,skip,call-failed,"No call succeeded even one at a time, so there is no correct behaviour to compare against.",runs/census-v5/arizeai-phoenix-mcp-dt-census-1.dt.jsonl
@arizeai/phoenix-mcp,npm:@arizeai/phoenix-mcp@4.3.7,13147,get-dataset-examples,idempotency,skip,call-failed,"The first call did not succeed, so no retry behaviour could be observed.",runs/census-v5/arizeai-phoenix-mcp-dt-census-1.dt.jsonl
@arizeai/phoenix-mcp,npm:@arizeai/phoenix-mcp@4.3.7,13147,get-dataset-examples,partial-failure,skip,call-failed,"An uninterrupted call did not succeed, so there is no reference effect to interrupt.",runs/census-v5/arizeai-phoenix-mcp-dt-census-1.dt.jsonl
@arizeai/phoenix-mcp,npm:@arizeai/phoenix-mcp@4.3.7,13147,get-dataset-examples,upstream-idempotency,skip,no-upstream-call,"The call sent nothing upstream, so there is no remote side effect to retry.",runs/census-v5/arizeai-phoenix-mcp-dt-census-1.dt.jsonl
@arizeai/phoenix-mcp,npm:@arizeai/phoenix-mcp@4.3.7,13147,get-dataset-examples,concurrency,skip,call-failed,"No call succeeded even one at a time, so there is no correct behaviour to compare against.",runs/census-v5/arizeai-phoenix-mcp-dt-census-1.dt.jsonl
@arizeai/phoenix-mcp,npm:@arizeai/phoenix-mcp@4.3.7,13147,get-dataset-experiments,idempotency,skip,call-failed,"The first call did not succeed, so no retry behaviour could be observed.",runs/census-v5/arizeai-phoenix-mcp-dt-census-1.dt.jsonl
@arizeai/phoenix-mcp,npm:@arizeai/phoenix-mcp@4.3.7,13147,get-dataset-experiments,partial-failure,skip,call-failed,"An uninterrupted call did not succeed, so there is no reference effect to interrupt.",runs/census-v5/arizeai-phoenix-mcp-dt-census-1.dt.jsonl
@arizeai/phoenix-mcp,npm:@arizeai/phoenix-mcp@4.3.7,13147,get-dataset-experiments,upstream-idempotency,skip,no-upstream-call,"The call sent nothing upstream, so there is no remote side effect to retry.",runs/census-v5/arizeai-phoenix-mcp-dt-census-1.dt.jsonl
@arizeai/phoenix-mcp,npm:@arizeai/phoenix-mcp@4.3.7,13147,get-dataset-experiments,concurrency,skip,call-failed,"No call succeeded even one at a time, so there is no correct behaviour to compare against.",runs/census-v5/arizeai-phoenix-mcp-dt-census-1.dt.jsonl
@arizeai/phoenix-mcp,npm:@arizeai/phoenix-mcp@4.3.7,13147,get-experiment-by-id,answer-stability,pass,answer-reproducible,Two identical calls returned identical answers.,runs/census-v5/arizeai-phoenix-mcp-dt-census-1.dt.jsonl
@arizeai/phoenix-mcp,npm:@arizeai/phoenix-mcp@4.3.7,13147,get-experiment-by-id,idempotency,skip,no-observable-effect,"A successful call produced no observable state change, so retry safety cannot be decided by this oracle.",runs/census-v5/arizeai-phoenix-mcp-dt-census-1.dt.jsonl
@arizeai/phoenix-mcp,npm:@arizeai/phoenix-mcp@4.3.7,13147,get-experiment-by-id,partial-failure,skip,no-observable-effect,"A clean call produced no observable state change, so an interrupted one cannot be judged by this oracle.",runs/census-v5/arizeai-phoenix-mcp-dt-census-1.dt.jsonl
@arizeai/phoenix-mcp,npm:@arizeai/phoenix-mcp@4.3.7,13147,get-experiment-by-id,upstream-idempotency,pass,upstream-reads-only,"The call only reads upstream (GET localhost:6006/v1/experiments/dt-cffb26, GET localhost:6006/v1/experiments/dt-cffb26/json), so a retry cannot duplicate anything, both on the live connection and after a reconnect.",runs/census-v5/arizeai-phoenix-mcp-dt-census-1.dt.jsonl
@arizeai/phoenix-mcp,npm:@arizeai/phoenix-mcp@4.3.7,13147,get-experiment-by-id,concurrency,skip,no-observable-effect,"Calls succeed but leave nothing this oracle can see, so overlapping them cannot be judged.",runs/census-v5/arizeai-phoenix-mcp-dt-census-1.dt.jsonl
@arizeai/phoenix-mcp,npm:@arizeai/phoenix-mcp@4.3.7,13147,get-latest-prompt,idempotency,skip,call-failed,"The first call did not succeed, so no retry behaviour could be observed.",runs/census-v5/arizeai-phoenix-mcp-dt-census-1.dt.jsonl
@arizeai/phoenix-mcp,npm:@arizeai/phoenix-mcp@4.3.7,13147,get-latest-prompt,partial-failure,skip,call-failed,"An uninterrupted call did not succeed, so there is no reference effect to interrupt.",runs/census-v5/arizeai-phoenix-mcp-dt-census-1.dt.jsonl
@arizeai/phoenix-mcp,npm:@arizeai/phoenix-mcp@4.3.7,13147,get-latest-prompt,upstream-idempotency,pass,upstream-reads-only,"The call only reads upstream (GET localhost:6006/v1/prompts/dt-9f1cd1/latest), so a retry cannot duplicate anything, both on the live connection and after a reconnect.",runs/census-v5/arizeai-phoenix-mcp-dt-census-1.dt.jsonl
@arizeai/phoenix-mcp,npm:@arizeai/phoenix-mcp@4.3.7,13147,get-latest-prompt,concurrency,skip,call-failed,"No call succeeded even one at a time, so there is no correct behaviour to compare against.",runs/census-v5/arizeai-phoenix-mcp-dt-census-1.dt.jsonl
@arizeai/phoenix-mcp,npm:@arizeai/phoenix-mcp@4.3.7,13147,get-project,idempotency,skip,call-failed,"The first call did not succeed, so no retry behaviour could be observed.",runs/census-v5/arizeai-phoenix-mcp-dt-census-1.dt.jsonl
@arizeai/phoenix-mcp,npm:@arizeai/phoenix-mcp@4.3.7,13147,get-project,partial-failure,skip,call-failed,"An uninterrupted call did not succeed, so there is no reference effect to interrupt.",runs/census-v5/arizeai-phoenix-mcp-dt-census-1.dt.jsonl
@arizeai/phoenix-mcp,npm:@arizeai/phoenix-mcp@4.3.7,13147,get-project,upstream-idempotency,pass,upstream-reads-only,"The call only reads upstream (GET localhost:6006/v1/projects/dt-2558d9), so a retry cannot duplicate anything, both on the live connection and after a reconnect.",runs/census-v5/arizeai-phoenix-mcp-dt-census-1.dt.jsonl
@arizeai/phoenix-mcp,npm:@arizeai/phoenix-mcp@4.3.7,13147,get-project,concurrency,skip,call-failed,"No call succeeded even one at a time, so there is no correct behaviour to compare against.",runs/census-v5/arizeai-phoenix-mcp-dt-census-1.dt.jsonl
@vizejs/musea-mcp-server,npm:@vizejs/musea-mcp-server@0.390.0,13031,analyze_component,idempotency,skip,call-failed,"The first call did not succeed, so no retry behaviour could be observed.",runs/census-v5/vizejs-musea-mcp-server-dt-census-1.dt.jsonl
@vizejs/musea-mcp-server,npm:@vizejs/musea-mcp-server@0.390.0,13031,analyze_component,partial-failure,skip,call-failed,"An uninterrupted call did not succeed, so there is no reference effect to interrupt.",runs/census-v5/vizejs-musea-mcp-server-dt-census-1.dt.jsonl
@vizejs/musea-mcp-server,npm:@vizejs/musea-mcp-server@0.390.0,13031,analyze_component,upstream-idempotency,skip,no-upstream-call,"The call sent nothing upstream, so there is no remote side effect to retry.",runs/census-v5/vizejs-musea-mcp-server-dt-census-1.dt.jsonl
@vizejs/musea-mcp-server,npm:@vizejs/musea-mcp-server@0.390.0,13031,analyze_component,concurrency,skip,call-failed,"No call succeeded even one at a time, so there is no correct behaviour to compare against.",runs/census-v5/vizejs-musea-mcp-server-dt-census-1.dt.jsonl
@vizejs/musea-mcp-server,npm:@vizejs/musea-mcp-server@0.390.0,13031,generate_catalog,answer-stability,pass,answer-reproducible,Two identical calls returned identical answers.,runs/census-v5/vizejs-musea-mcp-server-dt-census-1.dt.jsonl
@vizejs/musea-mcp-server,npm:@vizejs/musea-mcp-server@0.390.0,13031,generate_catalog,idempotency,skip,no-observable-effect,"A successful call produced no observable state change, so retry safety cannot be decided by this oracle.",runs/census-v5/vizejs-musea-mcp-server-dt-census-1.dt.jsonl
@vizejs/musea-mcp-server,npm:@vizejs/musea-mcp-server@0.390.0,13031,generate_catalog,partial-failure,skip,no-observable-effect,"A clean call produced no observable state change, so an interrupted one cannot be judged by this oracle.",runs/census-v5/vizejs-musea-mcp-server-dt-census-1.dt.jsonl
@vizejs/musea-mcp-server,npm:@vizejs/musea-mcp-server@0.390.0,13031,generate_catalog,upstream-idempotency,skip,no-upstream-call,"The call sent nothing upstream, so there is no remote side effect to retry.",runs/census-v5/vizejs-musea-mcp-server-dt-census-1.dt.jsonl
@vizejs/musea-mcp-server,npm:@vizejs/musea-mcp-server@0.390.0,13031,generate_catalog,concurrency,skip,no-observable-effect,"Calls succeed but leave nothing this oracle can see, so overlapping them cannot be judged.",runs/census-v5/vizejs-musea-mcp-server-dt-census-1.dt.jsonl
@vizejs/musea-mcp-server,npm:@vizejs/musea-mcp-server@0.390.0,13031,generate_csf,idempotency,skip,call-failed,"The first call did not succeed, so no retry behaviour could be observed.",runs/census-v5/vizejs-musea-mcp-server-dt-census-1.dt.jsonl
@vizejs/musea-mcp-server,npm:@vizejs/musea-mcp-server@0.390.0,13031,generate_csf,partial-failure,skip,call-failed,"An uninterrupted call did not succeed, so there is no reference effect to interrupt.",runs/census-v5/vizejs-musea-mcp-server-dt-census-1.dt.jsonl
@vizejs/musea-mcp-server,npm:@vizejs/musea-mcp-server@0.390.0,13031,generate_csf,upstream-idempotency,skip,no-upstream-call,"The call sent nothing upstream, so there is no remote side effect to retry.",runs/census-v5/vizejs-musea-mcp-server-dt-census-1.dt.jsonl
@vizejs/musea-mcp-server,npm:@vizejs/musea-mcp-server@0.390.0,13031,generate_csf,concurrency,skip,call-failed,"No call succeeded even one at a time, so there is no correct behaviour to compare against.",runs/census-v5/vizejs-musea-mcp-server-dt-census-1.dt.jsonl
@vizejs/musea-mcp-server,npm:@vizejs/musea-mcp-server@0.390.0,13031,generate_docs,idempotency,skip,call-failed,"The first call did not succeed, so no retry behaviour could be observed.",runs/census-v5/vizejs-musea-mcp-server-dt-census-1.dt.jsonl
@vizejs/musea-mcp-server,npm:@vizejs/musea-mcp-server@0.390.0,13031,generate_docs,partial-failure,skip,call-failed,"An uninterrupted call did not succeed, so there is no reference effect to interrupt.",runs/census-v5/vizejs-musea-mcp-server-dt-census-1.dt.jsonl
@vizejs/musea-mcp-server,npm:@vizejs/musea-mcp-server@0.390.0,13031,generate_docs,upstream-idempotency,skip,no-upstream-call,"The call sent nothing upstream, so there is no remote side effect to retry.",runs/census-v5/vizejs-musea-mcp-server-dt-census-1.dt.jsonl
@vizejs/musea-mcp-server,npm:@vizejs/musea-mcp-server@0.390.0,13031,generate_docs,concurrency,skip,call-failed,"No call succeeded even one at a time, so there is no correct behaviour to compare against.",runs/census-v5/vizejs-musea-mcp-server-dt-census-1.dt.jsonl
@vizejs/musea-mcp-server,npm:@vizejs/musea-mcp-server@0.390.0,13031,generate_variants,idempotency,skip,call-failed,"The first call did not succeed, so no retry behaviour could be observed.",runs/census-v5/vizejs-musea-mcp-server-dt-census-1.dt.jsonl
@vizejs/musea-mcp-server,npm:@vizejs/musea-mcp-server@0.390.0,13031,generate_variants,partial-failure,skip,call-failed,"An uninterrupted call did not succeed, so there is no reference effect to interrupt.",runs/census-v5/vizejs-musea-mcp-server-dt-census-1.dt.jsonl
@vizejs/musea-mcp-server,npm:@vizejs/musea-mcp-server@0.390.0,13031,generate_variants,upstream-idempotency,skip,no-upstream-call,"The call sent nothing upstream, so there is no remote side effect to retry.",runs/census-v5/vizejs-musea-mcp-server-dt-census-1.dt.jsonl
@vizejs/musea-mcp-server,npm:@vizejs/musea-mcp-server@0.390.0,13031,generate_variants,concurrency,skip,call-failed,"No call succeeded even one at a time, so there is no correct behaviour to compare against.",runs/census-v5/vizejs-musea-mcp-server-dt-census-1.dt.jsonl
@vizejs/musea-mcp-server,npm:@vizejs/musea-mcp-server@0.390.0,13031,get_component,idempotency,skip,call-failed,"The first call did not succeed, so no retry behaviour could be observed.",runs/census-v5/vizejs-musea-mcp-server-dt-census-1.dt.jsonl
@vizejs/musea-mcp-server,npm:@vizejs/musea-mcp-server@0.390.0,13031,get_component,partial-failure,skip,call-failed,"An uninterrupted call did not succeed, so there is no reference effect to interrupt.",runs/census-v5/vizejs-musea-mcp-server-dt-census-1.dt.jsonl
@vizejs/musea-mcp-server,npm:@vizejs/musea-mcp-server@0.390.0,13031,get_component,upstream-idempotency,skip,no-upstream-call,"The call sent nothing upstream, so there is no remote side effect to retry.",runs/census-v5/vizejs-musea-mcp-server-dt-census-1.dt.jsonl
@vizejs/musea-mcp-server,npm:@vizejs/musea-mcp-server@0.390.0,13031,get_component,concurrency,skip,call-failed,"No call succeeded even one at a time, so there is no correct behaviour to compare against.",runs/census-v5/vizejs-musea-mcp-server-dt-census-1.dt.jsonl
@vizejs/musea-mcp-server,npm:@vizejs/musea-mcp-server@0.390.0,13031,get_palette,idempotency,skip,call-failed,"The first call did not succeed, so no retry behaviour could be observed.",runs/census-v5/vizejs-musea-mcp-server-dt-census-1.dt.jsonl
@vizejs/musea-mcp-server,npm:@vizejs/musea-mcp-server@0.390.0,13031,get_palette,partial-failure,skip,call-failed,"An uninterrupted call did not succeed, so there is no reference effect to interrupt.",runs/census-v5/vizejs-musea-mcp-server-dt-census-1.dt.jsonl
@vizejs/musea-mcp-server,npm:@vizejs/musea-mcp-server@0.390.0,13031,get_palette,upstream-idempotency,skip,no-upstream-call,"The call sent nothing upstream, so there is no remote side effect to retry.",runs/census-v5/vizejs-musea-mcp-server-dt-census-1.dt.jsonl
@vizejs/musea-mcp-server,npm:@vizejs/musea-mcp-server@0.390.0,13031,get_palette,concurrency,skip,call-failed,"No call succeeded even one at a time, so there is no correct behaviour to compare against.",runs/census-v5/vizejs-musea-mcp-server-dt-census-1.dt.jsonl
@vizejs/musea-mcp-server,npm:@vizejs/musea-mcp-server@0.390.0,13031,get_tokens,idempotency,skip,call-failed,"The first call did not succeed, so no retry behaviour could be observed.",runs/census-v5/vizejs-musea-mcp-server-dt-census-1.dt.jsonl
@vizejs/musea-mcp-server,npm:@vizejs/musea-mcp-server@0.390.0,13031,get_tokens,partial-failure,skip,call-failed,"An uninterrupted call did not succeed, so there is no reference effect to interrupt.",runs/census-v5/vizejs-musea-mcp-server-dt-census-1.dt.jsonl
@vizejs/musea-mcp-server,npm:@vizejs/musea-mcp-server@0.390.0,13031,get_tokens,upstream-idempotency,skip,no-upstream-call,"The call sent nothing upstream, so there is no remote side effect to retry.",runs/census-v5/vizejs-musea-mcp-server-dt-census-1.dt.jsonl
@vizejs/musea-mcp-server,npm:@vizejs/musea-mcp-server@0.390.0,13031,get_tokens,concurrency,skip,call-failed,"No call succeeded even one at a time, so there is no correct behaviour to compare against.",runs/census-v5/vizejs-musea-mcp-server-dt-census-1.dt.jsonl